gene,control_mean,treatment_mean,log2FC,p_value,neg_log10_p,regulation
b1499,0.24089470899999993,5.946426547,5.705531838,0.00012612843074598696,3.899187007603104,up
b2573,0.6698546595000003,1.286447967500001,0.6165933080000006,0.00015214797524503733,3.8177338227718574,ns
b2085,1.6243804929999999,7.53622813,5.911847636999999,0.00017234670963232565,3.763597003536365,up
b4033,-0.8260534744999997,-1.9952640984999999,-1.1692106240000002,0.0002736448335774347,3.562812746936759,down
b2254,0.0940082644999997,1.6864564309999999,1.5924481665,0.00027493932871168117,3.5607631320343667,up
b2373,0.30968490949999994,5.947299306,5.6376143965,0.0003177337772335667,3.4979366142996904,up
b3728,0.20102654349999977,0.48053085450000044,0.27950431100000067,0.000429260820399616,3.3672787487456883,ns
b2824,0.255081372,-0.1895554539999999,-0.4446368259999999,0.0004298084049454914,3.366725096090371,ns
b0753,0.30198269749999973,1.1428748245000002,0.8408921270000005,0.000459951947980813,3.3372875374854614,ns
b2284,0.8213529140000002,1.0833986940000004,0.26204578000000023,0.0005521350517818058,3.2579546812021793,ns
b2881,0.0988097209999996,0.3056349119999999,0.20682519100000032,0.0005566255564513259,3.254436857701961,ns
b1227,-1.083208371,0.7293488655,1.8125572365,0.0005927346295997817,3.227139699039438,up
b0557,0.0787535414999993,-0.5560467480000009,-0.6348002895000002,0.0005951928932494276,3.2253422630149062,ns
b3517,0.38981958899999913,1.7682806324999998,1.3784610435000006,0.0006375677538327148,3.1954736563024335,up
b2988,-0.2559209570000007,0.14024630199999905,0.39616725899999977,0.0006484302696543378,3.1881367198614505,ns
b1662,0.6185237640000008,0.8106618875000002,0.19213812349999948,0.000652694978775261,3.185289728346745,ns
b2267,0.01852440350000025,0.20493783899999934,0.1864134354999991,0.0006862065307873947,3.16354515297843,ns
b3088,-0.2126337220000003,-0.9456911245000001,-0.7330574024999998,0.0008103069335131897,3.0913504449709124,ns
b1492,0.5214090364999984,1.8998825444999996,1.3784735080000012,0.0008572226037498045,3.0669063857468872,up
b2572,-0.20738685699999854,0.4766008355000011,0.6839876924999997,0.0009469363654329595,3.023679204808642,ns
b0181,-0.16958053250000035,-0.292799532000001,-0.12321899950000062,0.0009476315036401686,3.023360509758413,ns
b0124,0.10125173750000015,1.1532209985000001,1.051969261,0.0009894185348408764,3.004619958229248,up
b3365,0.3929355815000002,2.1939045774999997,1.8009689959999995,0.0011653253139063055,2.933552819434262,up
b1798,-0.08005985150000014,0.8037993394999994,0.8838591909999995,0.0011689774644723224,2.9321938610790954,ns
b4254,0.1365079975000007,-0.9482270969999997,-1.0847350945000005,0.0012085991365565396,2.9177177203547013,down
b0287,-0.13748366549999955,2.171009757,2.3084934225,0.0014416442202923507,2.8411419048233806,up
b2579,1.685890945999999,3.559202932,1.873311986000001,0.0015572697965770272,2.8076361395101608,up
b1609,-0.5857484709999992,0.1408897335000007,0.7266382044999998,0.0016602885543183924,2.779816426021616,ns
b0925,-0.08727696699999925,0.30584871150000076,0.3931256785,0.0016719941275379231,2.7767652522453004,ns
b1000,0.1474073334999999,0.9039639680000002,0.7565566345000003,0.0017023642776875943,2.7689475024994312,ns
b4113,-0.3354787719999996,0.4096552165000005,0.7451339885000001,0.0017576476039834464,2.7550681935321544,ns
b2255,-0.0957908745000002,1.2726841960000002,1.3684750705000004,0.001858262347041535,2.730892972888424,up
b0978,0.11387576350000025,1.929978947,1.8161031834999997,0.001967380757286103,2.706111580708164,up
b0618,0.0,0.12161749150000001,0.12161749150000001,0.0020247103707152323,2.693637092645017,ns
b3858,0.9813411839999996,1.61250814,0.6311669560000005,0.002127623967411284,2.672105126052229,ns
b2970,0.0358723884999998,-0.9040912155,-0.9399636039999999,0.002161735519665543,2.6651974414539534,ns
b1225,0.5221031299999996,2.4908925225000003,1.9687893925000006,0.0022009979070976692,2.657380370411834,up
b1054,0.059007894499999144,-0.1931370575000013,-0.2521449520000004,0.00236434853549654,2.6262885024584564,ns
b2571,-0.03168805699999925,0.3284617980000006,0.36014985499999985,0.002422329179879839,2.6157668391900106,ns
b1190,-0.14243240800000076,0.9183845874999994,1.0608169955000002,0.0024560104807478896,2.609769784224167,up
b4153,0.2682776185,1.116288901,0.8480112824999999,0.0025999026132429532,2.585042919461227,ns
b2565,-0.09839188399999971,0.04152686900000055,0.13991875300000026,0.002724058837399692,2.5647835162592325,ns
b4123,0.665655385,2.188758139,1.523102754,0.002883156326031565,2.540131809331425,up
b2210,-0.010592913999999148,1.5397665324999998,1.550359446499999,0.002964646562303564,2.5280270747080156,up
b2149,0.2461945764999997,-0.4148896775000001,-0.6610842539999998,0.0030025298413095054,2.522512667571468,ns
b0862,-0.07443148949999884,0.1741970415000011,0.24862853099999993,0.0030109426724553505,2.5212975132595146,ns
b1598,-0.1221565394999997,0.5379980290000002,0.6601545684999999,0.003043233570680146,2.5166647139038507,ns
b2508,0.8905552285000011,0.9546870600000004,0.06413183149999924,0.0031182189697501342,2.506093390745922,ns
b1256,2.4584794710000004,3.8475412625,1.3890617914999996,0.003165568356673837,2.499548303969798,up
b1536,-0.026362129999999852,0.8038947420000002,0.8302568720000001,0.0033644087736474423,2.4730912431493293,ns
b2627,-0.0388449684999998,0.15547113499999995,0.19431610349999975,0.0035358918698625333,2.451501024496086,ns
b2382,-0.33607571449999996,0.1736679580000002,0.5097436725000002,0.0035614245323917905,2.4483762540466514,ns
b1235,-0.0341083945,0.23975250600000025,0.2738609005000002,0.003571940539725655,2.4470957792022965,ns
b2972,-0.11176851650000016,-0.5564312464999999,-0.4446627299999997,0.0036246127515766878,2.440738386013566,ns
b1478,0.0871411264999992,0.5540515005000004,0.46691037400000124,0.003650807421007253,2.4376110753492943,ns
b2375,0.9452343565000001,7.210909144,6.2656747875,0.003660969161515789,2.436403929419461,up
b3543,1.0719612565000003,1.4893560734999998,0.4173948169999995,0.003745637434772006,2.4264742631856633,ns
b4122,-0.2061461129999997,0.8780383535000003,1.0841844665,0.003843674018349332,2.4152534519179754,up
b2008,-0.44341876099999933,0.0052826390000003005,0.44870139999999964,0.003852527876951815,2.4142542100365274,ns
b0979,0.25371688850000007,1.9740425455000001,1.720325657,0.003921826090905138,2.4065116685557473,up
b2584,-0.2849721335000006,0.08806957999999995,0.3730417135000006,0.003960899272641753,2.4022062017492263,ns
b3600,-0.0205036710000001,0.28808041650000016,0.30858408750000027,0.003982614472783861,2.399831732367039,ns
b2498,0.09184016549999979,-0.48704780549999865,-0.5788879709999984,0.004006093721857763,2.3972788946806007,ns
b3210,-0.10424034749999975,0.36594365600000067,0.47018400350000045,0.004043826076631735,2.3932075315141303,ns
b3838,-0.30451393050000064,-0.4831715490000006,-0.17865761849999995,0.004134636026003016,2.3835627155807972,ns
b0361,0.4803630245,0.5426184175000001,0.06225539300000005,0.004184165259684063,2.378391170710693,ns
b3731,-0.3991276399999988,-0.6952761549999984,-0.2961485149999996,0.004372444894590532,2.359275655177144,ns
b1330,0.5294779904999998,0.8806724084999997,0.35119441799999995,0.00437527958630014,2.3589941897484694,ns
b2313,0.3746891914999999,0.1374157079999998,-0.2372734835000001,0.00437785912804043,2.3587382173909783,ns
b1951,0.7503990319999998,1.1069577704999998,0.35655873849999997,0.004390216377244603,2.3575140744896435,ns
b3514,0.30722464400000016,1.938731814,1.63150717,0.004617144455831608,2.3356265375369842,up
b1661,0.2472791609999998,1.1913026479999997,0.9440234869999999,0.0046283158735567105,2.334577008955088,ns
b2522,-0.5764179724999994,-0.8389875454999998,-0.2625695730000004,0.004704191474308825,2.327515009520486,ns
b3588,0.8666940555,1.2779152705000003,0.4112212150000003,0.0047452911704881345,2.323737134162586,ns
b1300,-0.40684780350000027,-1.9159260600000003,-1.5090782565,0.004773810778121328,2.321134799331444,down
b0980,0.3168630754999997,1.6767392079999999,1.3598761325000002,0.004780047864404842,2.320567754613231,up
b3409,0.23581668000000008,1.2151982760000002,0.9793815960000001,0.004849766905558351,2.3142791344003095,ns
b3823,-0.4674884864999993,-0.16247103450000017,0.30501745199999913,0.00498323615004712,2.302488531606335,ns
b0572,-0.22984649650000039,0.14106757699999933,0.3709140734999997,0.005168073675976823,2.2866713036735553,ns
b2009,0.4154297130000004,1.0673765430000004,0.65194683,0.005170287570498067,2.286485300850503,ns
b1298,-0.2931403370000001,-1.5985991590000008,-1.3054588220000007,0.005476774697721071,2.261475124608751,down
b1668,-0.4659074805000007,0.05197457949999945,0.5178820600000001,0.0054845258382102205,2.2608609131667867,ns
b3311,0.08780252499999805,-0.177197695000002,-0.26500022,0.005596045424991108,2.2521187688508837,ns
b2997,0.14959733849999973,1.0845832994999998,0.934985961,0.005603154148773661,2.2515674294615935,ns
b4037,-0.6343366265000001,-2.1762428625000005,-1.5419062360000004,0.0056177527025307785,2.2504373826656168,down
b4299,0.25789808300000006,0.0072254674999997996,-0.25067261550000025,0.0057524869789964805,2.2401443557025833,ns
b1597,-1.3413654325000004,5.13700549,6.4783709225,0.005760896746416687,2.239509908641435,up
b0841,0.45256231600000024,0.8271954340000014,0.37463311800000115,0.005768180376362497,2.2389611672841094,ns
b0507,-0.2065869034999998,0.053817830000000046,0.2604047334999999,0.005785933019204984,2.2376265982646077,ns
b4152,0.606245954999999,1.5147150864999999,0.9084691315000009,0.005856020364531381,2.2323974216716205,ns
b1428,-0.2243878820000002,0.4436416845000002,0.6680295665000004,0.005927362932016723,2.227138480126165,ns
b0809,-0.7960839945000004,-1.2096384690000002,-0.4135544744999997,0.005959209775938906,2.2248113262836955,ns
b4742,-2.0079940470000013,-3.0315909700000017,-1.0235969230000004,0.005989456143541438,2.2226126107629507,down
b1927,0.0883738044999997,0.5008428745000004,0.4124690700000007,0.00601042967477521,2.2210944799583774,ns
b3506,0.6164146085000004,1.8769991910000012,1.2605845825000008,0.0060301392830191996,2.2196726564920106,up
b0926,-0.6760098844999991,-0.3229904359999995,0.3530194484999996,0.006032616836005475,2.219494258189819,ns
b2014,-0.026863554500000247,-0.8573792430000013,-0.8305156885000011,0.006050380795081999,2.218217291132897,ns
b4129,-0.17695347700000005,0.05493888950000066,0.23189236650000072,0.006290994046571492,2.2012807258056744,ns
b0129,-0.24458147950000003,-0.0138923915000002,0.23068908799999982,0.006295374516914723,2.2009784282580664,ns
b1224,0.4189741014999999,2.8604677905,2.441493689,0.006326732249803071,2.198820544692674,up
b3570,0.14676257450000024,-0.24818747749999925,-0.3949500519999995,0.006519675260997029,2.185774035536383,ns
b3073,-0.548871812499999,0.1528649155000012,0.7017367280000002,0.006525437490566746,2.1853903662318697,ns
b2252,0.46245765849999976,2.375381594,1.9129239355,0.006585253791909839,2.181427482919046,up
b0178,-0.6983517975000018,-0.40625982400000105,0.2920919735000007,0.0066260913337283294,2.178742582118283,ns
b2082,-0.0230852570000004,3.655515296499999,3.6786005534999995,0.006639160569382479,2.1778868277300196,up
b0755,0.1608129549999999,0.44733807999999975,0.2865251249999998,0.0067768466183401165,2.1689723437184423,ns
b1127,0.06056254300000005,0.7195701970000004,0.6590076540000003,0.006804538897034766,2.167201299007048,ns
b2749,0.7349520194999997,1.4955181664999997,0.760566147,0.006841758693080761,2.1648322473259856,ns
b3887,0.6450910854999998,0.9720581495,0.3269670640000002,0.006971351762804154,2.1566830029340576,ns
b0881,0.206279882,0.46481618650000023,0.2585363045000002,0.0069782301571798926,2.156254710676845,ns
b2303,-0.18578590350000018,-0.3365708180000002,-0.15078491450000003,0.007033061318947008,2.152855596099429,ns
b3239,0.6316829774999997,1.3232916220000002,0.6916086445000005,0.007044849455854707,2.1521282830642274,ns
b0215,-0.23297570650000085,-0.1436281964999999,0.08934751000000096,0.007328597376291152,2.1349791372314697,ns
b2528,-0.9815494575,-1.3695586035000007,-0.3880091460000007,0.007346936843280238,2.1338936934798074,ns
b1696,0.3808333435000004,0.630932718,0.2500993744999995,0.007354220940940734,2.1334633268753667,ns
b1619,0.6291064705,1.395281905,0.7661754345,0.007449078306595938,2.1278974602882967,ns
b0304,0.4742245174999997,1.2899675215,0.8157430040000002,0.00747381527421629,2.126457640548458,ns
b0174,0.5703572655000002,0.45666971750000007,-0.11368754800000014,0.007600390831331528,2.1191640746236247,ns
b1587,0.49496577250000007,0.9010118880000002,0.40604611550000014,0.007686941701648204,2.1142464126406972,ns
b1129,-0.3471742135000002,-0.11882471000000011,0.2283495035000001,0.007736787030855492,2.111439357723925,ns
b2285,0.257959196999999,0.5588496550000004,0.3008904580000014,0.00775911286843096,2.1101879305935434,ns
b4589,-0.7908471139999995,1.293227227,2.0840743409999996,0.007763649978532722,2.1099340528584363,up
b0608,-0.2879126535,0.30580972599999967,0.5937223794999997,0.007869907128635074,2.104030392642117,ns
b3959,1.3283680415,0.7283606130000004,-0.6000074284999997,0.00790825855269831,2.101919140297343,ns
b2245,-0.07690689799999975,0.27116525150000004,0.34807214949999976,0.007923838416357448,2.1010643892162553,ns
b3544,0.06115059299999975,0.48635995249999997,0.4252093595000002,0.007933430130861785,2.100538998708192,ns
b2996,0.7125663095000003,1.4925626035,0.7799962939999996,0.007997704734260562,2.0970346335418815,ns
b3515,0.3847949394999999,1.6700691865000001,1.2852742470000003,0.008009859733857233,2.096375089077457,up
b0711,0.3688455394999979,0.7667003244999995,0.3978547850000016,0.008028705796395091,2.095354456064194,ns
b2587,-0.3309161050000009,0.11269380500000009,0.443609910000001,0.008029866976597636,2.0952916492179727,ns
b3510,0.852891135000001,2.6276548900000005,1.7747637549999995,0.008079448169744471,2.092618300737676,up
b3688,-0.1740424849999997,0.4486025719999991,0.6226450569999988,0.008086898509933483,2.092218007223554,ns
b1784,0.15218112099999948,0.9457703069999996,0.7935891860000002,0.008217629805776805,2.0852534270714256,ns
b0903,-0.0908762699999998,0.5622787350000005,0.6531550050000002,0.008338341502860292,2.078920321998087,ns
b2155,0.072269402499999,-1.4008620330000006,-1.4731314354999996,0.00840683838818418,2.0753673013153753,down
b1195,-0.2455528370000004,0.8070840499999994,1.0526368869999998,0.008436069282771715,2.0738598621945368,up
b0486,0.8324961340000003,1.7648863035000002,0.9323901694999999,0.008456016000246992,2.072834203939466,ns
b2347,-0.02791248349999975,0.6197466065000006,0.6476590900000003,0.008530514852632507,2.069024756533576,ns
b1064,0.2731881204999986,0.7492855639999982,0.47609744349999966,0.00862069116386431,2.0644579132218035,ns
b1528,0.7642164939999998,1.303775194,0.5395587000000002,0.008808409950792894,2.0551024811362035,ns
b2372,0.5975213085,6.1324410905,5.534919782,0.008844303757125482,2.053336350017112,up
b1757,-0.2822246669999995,0.4458712895000003,0.7280959564999998,0.00904689832105442,2.043500290732616,ns
b0273,-0.19770145499999975,-0.8974806875000008,-0.699779232500001,0.009049152970917077,2.0433920702171853,ns
b3508,-0.0059574650000003004,1.8583695265,1.8643269915000003,0.009053530176028172,2.0431820465375434,up
b1297,-1.2033051365000014,-2.3120198315000007,-1.1087146949999993,0.009102561333147885,2.0408363861036647,down
b1378,-0.4099566524999996,-0.0940752699999998,0.31588138249999975,0.009113626541416541,2.0403087719270507,ns
b2012,-0.12770623300000006,0.7510015540000001,0.8787077870000002,0.009145801895143557,2.0387782099942373,ns
b2368,0.7534961819999999,4.5925386555,3.8390424735,0.009178731886397585,2.037217315833873,up
b1078,-0.43306513549999986,-1.0311835115,-0.5981183760000002,0.00922029880191207,2.0352550045516984,ns
b3965,0.15036886649999995,-0.07927536050000045,-0.2296442270000004,0.009387875197398723,2.027432692554627,ns
b0916,-0.05061059749999995,0.13429321699999996,0.18490381449999993,0.009401344874768191,2.0268100155585382,ns
b3824,-0.5630786730000006,-0.009771537500000699,0.5533071354999999,0.009457667143939044,2.024215974745874,ns
b0840,-0.8664071824999997,-0.7810433599999995,0.08536382250000019,0.009653438371327157,2.0153179716586838,ns
b3957,-0.13726304650000015,-0.6915020865000003,-0.5542390400000001,0.009656050387613808,2.015200476650813,ns
b0932,1.2001283085,1.4707555170000002,0.2706272085000001,0.009722981715989848,2.0122005309355884,ns
b2601,-0.555631527000001,-0.32359721450000123,0.23203431249999973,0.009817548471447824,2.007996945842586,ns
b4069,-0.4798516639999999,-1.131413115,-0.6515614510000001,0.009833196250189325,2.007305293134854,ns
b3869,-0.13256362149999829,-0.5249645759999995,-0.3924009545000012,0.009852354215010729,2.0064599826572143,ns
b0836,0.4465219065000014,1.9881627295000008,1.5416408229999994,0.009875050436692439,2.005460677542386,up
b1262,0.20207908749999953,-0.15099895550000036,-0.3530780429999999,0.009960045692078598,2.0017386692297063,ns
b3098,-0.3314761175000003,-0.04145769700000105,0.2900184204999992,0.009979108623687487,2.0009082500055047,ns
b1723,-0.27317073099999906,0.09212264300000056,0.3652933739999996,0.01016457884276536,1.9929106111284727,ns
b4151,-0.013017441999999352,0.8951092185,0.9081266604999993,0.010351131073968171,1.9850121920095636,ns
b2215,0.14659455499999913,1.5166454399999996,1.3700508850000004,0.010388316491791253,1.9834548275694297,up
b4581,-0.3285074425000003,0.10766514149999959,0.4361725839999999,0.010404472550383135,1.9827799312394032,ns
b1896,-0.18693936399999916,0.49509025400000084,0.6820296180000001,0.010418250093157954,1.9822052214114043,ns
b2426,0.6296894239999995,0.3211467765,-0.3085426474999995,0.01053026537915996,1.9775606837762896,ns
b1325,-0.0464321594999992,0.4131467685000003,0.4595789279999995,0.010594758569599218,1.9749089354218494,ns
b3541,0.20095704399999986,0.738716964,0.5377599200000001,0.010613288205294247,1.974150042284058,ns
b4484,0.15404608100000017,-1.2798205550000001,-1.4338666360000003,0.010617366764986542,1.9739831801695595,down
b2374,0.5162630500000001,6.601008199500001,6.084745149500001,0.010688763344815399,1.9710725383450354,up
b0121,0.16277509199999945,-0.14695018500000057,-0.309725277,0.010962270676592655,1.9600994786824224,ns
b3491,0.32501897149999953,1.9469517950000002,1.6219328235000006,0.011022879517615632,1.957704939490181,up
b0312,0.1485050790000004,0.09462402649999994,-0.053881052500000456,0.011049228827444312,1.9566680321755097,ns
b1449,0.39766652250000023,0.9917426530000006,0.5940761305000004,0.011083175528702291,1.955335788614528,ns
b3771,0.8354650495000007,1.2675523474999997,0.432087297999999,0.011105739427548751,1.954452520536178,ns
b2175,0.43706685450000027,0.20474620850000044,-0.23232064599999983,0.011108412848857642,1.954347987883893,ns
b0308,-0.10672793200000025,0.3533351579999997,0.46006308999999995,0.011130604356776385,1.9534812542019186,ns
b3749,0.19002680399999944,0.0948843090000002,-0.09514249499999924,0.01125010527288029,1.9488434136222104,ns
b1897,0.22389118400000013,0.7953410645000001,0.5714498804999999,0.011292821898372375,1.947197521161133,ns
b0658,0.0271181970000009,0.29690693000000135,0.26978873300000045,0.011302475812875018,1.9468264136762077,ns
b1204,0.5012489540000011,0.28855050850000064,-0.2126984455000005,0.011315912812272884,1.9463104073881334,ns
b2169,0.7725983909999998,0.2559288184999997,-0.5166695725000001,0.011370205526030236,1.9442316850031975,ns
b1189,0.021028890999998946,1.203499724499999,1.1824708335,0.011434165613851608,1.941795521701859,up
b0451,0.21242066799999954,-0.34572059700000013,-0.5581412649999997,0.011494922354893381,1.9394939579271282,ns
b0733,0.26439713949999977,0.7757971214999992,0.5113999819999995,0.011619900511962756,1.9347975903011576,ns
b1415,0.2980191864999986,-0.4943279695000009,-0.7923471559999995,0.01165498002753563,1.9334884663680718,ns
b2688,-0.33760551550000173,-0.2333864485000005,0.10421906700000122,0.011705819329779158,1.9315981831678035,ns
b1725,0.23473597399999901,0.772645826999999,0.5379098529999999,0.011749255026414778,1.929989669407065,ns
b0999,-0.5688921024999991,0.4094382380000008,0.9783303404999999,0.011752968058005044,1.9298524441634437,ns
b1037,0.08104779499999945,0.6982231329999986,0.6171753379999991,0.011753195655618054,1.9298440340809961,ns
b1467,0.7615481405000002,1.8034635749999999,1.0419154344999997,0.01183498396300222,1.9268323262253388,up
b3601,-0.6898584629999998,-0.3493483380000004,0.34051012499999933,0.01185046509339988,1.9262646046299616,ns
b1057,-0.7166030449999998,-1.1276009455,-0.4109979005000002,0.011864862143318016,1.925737303442773,ns
b4567,-0.9594627024999998,0.45394597650000024,1.413408679,0.012002523225040135,1.9207274449924552,up
b3408,0.513211580500001,1.5533516625000003,1.0401400819999993,0.012024042737415464,1.9199494887925121,up
b0792,-0.3740121964999996,-0.0653853709999996,0.30862682550000003,0.012034916061321635,1.9195569344069785,ns
b1829,-0.057551032000000946,-0.704750219500001,-0.6471991875,0.012073273182261524,1.9181749724641775,ns
b2592,0.7839056675,1.1217904265000005,0.3378847590000005,0.012116853717619247,1.9166101351584837,ns
b2253,-0.19539840399999958,1.506119977,1.7015183809999996,0.012128654219591833,1.9161873852364506,up
b3540,-0.33380496650000024,0.30216755599999967,0.6359725224999999,0.012204254259586737,1.913488752981022,ns
b4030,0.22460621149999932,1.0599146164999995,0.8353084050000001,0.012286773744385795,1.9105621389972218,ns
b3294,-0.1856275350000009,-0.5029598650000011,-0.3173323300000002,0.012419886273483238,1.9058823808925147,ns
b3346,-0.1554461540000007,0.24488995000000008,0.40033610400000075,0.012589688178050625,1.899985026383719,ns
b4493,-0.5929484299999999,-0.03968527500000005,0.5532631549999998,0.012606181892546009,1.899416430800827,ns
b1181,-0.0297269284999992,0.3394928949999998,0.369219823499999,0.012769166236292703,1.8938374591029647,ns
b2538,-0.16505204900000064,0.1726590739999993,0.33771112299999995,0.01278256069197165,1.8933821365536407,ns
b3942,0.014568101999999201,0.19554603200000015,0.18097793000000095,0.012799842203572881,1.8927953843005676,ns
b0944,-0.2796235904999999,0.19833514399999985,0.47795873449999976,0.012816945781633353,1.8922154528368325,ns
b1263,-0.3347611710000007,-0.811234087499999,-0.47647291649999834,0.012838396749956254,1.8914892072734697,ns
b2817,0.2079285684999998,0.41879684249999943,0.21086827399999963,0.012904207952519169,1.8892686468664701,ns
b4354,0.12311045350000001,5.036269665000001,4.913159211500001,0.013009005404364208,1.8857559058909938,up
b3958,0.35896706499999986,-0.3008533445000001,-0.6598204095,0.013095184566558697,1.8828883761487825,ns
b2628,0.11924562649999874,0.2967879994999993,0.17754237300000053,0.013140267502897951,1.88139579353956,ns
b2135,0.007864866499999398,0.8026306199999995,0.7947657535000001,0.013144673378073806,1.8812502008746639,ns
b1647,-0.02379001000000075,0.1511506429999993,0.17494065300000006,0.013394521919072604,1.8730727827361742,ns
b4376,0.3829972815000007,0.9826435915000014,0.5996463100000007,0.01339710691299947,1.8729889768124126,ns
b1490,0.21668542899999996,0.7642704879999993,0.5475850589999993,0.01348527970000572,1.870140041357228,ns
b4333,0.2288717285000001,0.5947722620000002,0.3659005335000001,0.013495616944242637,1.8698072571351882,ns
b4154,-0.07030148599999995,0.9309852010000004,1.0012866870000003,0.013667134712540297,1.8643225248589836,up
b0552,0.1126322174999994,-0.5943764035000005,-0.707008621,0.01368049801322296,1.8638980926409112,ns
b4518,-0.29253275199999956,1.9609843810000003,2.253517133,0.01376484526599209,1.8612286662541964,up
b1468,0.7743085639999998,1.9177076019999997,1.1433990379999999,0.01387310350720463,1.8578263734413332,up
b0330,0.06255295299999995,0.17215431899999983,0.10960136599999988,0.013911202322224826,1.8566353330315146,ns
b1974,0.276573999,1.0445911354999997,0.7680171364999997,0.013920528493847886,1.856344276391772,ns
b0800,-0.0984156954999999,0.38429084249999956,0.48270653799999946,0.013952332896908868,1.8553531702006567,ns
b1706,-0.5401129860000005,-0.8305450785000001,-0.2904320924999997,0.014005380966077063,1.8537050732584934,ns
b4313,0.9194853064999999,0.4491213854999998,-0.47036392100000013,0.014011388683932525,1.853518819183806,ns
b4382,0.2443810889999995,0.6866924354999995,0.4423113465,0.014152701852292445,1.8491606422931042,ns
b2127,-0.12107277950000037,0.6425629165000002,0.7636356960000006,0.014392986781755194,1.841849073454891,ns
b2756,0.0407319769999987,0.45754956499999944,0.41681758800000074,0.014393996115598396,1.8418186188483596,ns
b0722,-0.2078478350000008,-0.7168969585000005,-0.5090491234999996,0.014452446407012463,1.8400586324134531,ns
b4515,0.8770568679999999,1.2781621865,0.4011053185,0.014467970596373506,1.8395923825372986,ns
b1119,-0.17461093649999926,0.12933940150000062,0.3039503379999999,0.014605321965430629,1.8354888648274623,ns
b1018,-0.6940909719999993,-0.1594126379999991,0.5346783340000001,0.014629621421385193,1.8347669122021453,ns
b2379,0.8318978369999992,1.1850153209999998,0.35311748400000065,0.014668592224878419,1.8336115642960669,ns
b0237,-0.08226285800000085,0.19848611749999984,0.28074897550000066,0.014681280284818188,1.8332360700066554,ns
b0962,-0.24421670700000003,-0.10044759399999975,0.14376911300000028,0.014718438209986064,1.8321382710290925,ns
b3227,-0.1207578299999999,0.5394455065,0.6602033365,0.014769761867309788,1.8306265067562315,ns
b4053,0.06764691400000086,0.31296780500000043,0.24532089099999957,0.014783960144042289,1.830209216933346,ns
b3516,0.5879198709999995,1.6863596774999996,1.0984398065,0.015008849281171703,1.8236526035591714,up
b0019,0.5163875824999997,0.9105457549999993,0.3941581724999996,0.015034896809171142,1.8228995482991703,ns
b0674,0.1866717540000002,0.47957654149999973,0.29290478749999954,0.015189361949070456,1.8184604689165307,ns
b0406,-0.25620740650000107,-0.6472733615000008,-0.39106595499999974,0.015230605083033342,1.8172828426257142,ns
b3772,0.3915839714999998,0.8589979414999998,0.46741396999999996,0.015388156514353156,1.8128134050936968,ns
b1109,0.41272288899999987,0.1198627180000002,-0.29286017099999967,0.015471592285923803,1.8104649878258714,ns
b2684,0.42457563250000163,0.010109725000001301,-0.41446590750000034,0.015531566467791844,1.8087847404073087,ns
b1501,0.5090669529999998,4.477599216,3.968532263,0.01555900844847226,1.8080180833796378,up
b4375,-0.5481803889999997,-0.8195689149999996,-0.27138852599999996,0.015602022805897734,1.8068190916142277,ns
b4067,-0.15697827450000007,-0.7567077215,-0.5997294469999999,0.01565595685539849,1.8053203841747982,ns
b3524,0.0505387385000002,0.46283246700000014,0.41229372849999996,0.01566449373183507,1.8050836367237626,ns
b0088,-0.16031889950000083,0.006848442499999051,0.16716734199999989,0.01577536509043619,1.80202058105834,ns
b3295,-0.1565950950000001,-0.47240116000000043,-0.3158060650000003,0.015779420258774945,1.8019089569593063,ns
b3114,0.06594173,0.1738308355000002,0.10788910550000019,0.015852222895087007,1.7999098297629192,ns
b2530,-0.8233462744999986,-1.3599340719999988,-0.5365877975000002,0.01596511452049573,1.7968279618448006,ns
b2016,-0.3440583209999999,-0.10799534949999985,0.23606297150000005,0.016008464364868497,1.7956503264098906,ns
b0485,2.5088263245000006,3.5593260339999997,1.050499709499999,0.01612197038384466,1.7925818809839975,up
b4334,-0.3286138854999998,0.040890815,0.36950470049999984,0.016191583069741725,1.7907106876986048,ns
b0427,-0.19615439400000056,0.24696854399999957,0.44312293800000013,0.016316133572712613,1.7873827479703777,ns
b1795,0.6850238114999998,1.7406931514999995,1.0556693399999997,0.016336042443040984,1.7868531469053928,up
b1810,1.0296127999999998,1.7000727255,0.6704599255000003,0.01638537545845497,1.7855436026388243,ns
b1533,0.33079046799999995,0.6931774924999989,0.362387024499999,0.016404213204804733,1.78504459484246,ns
b2687,-0.14240894150000025,0.2708607179999997,0.41326965949999994,0.0164055056060779,1.7850103804229542,ns
b1836,-0.6590761350000012,0.31283133049999984,0.9719074655000011,0.016594740087999334,1.780029545257886,ns
b0860,0.04968427099999935,-0.6337059615000005,-0.6833902324999999,0.016622311045358783,1.779308595204632,ns
b4374,-0.5264370700000005,-0.3321780670000005,0.19425900299999999,0.016676502917935113,1.7778950162088103,ns
b2647,0.7079277339999999,1.2401149175000001,0.5321871835000003,0.01671133873879123,1.7769887575523908,ns
b4111,0.26547846750000037,0.6864233994999998,0.4209449319999994,0.01686534238056005,1.773004837843969,ns
b3297,0.1369081850000002,-0.13128572999999916,-0.26819391499999934,0.017036129129429117,1.7686290767465642,ns
b2083,1.0417978799999998,6.134152438499999,5.092354558499999,0.017138537742269647,1.7660262347788565,up
b0574,0.17720532349999907,0.6188584164999993,0.4416530930000002,0.017164148856201582,1.765377727701087,ns
b3207,-0.13832970050000082,-0.9885855440000025,-0.8502558435000017,0.01727909845878431,1.7624789206875193,ns
b1493,0.4228118415000006,1.7330144675000003,1.3102026259999997,0.017302266865157758,1.761896993834506,up
b2378,-1.0136307084999996,-0.47925913449999946,0.5343715740000001,0.017334894427961448,1.7610787989163472,ns
b4466,0.09450795300000031,-0.2954519329999994,-0.3899598859999997,0.01772429478490433,1.7514310355309317,ns
b1825,1.0219855544999996,1.4164226544999998,0.3944371000000002,0.017867732106811068,1.7479305675840064,ns
b4490,-0.1057602769999994,0.6426248615000003,0.7483851384999998,0.018043542125815756,1.7436782021215809,ns
b0830,0.2718132374999995,0.7472100489999995,0.4753968115,0.018164646863138477,1.7407730407894904,ns
b0285,0.26749603200000016,1.0475260685,0.7800300364999999,0.018211832978992443,1.739646341267129,ns
b2392,-0.34363286900000034,-0.08296318500000005,0.2606696840000003,0.018445263615560176,1.7341151335537397,ns
b3172,0.37301673500000104,-0.26747465299999984,-0.6404913880000009,0.018465828053050266,1.7336312127458897,ns
b3744,0.8692961004999997,1.1279351104999997,0.25863901,0.018567209287599116,1.7312533672389394,ns
b1020,0.0842800260000009,0.4716184025000007,0.3873383764999998,0.018592907050877527,1.7306527018122497,ns
b3739,0.28720437400000076,0.00802958450000005,-0.2791747895000007,0.0185943026528358,1.7306201044630791,ns
b1205,0.7642697889999996,1.5044049804999995,0.7401351914999998,0.018798775128418828,1.725870447135185,ns
b0937,-0.700881255,0.35650817800000006,1.057389433,0.018810111342927628,1.7256086337172474,up
b2780,0.2536665024999998,-0.005288380000002299,-0.2589548825000021,0.018884474808537173,1.723895088725038,ns
b1105,-0.7637353415000008,-0.48446454500000063,0.27927079650000014,0.019064532411354466,1.7197738420377724,ns
b4743,-0.9539305264999998,0.6866517654999997,1.6405822919999995,0.019109850382775385,1.7187427131642135,up
b0882,0.0552528675000001,0.4280413869999995,0.3727885194999994,0.019241121447685836,1.7157696191823966,ns
b4114,-0.30211803849999974,1.7298545445000004,2.031972583,0.0193208315846866,1.713974185121956,up
b1053,0.1180104730000002,0.6953139700000002,0.5773034969999999,0.01946832827763592,1.7106713392333497,ns
b1766,-0.12749747249999904,0.07401386650000044,0.20151133899999948,0.019492945631351757,1.710122528518097,ns
b4401,0.4881985415000001,0.9916501560000004,0.5034516145000003,0.01951760661725266,1.7095734395714195,ns
b3366,0.22258840600000016,1.8726854700000002,1.6500970640000001,0.01964993945966115,1.706638783322936,up
b2206,0.6841006919999997,1.2025137204999998,0.5184130285000002,0.019704594339282,1.7054325015760903,ns
b1258,0.7484024785000005,1.0599472420000002,0.3115447634999997,0.019806977521740366,1.703181791285148,ns
b3866,-0.3201082605000001,-0.5106461969999994,-0.19053793649999928,0.01983652511189521,1.7025344035983134,ns
b2818,-0.47436598699999966,-1.0326902674999996,-0.5583242804999999,0.01990282715634945,1.7010852285554514,ns
b3519,-0.38525614499999955,0.033605309000000354,0.4188614539999999,0.019992248473257444,1.6991383592278437,ns
b0503,-0.1576564029999996,0.21257047600000015,0.37022687899999973,0.020084582396861145,1.697137193786643,ns
b3238,0.6797247455000002,1.231677523,0.5519527774999999,0.020244134458950333,1.6937007868253007,ns
b3003,-0.5046281415000005,0.18196285299999945,0.6865909944999999,0.020251096757041148,1.6935514513316534,ns
b1040,0.5737400964999999,1.380841422999998,0.807101326499998,0.020539905780766667,1.6874015528997424,ns
b3158,0.6464543650000001,1.6472572445,1.0008028795,0.020583304082334532,1.686484909964788,up
b1958,1.2048128429999996,1.4592048624999991,0.25439201949999957,0.02081945474314219,1.6815306487517763,ns
b1664,0.37288499999999924,0.6423713224999998,0.2694863225000006,0.02097567895749958,1.6782839726817074,ns
b2994,0.6540497399999996,1.1234800284999995,0.4694302884999999,0.02108661985847369,1.6759930311881317,ns
b0259,-0.12380881299999966,-0.6295585124999996,-0.5057496994999999,0.021284557589589873,1.6719353724258472,ns
b0854,-0.0802202734999997,0.11621001550000049,0.1964302890000002,0.02129173431133897,1.6717889618041537,ns
b3496,-0.194985084,0.28587063300000043,0.4808557170000004,0.021295240024762876,1.6717174605048806,ns
b0453,0.1285072449999997,0.5997392284999998,0.4712319835000002,0.021324156611006343,1.6711281365463375,ns
b0373,-0.41933485350000055,-0.2327558930000006,0.18657896049999995,0.02136229575745294,1.6703520764928657,ns
b1019,-0.6791781334999998,-0.030629693500000346,0.6485484399999994,0.021547372255610008,1.666605685339551,ns
b0039,0.5294452404999999,0.628606583,0.0991613425000002,0.021590196562128953,1.6657434037306438,ns
b0161,-0.0512574420000002,0.3957941815000003,0.4470516235000005,0.021649196041697974,1.6645582268458223,ns
b3310,0.3475641250000008,0.1472493900000007,-0.20031473500000008,0.021789574004842063,1.6617512603069744,ns
b0551,1.3868761760000001,2.060082991,0.6732068149999997,0.021812064334401197,1.661303230037379,ns
b3415,-0.1464674230000007,-0.6431098825000008,-0.4966424595000001,0.021912842680000606,1.6593012792098594,ns
b4582,-0.4794217605000004,0.23427177599999988,0.7136935365000003,0.021942716469985253,1.658709608534486,ns
b1603,0.7132079549999997,0.25039896,-0.46280899499999967,0.02198116348494117,1.6579493236633651,ns
b3359,0.8384874840000007,0.495052867500001,-0.34343461649999973,0.022096900857853537,1.6556686328630374,ns
b3615,0.6711772954999999,1.9148895284999998,1.243712233,0.02213937312055617,1.6548346803921488,up
b0871,-0.23778285249999914,0.24084758499999998,0.4786304374999991,0.02243394193906208,1.6490944084515093,ns
b3520,0.5305189185000001,1.0684432825000005,0.5379243640000004,0.022438858584074683,1.6489992384696004,ns
b2153,-0.6877725050000008,-0.5417306750000002,0.1460418300000006,0.022481317018975936,1.648178250161715,ns
b4529,0.6315936539999991,1.2226452640000005,0.5910516100000014,0.022533265252370233,1.64717587093326,ns
b2473,0.1510043245000005,0.6072259670000002,0.4562216424999997,0.022675549667705425,1.6444421766048902,ns
b3633,-0.7295822170000004,-1.1964820335000002,-0.4668998164999998,0.02273531593040313,1.6432990064521686,ns
b0289,-0.16165401549999964,0.12409684200000015,0.2857508574999998,0.02279964193410173,1.6420719734936196,ns
b2470,-0.08941476399999976,0.39451972050000017,0.48393448449999993,0.02298492267556349,1.6385569529374948,ns
b0564,1.3242027374999994,2.4126340924999985,1.088431354999999,0.023012752841208704,1.6380314268664837,up
b0224,-0.17497646799999966,0.05242751350000045,0.22740398150000013,0.02313671327801861,1.63569833538433,ns
b1981,0.6987626310000001,0.9862283415000004,0.28746571050000025,0.023252589948239855,1.6335286669639315,ns
b2296,0.0201784110000007,0.475411843499999,0.45523343249999826,0.02333338952555813,1.6320221688221013,ns
b3151,0.37421283450000065,0.7638145600000006,0.38960172549999994,0.02346849126953825,1.6295148292073478,ns
b3829,0.46761271499999957,0.07177186999999915,-0.3958408450000004,0.02385163834065643,1.6224817844280939,ns
b1834,-0.07501527100000019,0.21538216999999935,0.29039744099999953,0.024133682634010865,1.6173764026830562,ns
b1607,-0.6301388885000003,-0.24706104500000015,0.3830778435000002,0.02416999864208721,1.6167233739917724,ns
b4187,0.4251537994999999,1.23947021,0.8143164105,0.02419242152787259,1.6163206589817087,ns
b2010,0.037100967499999804,0.583105185,0.5460042175000002,0.024226255055017906,1.6157137148200307,ns
b4238,0.40154314600000024,0.8678357860000001,0.46629263999999987,0.024360998738362644,1.6133049107161577,ns
b3670,-0.4409788194999993,-0.10867984849999865,0.3322989710000006,0.024373488599824595,1.6130823053979246,ns
b1667,-0.35037048750000105,0.1751976274999993,0.5255681150000003,0.02438511165537653,1.6128752515055547,ns
b1761,-0.22918339000000015,0.15844803500000015,0.3876314250000003,0.024434149566326037,1.6120027720472763,ns
b1469,2.054175073,3.399133825,1.3449587519999997,0.024510331375398393,1.6106508171227036,up
b1301,-0.4414522940000007,-1.9410894835000003,-1.4996371894999996,0.024549109404041182,1.6099642586500262,down
b2068,0.09331006500000025,0.45222543800000015,0.35891537299999987,0.024584399970132884,1.6093403870419236,ns
b2948,-0.38578248449999863,-0.11570167249999926,0.2700808119999994,0.024602092048353185,1.6090279609281462,ns
b1914,0.46317388099999857,0.6086902509999987,0.14551637000000017,0.024604860578525258,1.608979091517878,ns
b1656,0.7803129625000009,1.3493499325,0.5690369699999991,0.024616466456626396,1.6087742872505417,ns
b3296,-0.09308477999999981,-0.35139455499999883,-0.258309774999999,0.024709645424069695,1.607133486547528,ns
b4054,-0.6884916239999996,-0.4429026519999999,0.24558897199999974,0.024779297722282895,1.6059110062593598,ns
b3733,0.3356473849999997,-0.029660780000000348,-0.365308165,0.02488573660055463,1.6040494999140604,ns
b2428,0.1262487155,0.4014304945,0.275181779,0.02489233265698671,1.6039344038096808,ns
b4068,-0.3962719939999997,-1.2101693009999992,-0.8138973069999995,0.025040079906372657,1.6013642895653881,ns
b1838,-0.11209262599999965,0.49088639050000005,0.6029790164999997,0.02505483162783932,1.6011085114346153,ns
b3505,-0.06637173800000035,-0.4694078420000003,-0.40303610399999995,0.025067256930296145,1.6008931875900287,ns
b2394,-0.29794912800000034,-0.5928799069999999,-0.2949307789999996,0.025068049031431686,1.6008794645201998,ns
b1217,-0.16383412400000005,0.6573050220000005,0.8211391460000006,0.0251796787561564,1.5989498149477188,ns
b0596,-0.0834006324999996,-0.4722032045,-0.38880257200000035,0.025292422301455803,1.5970095754883928,ns
b4036,-0.42166500050000083,-2.0696834980000003,-1.6480184974999994,0.025345103541824995,1.5961059302227303,down
b3005,-0.27296536050000064,-0.10221516600000055,0.1707501945000001,0.02561484455313671,1.5915082753496077,ns
b3513,0.4541741879999992,2.0186512204999993,1.5644770325000001,0.0256333298945566,1.5911949731799424,up
b1956,-0.30247513450000024,0.06109021549999965,0.3635653499999999,0.02576395326854974,1.5889874972520908,ns
b0211,-0.1101894034999997,-1.1303428499999995,-1.0201534464999997,0.025951918039382543,1.585830539043387,down
b2620,-0.6998718240000006,-0.8243924115000012,-0.12452058750000061,0.02603014685319176,1.5845233817428224,ns
b0834,0.6576510855000004,0.4038348905000002,-0.2538161950000002,0.026171359341943826,1.5821737194933467,ns
b3405,-0.09943539950000074,0.2258719374999991,0.3253073369999998,0.026206008414844887,1.5815991238615483,ns
b1648,-1.5594552519999998,-0.9630593324999999,0.5963959194999999,0.02628323036205932,1.5803212585110642,ns
b2371,0.17776601599999994,4.5312224385,4.353456422500001,0.026406538408100824,1.5782885260476018,up
b3945,-0.25361873499999965,0.23458239250000007,0.4882011274999997,0.026458067481205164,1.5774418802127264,ns
b1182,-0.154679199,0.7691618980000001,0.9238410970000002,0.026466083223450107,1.5773103261828323,ns
b1218,0.2960145070000002,0.8568565600000007,0.5608420530000005,0.02655388853633761,1.57587187208847,ns
b0810,-0.36033420700000107,-0.6237172540000002,-0.26338304699999915,0.026721407264585013,1.5731406737732054,ns
b0822,-0.26614750599999937,-0.0348756369999998,0.23127186899999957,0.026721472744880233,1.5731396095442236,ns
b1990,0.2704777384999994,0.5601248889999999,0.2896471505000005,0.0267470911430194,1.5727234423989178,ns
b0337,0.07553031450000165,-0.30605770949999833,-0.38158802399999997,0.0267789025778028,1.5722072247164764,ns
b2080,0.10385915650000124,0.8349440600000015,0.7310849035000003,0.02682715340158805,1.5714254073716447,ns
b3509,0.4419867550000012,2.262657540000002,1.8206707850000008,0.026832411021604715,1.571340302119933,up
b1395,0.34257721550000025,0.8483850480000001,0.5058078324999999,0.026981284002816044,1.5689373866852787,ns
b4353,-0.22845926849999995,0.436487655000001,0.664946923500001,0.02698521733340728,1.5688740798659742,ns
b2216,-0.01745549950000005,0.2719188659999996,0.2893743654999996,0.027028123342706968,1.5681841078418237,ns
b1197,0.4851101605000001,1.0054093954999996,0.5202992349999995,0.02717594350488492,1.5658153689766448,ns
b1015,0.33333926149999904,0.08476615649999886,-0.24857310500000018,0.027243344276876538,1.5647395813464584,ns
b1250,0.471946285,1.253540036,0.781593751,0.027244215782302243,1.5647256886341787,ns
b3863,0.07100255049999979,0.1362318414999994,0.0652292909999996,0.02732617998921791,1.5634210754261502,ns
b0400,-0.2947611779999994,0.15042812200000005,0.44518929999999945,0.027569387546659933,1.559572881629461,ns
b3641,-0.3625198625000001,-0.7297912044999992,-0.3672713419999991,0.02768638325670204,1.557733773551885,ns
b1299,-0.5322509314999988,-1.5520090564999993,-1.0197581250000005,0.027768801617938692,1.5564428621275417,down
b0904,0.8244371864999991,1.613319442999999,0.7888822565,0.02787191454505722,1.5548331982118608,ns
b4203,0.020372605000000352,-0.3466333049999992,-0.3670059099999996,0.02789924699920987,1.5544075181780574,ns
b1783,0.0357310194999996,0.7162669949999998,0.6805359755000002,0.02796687619709515,1.5533560401042639,ns
b1285,-0.2162237234999997,0.19551676599999984,0.41174048949999953,0.02798175874352426,1.5531249921814634,ns
b3779,-0.5016039624999995,-0.33626246399999893,0.16534149850000057,0.028009446796959218,1.552695468663063,ns
b1113,-0.3451875805000002,-1.8738339330000002,-1.5286463525,0.028061728317485247,1.5518855843542834,down
b1118,-0.007528635500000849,0.3089977474999994,0.31652638300000024,0.028114937184083005,1.5510628824777724,ns
b3536,-0.17376984649999944,0.06341794350000016,0.2371877899999996,0.028126870769888884,1.5508785821954334,ns
b4488,0.08121850250000134,0.6631013185000016,0.5818828160000002,0.028144716692881867,1.5506031186270637,ns
b1815,-0.4814522374999999,0.0962073015000002,0.5776595390000001,0.028172800801436238,1.5501699754443379,ns
b1130,0.20053845200000087,0.4198990705000005,0.21936061849999966,0.02823493789098462,1.549213163253198,ns
b2797,0.14613279300000045,-0.2325992074999998,-0.3787320005000002,0.028316487028412822,1.547960626646435,ns
b1913,0.2690468695000008,0.6211587310000004,0.3521118614999996,0.028375044173939788,1.5470634536936805,ns
b1955,0.18818793899999964,0.7614934814999996,0.5733055425,0.028576363806925666,1.5439930337344878,ns
b2518,-0.37415767050000065,-1.127414840000001,-0.7532571695000003,0.0286648354786648,1.5426505465079376,ns
b4383,-0.209395718500001,0.0802056649999993,0.2896013835000003,0.028683773504887454,1.5423637154676952,ns
b4378,3.30168208,4.5458309109999995,1.2441488309999995,0.02870150519875773,1.542095326876694,up
b1183,0.4308791600000001,0.7899578300000001,0.35907867,0.028868164025523828,1.5395808357569194,ns
b0839,0.3111969480000001,0.6320667560000004,0.3208698080000003,0.028886128708105398,1.5393106579953484,ns
b4365,0.3549591200000001,-0.2199670559999999,-0.574926176,0.028888354998592113,1.5392771876599358,ns
b2177,-0.6226703520000005,-0.30081985850000054,0.3218504935,0.028938791742331087,1.5385196055802393,ns
b4720,2.134061257,2.9756300435,0.8415687864999999,0.028973602309042484,1.5379975052905488,ns
b2671,0.12135028249999989,0.6378886669999999,0.5165383845,0.02903746228155939,1.5370413413215838,ns
b1797,-0.5474038225,1.1680008505000001,1.715404673,0.029203216888272255,1.5345693060901082,up
b3777,0.3260983460000002,0.9748369500000006,0.6487386040000004,0.029344337569027334,1.5324756899794507,ns
b0383,0.1168882620000002,0.5409249145000001,0.42403665249999994,0.029402672547048297,1.5316131927278216,ns
b0032,0.22521093999999842,-0.45419163200000146,-0.6794025719999999,0.02944779529696378,1.530947214500131,ns
b2432,0.5168881980000006,0.8284973180000001,0.3116091199999995,0.02977045118753788,1.5262145833320073,ns
b2150,-0.10819631349999964,-0.8806596464999998,-0.7724633330000001,0.029838102945444825,1.5252287920075145,ns
b1188,-0.36740285100000003,0.09270662400000025,0.46010947500000027,0.029873475185631874,1.5247142529179927,ns
b2630,0.08628587999999965,0.6019381509999993,0.5156522709999996,0.02992601825826415,1.5239510634304352,ns
b3100,-2.3073611255,-1.8682313585,0.43912976699999984,0.029927917125156894,1.5239235074340456,ns
b0829,0.011061374000000049,0.4691377034999995,0.45807632949999944,0.02993288192231866,1.5238514674997186,ns
b2342,-0.39997434949999966,-0.9280610919999996,-0.5280867425,0.02994318570303153,1.5237019962559317,ns
b2494,-0.0842797525000005,0.2889492359999992,0.37322898849999975,0.03020208239550323,1.5199631119535186,ns
b2199,0.4357724749999998,0.7998064985000002,0.36403402350000036,0.030333852770745243,1.5180724254687825,ns
b1326,-0.39282474749999974,0.20838697800000044,0.6012117255000002,0.03054865861769216,1.515007854741366,ns
b4214,0.8279267324999999,1.1595177554999996,0.33159102299999965,0.030643801027627315,1.5136573662280695,ns
b0192,-0.1833216395000008,0.2096566305,0.3929782700000008,0.030854869821165632,1.51067628156425,ns
b1818,-0.086720196499999,-0.45702679949999947,-0.37030660300000046,0.031012465599926823,1.5084637044535594,ns
b4321,-0.2774966110000001,-0.6883842225000004,-0.4108876115000003,0.03125699799657061,1.5050527350861849,ns
b4377,1.7560639754999996,2.977741763,1.2216777875000004,0.03160378150815126,1.5002609493478445,up
b2091,0.5275212599999994,0.29277109900000026,-0.23475016099999918,0.03160729417180622,1.5002126815268244,ns
b0772,0.5494895514999998,0.3437120654999992,-0.20577748600000056,0.03160864653320613,1.5001941000397168,ns
b2880,-0.7439979984999998,-0.5115472434999997,0.23245075500000012,0.03163909677319734,1.4997759231520924,ns
b3937,-0.4658488215000003,-0.25684850100000034,0.20900032049999995,0.031659382970003036,1.4994975536345656,ns
b2308,0.4957528870000001,0.25060483049999943,-0.24514805650000066,0.03188681455292238,1.4963888639864809,ns
b2028,0.5295701195000002,0.8454980475000005,0.31592792800000025,0.03192386814356642,1.495884491643792,ns
b3960,0.558654864000002,-0.06800520799999885,-0.6266600720000008,0.031936534041715745,1.4957122180733633,ns
b0773,-0.21721178699999782,0.4222062825000017,0.6394180694999996,0.032105689434975146,1.4934179996428152,ns
b4060,0.3939110555000003,0.9738644590000005,0.5799534035000002,0.032166979685813855,1.4925897152050849,ns
b1568,0.5571608014999998,1.0241588409999998,0.46699803949999996,0.032195430392414945,1.4922057648317888,ns
b0325,0.2852781145000009,0.6097714895000017,0.3244933750000008,0.032262935781053104,1.4912961163177838,ns
b1292,-0.1034909370000005,0.32607155899999934,0.42956249599999985,0.03227605293536508,1.4911195809264584,ns
b3448,-0.6390684845000005,-0.061077148999999845,0.5779913355000007,0.03251312132941783,1.4879413353002076,ns
b1634,0.2831234785000001,0.6220034575,0.3388799789999999,0.03273996659747038,1.484921768007208,ns
b1702,0.09461400250000015,0.6472857175000009,0.5526717150000007,0.03277373106859573,1.4844741143007365,ns
b2905,0.0982923660000003,-0.4570357995000003,-0.5553281655000006,0.03280731420993819,1.4840293219317542,ns
b2107,-0.3677159234999987,0.15216972750000046,0.5198856509999992,0.03290797513992354,1.4826988394501421,ns
b0896,0.8607309555,1.492774849,0.6320438934999999,0.03292405956185882,1.482486621314648,ns
b3735,-0.0329817800000001,-0.48018985000000036,-0.4472080700000003,0.032944620699753034,1.482215488236418,ns
b1045,-0.14639094500000024,0.38440671350000066,0.5307976585000009,0.032975082719841314,1.4818141063282062,ns
b1216,0.0779852285000002,-0.6182395229999997,-0.6962247515,0.03305360912341493,1.4807811129769166,ns
b2148,0.4331941310000004,-0.2893578904999994,-0.7225520214999999,0.03317096718313733,1.4792418653458848,ns
b0064,0.31059627850000027,0.0225367835000005,-0.2880594949999998,0.0334437367431382,1.4756852038329111,ns
b1814,0.0958662389999998,0.45486700450000006,0.35900076550000026,0.03344767629391458,1.4756340485324724,ns
b2923,-0.36698173399999984,-0.11402494249999945,0.2529567915000004,0.033470022943329035,1.4753439899380765,ns
b3037,-0.20612539349999975,-0.6396609034999994,-0.4335355099999996,0.03353656460189698,1.4744814274441147,ns
b1500,0.839797896,5.557033887499999,4.717235991499999,0.033546884159804245,1.4743478109657469,up
b4065,0.0896783254999995,0.349960151499999,0.2602818259999995,0.033558070225490726,1.474203021458285,ns
b3159,-0.6918586860000001,0.22114626099999984,0.9130049469999999,0.03360715392298023,1.4735682649146682,ns
b3816,0.31199206049999834,-0.29142392699999986,-0.6034159874999983,0.03374982377235622,1.4717284905334918,ns
b3289,-0.26877975099999984,-0.19504428900000015,0.0737354619999997,0.033796226949260634,1.4711317821655734,ns
b0283,-0.32292665500000006,0.21553346699999995,0.538460122,0.03389458064490839,1.4698697349579282,ns
b0581,-0.32222271400000047,0.2067140794999993,0.5289367934999998,0.03397143732448736,1.4688860778315316,ns
b0814,-0.20241988999999982,0.39276811000000045,0.5951880000000003,0.03399242151182872,1.4686178965594494,ns
b1760,-0.9576138260000002,0.3381486374999998,1.2957624635,0.03399702915917256,1.4685590322562583,up
b3033,-0.6282367440000001,-0.39481149400000026,0.2334252499999998,0.03401760220568973,1.4682963017033892,ns
b2013,0.2336224725000013,0.9302633700000009,0.6966408974999996,0.03419288446885408,1.4660642611201475,ns
b3611,0.21571662850000006,0.015135134000001198,-0.20058149449999887,0.03423925616110538,1.465475678826554,ns
b3260,-0.0221627510000006,-0.2345624190000004,-0.21239966799999982,0.03445235245874856,1.4627811184596247,ns
b1087,0.0581840864999998,0.34028591449999984,0.28210182800000005,0.03450363358782196,1.4621351668384543,ns
b2611,-0.31702090599999977,-0.05711095350000005,0.2599099524999997,0.03463108565767695,1.460533893441941,ns
b1994,-0.22665886600000013,-0.665859003,-0.4392001369999999,0.03465059512098919,1.4602893020177685,ns
b4555,0.7358276855000003,1.4870369515000008,0.7512092660000005,0.03466791400829749,1.4600722893485212,ns
b1039,0.6853608309999992,1.4229984535,0.7376376225000008,0.03487579855992999,1.4574758394545315,ns
b2469,0.10262575500000026,0.6549780040000002,0.5523522489999999,0.03491425915558623,1.456997168804244,ns
b1780,0.997248688,0.5847672020000001,-0.4124814859999999,0.03517786783306889,1.453730487118315,ns
b1448,-0.18146995949999972,0.4276988264999999,0.6091687859999997,0.03525889571524699,1.4527312936329742,ns
b1623,-0.3438783394999998,-0.7156772849999999,-0.37179894550000014,0.035327353492702114,1.4518888960088658,ns
b1541,1.8252206799999997,4.469911762999999,2.644691082999999,0.03544180231150552,1.4504842011744026,up
b3895,-0.032108509499999556,0.376978830000001,0.40908733950000054,0.0355805340528347,1.4487875375770376,ns
b2943,-0.00154237249999945,0.12442987950000045,0.1259722519999999,0.035617086073657496,1.4483416141792553,ns
b0767,-0.30195241799999906,0.09837125049999955,0.4003236684999986,0.03572586757061513,1.4470172159574013,ns
b1961,-0.3162901590000011,-0.16663119099999996,0.14965896800000117,0.0359590477110542,1.444191818031983,ns
b1226,-0.0216799040000002,1.356071562,1.377751466,0.03608850477700314,1.4426311113056602,up
b2608,0.20557771500000038,-0.0134503749999996,-0.21902808999999998,0.03622574157239458,1.44098271538053,ns
b2497,0.30773937400000134,-0.6215885664999994,-0.9293279405000008,0.03639631205208844,1.4389426201028859,ns
b3058,0.8265695165000002,0.5312726685000002,-0.295296848,0.036453591346002095,1.4382596792823794,ns
b2954,-0.6997238015000002,-0.9322153949999992,-0.23249159349999893,0.03680411114263218,1.43410366646682,ns
b1608,-0.5311868694999986,0.25640966800000115,0.7875965374999998,0.03693597187280699,1.4325504691773334,ns
b4061,-0.19697883650000025,0.22237377149999954,0.4193526079999998,0.03695767611271559,1.43229534489658,ns
b0972,1.0726122189999998,2.2244589909999997,1.1518467719999999,0.03701311366965328,1.4316443790316278,up
b4658,1.3867585179999997,2.0073407635000002,0.6205822455000005,0.03702632176482836,1.4314894290950655,ns
b2809,0.4468968805000002,1.2461719335000003,0.7992750530000001,0.03706464745480365,1.4310401263708257,ns
b2971,0.14607835150000076,-0.7585532539999993,-0.9046316055000001,0.03708867218813528,1.4307587145734728,ns
b2389,-0.06664790250000015,0.2528107539999997,0.3194586564999998,0.03717200872674745,1.4297839695642005,ns
b3230,-0.6573156850000013,-0.9849595050000007,-0.3276438199999995,0.037222647319011336,1.4291927425660014,ns
b0828,0.10524421000000125,0.6295309305000005,0.5242867204999992,0.037295893842462215,1.4283389799801502,ns
b0714,-0.5382425024999997,-0.43779814199999967,0.10044436050000005,0.03741226166838184,1.4269860367788505,ns
b2097,0.26149263899999914,0.8850752609999999,0.6235826220000007,0.03742487856550499,1.4268396001610397,ns
b3418,-0.3471041059999993,-0.8259202414999995,-0.47881613550000024,0.03751684019821123,1.4257737465794469,ns
b0802,-0.6660498479999992,-0.1834994304999986,0.4825504175000006,0.03756093396571211,1.425263617388032,ns
b4077,0.2693485564999998,0.6236209225000002,0.35427236600000045,0.03764749458723637,1.4242639204763754,ns
b0384,-0.4946988975000006,0.1019954604999995,0.5966943580000001,0.03774867740875016,1.4230982600386064,ns
b1525,0.47984113949999996,0.825084726,0.3452435865000001,0.037881165931509614,1.4215766624610473,ns
b0936,0.629836988,1.5929704255000001,0.9631334375000001,0.03801097209170009,1.4200910236180782,ns
b3770,0.08294047600000004,0.42290715949999935,0.3399666834999993,0.03803525211445386,1.4198137007037368,ns
b1344,-0.03027322900000005,-0.23039663350000025,-0.2001234045000002,0.038220897510562186,1.4176991189736254,ns
b3882,0.4923318910000001,-0.1479747004999999,-0.6403065914999999,0.038346808279598216,1.4162707778491137,ns
b4200,-1.01239889,-1.3720530450000004,-0.3596541550000003,0.03838465212669252,1.41584239097331,ns
b0399,-0.0384966644999997,0.24556135299999976,0.2840580174999995,0.038522554062991564,1.4142849266697224,ns
b1800,0.11431316850000024,0.7015970460000007,0.5872838775000004,0.03860195102611551,1.4133907445908627,ns
b1854,0.4405353615000003,0.7115484424999998,0.27101308099999954,0.03864731226230747,1.41288070382164,ns
b1732,0.3671282684999997,0.8832420365000004,0.5161137680000007,0.03865024364493477,1.412847764014293,ns
b3665,-0.4160208129999998,-0.9865994904999997,-0.5705786774999999,0.03877135134093621,1.4114890617814395,ns
b0790,-0.1342319254999999,0.4554955364999995,0.5897274619999995,0.039113474739326304,1.4076736007422443,ns
b0598,-0.1486623854999984,-1.2154395109999991,-1.0667771255000007,0.039177550437382955,1.4069627216027631,down
b4034,-0.5638833115000006,-2.1726865870000007,-1.6088032755000001,0.03927500737627669,1.4058837247227194,down
b3511,0.06962909750000089,1.6879238240000003,1.6182947264999994,0.039307870348089996,1.4055204850816483,up
b0777,-0.6845858295,-1.0376580939999998,-0.35307226449999973,0.03933721957908718,1.4051963399970997,ns
b3135,-0.18713928050000025,0.41612970299999974,0.6032689835,0.03946512903945271,1.4037864728401022,ns
b1202,0.08528212549999994,0.4398875709999998,0.35460544549999984,0.03966919898339831,1.4015465688881446,ns
b2752,0.1311006205000007,0.25066204849999973,0.11956142799999903,0.039760968356864906,1.4005430471388656,ns
b0708,-0.41570341300000013,0.0998670659999998,0.515570479,0.03986025267193519,1.3994599526581257,ns
b3521,0.5311061955,0.16235239500000048,-0.36875380049999956,0.03998100863073606,1.3981462538087601,ns
b2341,-0.1545282720000007,-0.4121197244999997,-0.257591452499999,0.039998811094785654,1.3979529172382292,ns
b0993,0.06091574300000001,0.5484991799999999,0.48758343699999984,0.04003069071161296,1.3976069162737574,ns
b3486,0.20753525500000025,-0.1187970054999998,-0.3263322605000001,0.04013744429932596,1.3964502841164945,ns
b0573,0.27114478450000057,0.8073585900000007,0.5362138055000001,0.04016286973365864,1.396175263368876,ns
b1593,0.2363447665000002,1.3759007120000009,1.1395559455000006,0.04016988693599749,1.3960993906517365,up
b3340,0.22399086000000065,-0.07797715500000005,-0.3019680150000007,0.04066281992560163,1.3908025067687602,ns
b3512,0.5927308464999994,2.520229036000001,1.9274981895000014,0.040850341617880044,1.3888043072554368,up
b2179,0.1064060094999999,0.29394470399999983,0.18753869449999994,0.04091930853691615,1.3880717136973895,ns
b3726,0.18193395150000047,0.4393371790000007,0.2574032275000002,0.04094042619808487,1.3878476405569276,ns
b2369,-0.2793685375000003,-0.06837954249999931,0.21098899500000098,0.04102099706515102,1.3869937877845564,ns
b1004,-0.21795448800000014,0.4585683920000001,0.6765228800000003,0.041102466556785754,1.3861321153536383,ns
b2415,-0.5187206799999995,-0.8508587250000001,-0.33213804500000066,0.0411233446429097,1.3859115705476,ns
b2568,-0.11448535199999996,-0.1370772274999998,-0.02259187549999983,0.041285726609186627,1.384200067624122,ns
b0721,-0.8401679299999989,-1.3278106929999982,-0.4876427629999993,0.04130869539149145,1.3839585206666754,ns
b1845,0.14703333199999946,0.5719947405000001,0.42496140850000064,0.04134962471404026,1.3835284277162971,ns
b2794,0.40195022199999997,0.2970563905000003,-0.10489383149999965,0.04135670693802052,1.3834540495945666,ns
b3231,-0.3252274600000007,-0.6526742850000007,-0.327446825,0.04135803145762046,1.3834401407902923,ns
b0353,0.24108035650000015,0.4483078045000002,0.20722744800000004,0.0414188950992938,1.3828014906352273,ns
b4352,-0.396744403,-0.0519999704999993,0.34474443250000075,0.0414827085793949,1.3821328944555928,ns
b2465,0.13107885849999956,0.6680214634999997,0.5369426050000001,0.04179754824757029,1.3788491922388286,ns
b0276,0.8434822479999999,1.2064978264999997,0.36301557849999977,0.04188436802328666,1.3779480330703326,ns
b0179,-0.4334650274999996,-0.3272589459999997,0.10620608149999988,0.041918041635217666,1.3775990153107227,ns
b1982,-0.5710673899999987,-0.3489920584999986,0.22207533150000014,0.04199909777467943,1.3767600390232135,ns
b1655,-0.06034631749999915,0.2566236265000006,0.3169699439999997,0.04202316015992208,1.3765112915680777,ns
b0724,-0.38164186749999907,-0.8548142879999991,-0.4731724205000001,0.04213059799419332,1.375402376530991,ns
b1454,0.011659946,0.7398028585000005,0.7281429125000005,0.04220445056140323,1.3746417492197684,ns
b0709,0.12039635350000025,0.3087708940000007,0.18837454050000044,0.04228754855941412,1.373787490496934,ns
b0805,-0.27863172250000007,-0.8369706600000004,-0.5583389375000003,0.04231684573459013,1.3734867117459237,ns
b3055,-0.2660858195000002,0.2565893315000003,0.5226751510000005,0.04244535794080008,1.3721697996705058,ns
b3870,-0.4572008549999991,-0.9569392249999984,-0.4997383699999993,0.04244610346643946,1.3721621716319272,ns
b3888,0.5908660779999995,0.9293702879999999,0.3385042100000004,0.04265963764010331,1.36998283785921,ns
b2297,-0.2727529225000014,0.17346701249999968,0.44621993500000107,0.042749486788361074,1.3690690946509128,ns
b4035,-0.9965481975000001,-2.7922053665,-1.795657169,0.04277945640816308,1.3687647382412342,down
b2414,0.050529275000001456,0.39100977000000103,0.34048049499999955,0.04288183427635443,1.3677266459118094,ns
b1585,0.1878082119999993,0.560885554,0.37307734200000064,0.04294133421043045,1.367124465926184,ns
b3396,0.31139075600000155,0.0619153270000012,-0.24947542900000036,0.04304528628084968,1.3660743994786042,ns
b3964,-0.1325355254999993,0.21837424850000084,0.3509097740000001,0.04307021822086754,1.3658229278222962,ns
b3594,0.681875818,1.232255582,0.5503797640000001,0.043169203693323055,1.3648259623417707,ns
b1953,1.010498325,1.7730183225000005,0.7625199975000005,0.043175299867947194,1.364764637419044,ns
b0388,-0.11609291600000124,0.29826544799999954,0.4143583640000008,0.04323564529184385,1.3641580547964736,ns
b1214,0.06250065899999985,0.28662950049999963,0.2241288414999998,0.04348534264799896,1.3616571035001204,ns
b1653,-0.009105772500000098,0.5345679219999999,0.5436736945,0.043833058911871135,1.3581982208315242,ns
b4568,-0.04872800850000036,0.6571399649999989,0.7058679734999993,0.04387726437178271,1.3577604573342215,ns
b0499,1.5966373965000002,2.1267127865,0.5300753899999999,0.04388751586009562,1.3576590005809754,ns
b0478,0.10630078949999919,-0.40586486549999984,-0.512165654999999,0.04420158655583708,1.3545621419613338,ns
b2193,0.9262292990000014,1.2435251475000006,0.31729584849999926,0.0445161268347077,1.3514826288720976,ns
b2128,0.17283897350000016,0.7176452444999999,0.5448062709999997,0.044652604073622953,1.3501532086270125,ns
b0132,0.602932894,1.14762069,0.5446877960000001,0.044788982719137074,1.3488288014642766,ns
b2086,0.09860831950000021,0.785927284,0.6873189644999997,0.04497094277929109,1.3470680077055313,ns
b0109,-0.7564184344999996,-0.5921028499999998,0.16431558449999972,0.04526694481677591,1.3442188161738589,ns
b2698,-0.31794610200000006,0.3706614229999998,0.6886075249999999,0.04531991192372681,1.3437109428306306,ns
b2023,0.7831847984999998,0.33927082649999996,-0.4439139719999998,0.045354073941588274,1.3433836962359582,ns
b4017,-0.06702631249999985,-0.4374430895,-0.37041677700000014,0.04560439626840225,1.34099328928561,ns
b2942,-0.3312030249999997,-0.0200733949999998,0.31112962999999993,0.04566065847686799,1.3404578297969838,ns
b2913,0.33686367999999955,0.5099174199999998,0.1730537400000003,0.045684782556802174,1.3402284378334346,ns
b2261,-0.2522925099999997,0.0808894670000004,0.3331819770000001,0.04578341370897315,1.339291828531348,ns
b0396,-0.29893966350000056,-0.0514519105000004,0.24748775300000017,0.04582423337307344,1.3389047919332062,ns
b4189,0.022005994000000598,0.4873897205000004,0.4653837264999998,0.04583744874096846,1.3387795626932333,ns
b1967,0.36242714900000017,0.9580958185000004,0.5956686695000002,0.04600087464038221,1.3372339107558073,ns
b1106,-0.09948997300000026,0.10338607799999976,0.202876051,0.046233602207310126,1.3350422679763363,ns
b1086,0.2271862709999985,0.005662851999999498,-0.221523418999999,0.04628213884545078,1.3345865791214737,ns
b0929,0.36835139000000083,-0.7155280699999986,-1.0838794599999995,0.04639481485757495,1.3335305540264724,down
b0575,0.1912992480000004,0.4730398680000003,0.2817406199999999,0.04652183531863672,1.3323431603874027,ns
b1874,-0.9164668519999997,-0.6595190699999991,0.25694778200000057,0.04658529192138034,1.3317511787100411,ns
b3336,1.051673695499999,1.5975545114999985,0.5458808159999995,0.046932676435638615,1.3285246785152844,ns
b1461,-0.2841576324999999,0.15488024350000051,0.43903787600000044,0.04696838851837178,1.3281943401698428,ns
b2106,-0.3758151214999991,-0.9412320619999992,-0.5654169405,0.04697106935697875,1.328169552430153,ns
b0167,-0.6417515230000008,-0.36047430800000146,0.28127721499999936,0.04702423878988214,1.3276782259111182,ns
b1302,0.15349950699999976,-1.1703951474999998,-1.3238946544999997,0.04707875714959073,1.3271750107861056,down
b0186,-0.006468189999999201,0.21564798050000084,0.22211617050000004,0.047146685976315286,1.3265488291786596,ns
b1296,-1.0624779240000004,-1.6656667745000004,-0.6031888505,0.04727914560877089,1.3253303802813885,ns
b0919,0.17819050800000052,1.023622215500001,0.8454317075000004,0.04764187250672132,1.3220111774295018,ns
b1724,0.5195471524999995,1.1559438839999991,0.6363967314999996,0.04781707260938657,1.3204170151818793,ns
b0651,-0.19973558950000034,-0.6904677260000001,-0.4907321364999997,0.04800704473686061,1.3186950279191336,ns
b2924,-0.06404079499999854,0.3243578620000003,0.3883986569999988,0.0480626311736287,1.3181924575664754,ns
b0386,0.076448456,0.24830030650000046,0.17185185050000046,0.048254552857936985,1.3164617043347604,ns
b4335,-0.4129390880000001,0.3393789669999998,0.7523180549999999,0.048360006426104704,1.3155136501019682,ns
b0893,-0.7316468270000005,-0.5439391180000008,0.18770770899999967,0.048397683742490226,1.3151754226929075,ns
b2367,0.15541272700000008,3.39292335,3.2375106229999995,0.04843210737442091,1.3148666335516332,up
b0024,-1.423967213,-0.39681439549999986,1.0271528175000002,0.04849699595717542,1.3142851620086193,up
b0928,0.35637001999999995,0.5784595150000005,0.22208949500000053,0.04852358976917355,1.3140470775648625,ns
b2137,-0.018021367000000246,0.6203642774999998,0.6383856445,0.048529539150717366,1.3139938328398917,ns
b2476,-0.7623217214999993,-0.601102397,0.16121932449999932,0.04870264536640571,1.3124474487067066,ns
b1221,-0.5649499589999998,-0.35905630350000006,0.20589365549999972,0.04879681303355368,1.3116085412583247,ns
b2318,1.5426863910000002,1.6209796240000003,0.07829323300000013,0.048965265686460244,1.3101118846614084,ns
b1442,-0.43846153349999994,-0.032845209000000146,0.4056163244999998,0.04914220277255851,1.3085453804052658,ns
b0912,-0.2172580400000017,0.07953745000000009,0.2967954900000018,0.04918924045071927,1.3081298834908446,ns
b2380,-0.4312343544999995,-0.11426350999999929,0.3169708445000002,0.0492136389888328,1.3079145208765246,ns
b0728,0.4230395299999996,0.08693184499999954,-0.3361076850000001,0.049277288217477566,1.3073531998815857,ns
b1832,0.7272305275000006,0.9681655994999998,0.2409350719999992,0.04928335223681168,1.3072997592763675,ns
b2143,0.6437373284999999,1.4476151305000005,0.8038778020000006,0.04928892426931868,1.3072506602181104,ns
b1003,-0.1637421905000016,0.5721317184999988,0.7358739090000004,0.04934652351120169,1.3067434381936163,ns
b0832,0.7412819174999998,1.1857725965,0.4444906790000003,0.04945976264008169,1.3057479721710437,ns
b2501,-0.2498267645000003,-0.0800932284999995,0.1697335360000008,0.04959045292506575,1.3046019251438872,ns
b1714,-0.31813206300000196,-0.5991796080000018,-0.28104754499999984,0.049617999933178905,1.3043607458173425,ns
b3746,-0.4187296899999997,-0.07942362600000005,0.33930606399999963,0.04971093016055804,1.303548110531927,ns
b3725,-0.6289502635000002,-0.26485316100000045,0.3640971024999997,0.0497157738000537,1.3035057966298633,ns
b1860,-0.14894363549999975,0.07893922850000029,0.22788286400000005,0.049721371629730456,1.3034568992780475,ns
b4587,-0.2996516939999996,-0.00877972849999905,0.29087196550000055,0.0498277445123273,1.302528771027214,ns
b3693,-0.6005399114999999,-0.10442479499999965,0.4961151165000002,0.04983989889060768,1.3024228473941455,ns
b2995,0.544146166,1.0283659150000002,0.4842197490000002,0.049868711043632656,1.3021718568442415,ns
b1143,0.8685907955000003,1.3110106085000002,0.4424198129999999,0.050061255800303815,1.3004982601952013,ns
b2416,-0.2661751849999998,-0.6064016500000005,-0.34022646500000064,0.0503118633410611,1.2983295979245968,ns
b4056,-0.6260793025,0.037790035500000055,0.663869338,0.05061118341015529,1.2957535077318851,ns
b0977,0.5527990600000001,1.3662741705,0.8134751105,0.050641176675748745,1.2954962118009765,ns
b1826,0.7493477104999999,1.4568951895,0.707547479,0.05066229124112366,1.295315172799026,ns
b1891,-0.30487832749999955,-0.6677097160000001,-0.3628313885000005,0.050702825579850286,1.2949678375198492,ns
b0150,-0.4371529489999988,-0.20437707099999874,0.23277587800000005,0.05090895568111051,1.2932058117543113,ns
b3284,0.4700455925,0.7623218015000006,0.2922762090000006,0.05094286583818672,1.2929166270461119,ns
b2899,-0.1148284259999994,0.10902278700000065,0.22385121300000005,0.05095502573938145,1.2928129746950638,ns
b1431,0.2369844850000002,0.360599772,0.1236152869999998,0.051068306944076984,1.2918485399716217,ns
b0935,0.5469804899999997,1.4723322894999997,0.9253517995,0.05143239415562981,1.2887632589886886,ns
b3485,0.5442534329999997,0.10178162949999955,-0.44247180350000015,0.051452112178172305,1.2885967921649804,ns
b1868,-0.8099605460000006,-0.22964428850000068,0.5803162574999998,0.05168093757780574,1.2866696161202893,ns
b1380,2.4649587205000003,2.823999563,0.3590408424999998,0.05173318396425888,1.286230791732901,ns
b3354,0.09877039799999959,0.29771146150000094,0.19894106350000135,0.05177460584329248,1.2858831986775745,ns
b3847,0.3663860554999987,0.15296229749999934,-0.21342375799999935,0.05181578262286485,1.2855379378988967,ns
b1404,1.2045091970000001,1.5053002145,0.3007910174999999,0.05198669913474856,1.284107756966774,ns
b3919,-0.501373030499999,-0.3623345799999988,0.13903845050000024,0.05215186871894533,1.2827301252089605,ns
b3156,-0.5864052069999994,-0.3699002269999996,0.21650497999999985,0.05219335047254926,1.282384823377626,ns
b1097,-0.4380987705000003,-0.30785192250000026,0.13024684800000003,0.05226518435411296,1.2817875133857468,ns
b1223,0.2293288704999997,2.270260295,2.0409314245,0.05259709031645121,1.279038280455798,ns
b0628,-0.5039878829999984,0.08888150300000094,0.5928693859999994,0.052602607739109214,1.2789927254540028,ns
b0464,0.48433599450000075,0.2200259610000006,-0.26431003350000015,0.05279495787904148,1.2774075522743609,ns
b4029,-0.13531102400000017,0.1848527649999998,0.320163789,0.05301162283563099,1.2756289005882937,ns
b4319,1.2937380885,1.6644101140000003,0.3706720255000002,0.05310974561065982,1.2748257787945945,ns
b2467,-0.0969680424999999,0.2959435264999999,0.3929115689999998,0.05318037505582556,1.2742486041217689,ns
b1793,-1.485605262,-0.9129058715,0.5726993905,0.05324654305536595,1.2737085828322015,ns
b3218,-0.1500919985000002,-0.5510931349999995,-0.40100113649999924,0.05334455364178374,1.2729099144599942,ns
b4725,-0.16204916549999954,0.0389605724999992,0.20100973799999874,0.0536989004480365,1.2700346069305988,ns
b4039,-0.0995440749999989,-0.26185351349999925,-0.16230943850000035,0.0538988365434568,1.268420609362614,ns
b2277,0.5850088404999996,0.8896715389999992,0.3046626984999996,0.05395530417748789,1.2679658547478605,ns
b3572,-0.3195358300000004,-0.10679665199999985,0.21273917800000056,0.0539577476860939,1.267946187019334,ns
b2928,-0.3373868079999993,-0.042246597499999705,0.2951402104999996,0.05405697087141968,1.2671482940180787,ns
b3734,0.16123617499999904,-0.245135975000001,-0.40637215000000004,0.05428289430874192,1.2653370042546654,ns
b1489,-0.12418367149999995,0.4308715355000001,0.5550552070000001,0.05428757098208007,1.2652995897806603,ns
b0696,-0.4389826419999996,0.003140242500000251,0.4421228844999998,0.054502048295838136,1.2635871757625536,ns
b2111,1.058715254,1.8585507055000001,0.7998354515000001,0.054528801276781697,1.2633740494358863,ns
b2927,-0.0412743829999997,-0.34470529849999965,-0.30343091549999995,0.05453827640921662,1.2632985913264465,ns
b2019,0.6664522975000002,0.10319965650000015,-0.563252641,0.05459222849327393,1.2628691771251075,ns
b1786,0.4300625040000001,1.1815230895000002,0.7514605855000001,0.05469867732975164,1.26202317522663,ns
b3008,0.07287666549999991,0.40480254499999946,0.3319258794999995,0.054703235943691024,1.2619869824248606,ns
b1108,0.3210642910000008,0.7393243225000008,0.4182600315,0.05473504915389331,1.2617344875686165,ns
b2951,-0.0341549974999986,-0.29981660449999925,-0.26566160700000063,0.054922548183382505,1.2602493214660693,ns
b3189,-0.0061896069999991,-0.24918932899999863,-0.24299972199999953,0.05495035015263718,1.2600295358360567,ns
b3551,-0.17509040500000012,0.0373231230000002,0.21241352800000032,0.054997358463934,1.2596581692709747,ns
b0482,-0.5108124349999992,-0.16479077549999885,0.3460216595000003,0.05508437518980609,1.25897157231258,ns
b1044,0.45660487750000023,1.3576585035000002,0.9010536259999999,0.05513374528540759,1.2585825044999133,ns
b0163,0.3749201249999991,0.580873702499999,0.20595357749999993,0.05521904203345496,1.2579111319813114,ns
b4492,0.7168755529999999,0.8918169470000001,0.1749413940000002,0.05529222434350538,1.2573359385351464,ns
b2777,1.8499865510000002,2.293439115,0.44345256399999977,0.05547590268452352,1.2558956223502495,ns
b1317,-0.468356927,0.21782876099999993,0.6861856879999999,0.05563760834653671,1.2546315469802418,ns
b4596,0.11248684150000085,0.8941091055000001,0.7816222639999992,0.05568767718668469,1.254240896781528,ns
b0734,0.3432221575000005,0.7849312814999996,0.44170912399999906,0.0557705094931298,1.2535953879803032,ns
b4112,-0.3914008815000005,0.303328043,0.6947289245000006,0.0557956778005062,1.2533994422827226,ns
b4049,0.0372026614999998,-0.21733607349999934,-0.25453873499999913,0.05586344324267375,1.252872299297261,ns
b1819,0.1491379209999985,-0.21066837700000104,-0.3598062979999995,0.05589227418387373,1.2526482191474961,ns
b3457,0.8019011629999993,0.42141529449999826,-0.380485868500001,0.05601375387487722,1.251705321233862,ns
b1856,-0.2085163915000003,0.22753541799999955,0.43605180949999983,0.05621699853855746,1.2501323453692639,ns
b1177,1.1960079945000013,1.503399400500002,0.3073914060000007,0.056315979638710975,1.2493683567609237,ns
b1599,-0.36138316049999974,-2.1191970885,-1.7578139280000002,0.05647282959308657,1.2481604512240498,ns
b4225,-0.31621700650000095,0.009326183999999401,0.32554319050000036,0.05657053627515672,1.2474097042322367,ns
b1857,-0.12595006299999983,-0.06379007899999985,0.06215998399999999,0.05659526824703738,1.247219877294131,ns
b2039,0.6737223575,0.5372450765000005,-0.13647728099999945,0.05681900294606741,1.245506391500452,ns
b0034,0.9851973215000003,0.4343173844999999,-0.5508799370000004,0.05682913984823895,1.2454289172790505,ns
b2529,-0.7961301720000016,-1.2193458560000021,-0.42321568400000054,0.056906904439153104,1.2448350380353008,ns
b0236,-0.2335095095,-0.44764608149999996,-0.21413657199999997,0.057168878460160694,1.24284032769724,ns
b4213,0.1706573434999994,-0.08795850300000024,-0.25861584649999964,0.05750227435141119,1.2403149775932594,ns
b1867,-0.5414140119999997,0.00011695450000015137,0.5415309664999999,0.05754183867799616,1.2400162648831343,ns
b4551,-1.164235492,-0.5615340139999998,0.6027014780000002,0.057581828256232453,1.239714550138935,ns
b0946,0.41610604299999965,0.6939437750000002,0.2778377320000005,0.05761148440335271,1.2394909347043925,ns
b3161,0.11354931799999994,0.4447878379999999,0.3312385199999999,0.057790338446175336,1.2381447621026433,ns
b1249,0.29044495999999986,0.5285200569999997,0.23807509699999985,0.05785121133148439,1.237687543037699,ns
b0927,-0.1080724170000002,0.23097046400000026,0.33904288100000046,0.058146948711494166,1.2354730701449792,ns
b4051,0.3004043110000016,0.8702951115000004,0.5698908004999987,0.05815508903231068,1.235412275055127,ns
b2077,-0.3964775335000001,0.10598231249999965,0.5024598459999997,0.05822766730298409,1.2348706081013938,ns
b1046,0.22412404049999957,0.6105176864999997,0.38639364600000015,0.05829987046066276,1.2343324102200914,ns
b0831,0.31717809299999944,0.7799440460000002,0.4627659530000008,0.05835630943856565,1.2339121815000855,ns
b1210,0.44049099050000073,0.740279327000001,0.29978833650000025,0.058446626579230276,1.2332405503756176,ns
b0898,0.4060416810000005,1.3879016215000002,0.9818599404999997,0.05845737610714523,1.2331606820980154,ns
b1427,0.11797515300000015,0.5796490374999999,0.4616738844999997,0.058474040090440826,1.2330368988364055,ns
b2312,-0.06811450799999891,-0.3833182255,-0.3152037175000011,0.05853538621772467,1.2325815118159371,ns
b3738,0.2524687150000009,-0.0967823749999983,-0.3492510899999992,0.058628528562504924,1.231891005443442,ns
b3812,-0.34744877600000024,-0.18670035650000025,0.1607484195,0.05875302129428133,1.2309697954784096,ns
b0858,-0.3237179584999996,-0.08110605599999984,0.24261190249999978,0.05876603718769975,1.230873594389245,ns
b0435,-0.6368327820000008,-0.300234208,0.3365985740000008,0.058796859593502775,1.2306458694618667,ns
b1120,-0.6139884715000008,-0.4913023385000006,0.1226861330000002,0.058851081389148116,1.2302455525822296,ns
b0619,-0.20052418749999984,-0.021694628499999903,0.17882955899999994,0.05890465100884354,1.2298504127217313,ns
b1453,0.34800565799999994,-0.3121220979999997,-0.6601277559999996,0.058937596943277826,1.2296075755704141,ns
b1014,0.29768700600000075,0.9904293210000006,0.6927423149999998,0.05908607174081525,1.228514882553714,ns
b1314,0.3769489905000001,0.11345986999999995,-0.2634891205000001,0.05921312223746134,1.2275820384830958,ns
b2562,0.516703700499999,0.8299235639999991,0.3132198635000001,0.059444560537908385,1.2258878792530237,ns
b0994,-0.23275047949999988,0.1652839620000001,0.3980344415,0.059482147984789686,1.225613356876752,ns
b0894,0.38441667449999994,1.6281375264999998,1.2437208519999998,0.05964893740972799,1.2243972884764898,ns
b1962,0.24603874300000061,0.6722086460000005,0.4261699029999999,0.05968829147462059,1.2241108522318633,ns
b4242,0.7545055570000003,0.9409884615000008,0.1864829045000005,0.05969543520557045,1.224058877259701,ns
b0866,0.3073208514999992,0.6234310429999996,0.3161101915000004,0.059814623843590854,1.2231926240694455,ns
b1163,-0.0290944479999999,0.0965533814999997,0.1256478294999996,0.05983082208482446,1.2230750298430597,ns
b1384,0.04705436849999975,-0.4411544845000004,-0.48820885300000016,0.05987908477216333,1.2227248462955314,ns
b0763,0.031335276000001,-0.3276771389999995,-0.35901241500000053,0.0598983012733795,1.2225854941058267,ns
b2701,0.39951295100000017,0.6255634815000004,0.22605053050000024,0.06013687780741244,1.2208591233956412,ns
b2326,-0.0466542465000001,0.18652699700000006,0.23318124350000016,0.060226598950235355,1.2202116611337537,ns
b3527,0.14437211749999915,0.5848402149999994,0.44046809750000027,0.06043080750808238,1.218741602442572,ns
b2753,-0.1321024254999998,0.24024629599999997,0.37234872149999976,0.06056229780529486,1.2177976555484626,ns
b0741,-0.3641575949999991,-0.7178870349999995,-0.3537294400000004,0.060901333710379424,1.2153731964194097,ns
b0170,-0.1557782850000002,-0.38182008500000014,-0.22604179999999993,0.060922618879966486,1.2152214359224707,ns
b1055,-0.5227170250000004,-1.1422778070000001,-0.6195607819999998,0.061037499082782595,1.2144032692340123,ns
b2909,-0.2817816499999992,-0.1787942594999996,0.10298739049999961,0.06112510697327838,1.213780367821471,ns
b0479,-0.00152195099999905,0.5962389135000006,0.5977608644999997,0.061177764576824105,1.2134063960941777,ns
b4002,-1.1549926515000002,0.2765799824999997,1.431572634,0.061239036361239334,1.2129716518452496,ns
b2488,-0.30704857999999996,0.05375418149999995,0.3608027614999999,0.06124229168689537,1.21294856636778,ns
b4330,-0.20383881649999985,0.36751484250000005,0.5713536589999999,0.061254083211945795,1.2128649558236693,ns
b0567,-0.0322015634999999,-0.2091580449999999,-0.1769564815,0.061345228948062595,1.2122192083583703,ns
b1970,0.55816153,0.9146062254999996,0.3564446954999996,0.06141133351403198,1.211751472044672,ns
b3403,-0.0730019425000003,-0.45630952349999987,-0.38330758099999956,0.06145792992396552,1.2114220720936257,ns
b2290,-0.5053853274999995,-0.7438551284999999,-0.23846980100000037,0.061584341731840096,1.210529696340406,ns
b1963,-0.0921071364999992,0.4783378494999999,0.5704449859999992,0.06166100356338482,1.209989411194112,ns
b3363,-0.7086260429999998,-1.2647164959999992,-0.5560904529999995,0.061722656221943735,1.2095553924321165,ns
b0782,-0.02902546550000015,0.1539387865000012,0.18296425200000135,0.06172364273464334,1.2095484511625054,ns
b2288,0.384831307999999,0.624697606499999,0.23986629849999996,0.06177289415820699,1.209202050799358,ns
b2020,0.6940222379999987,0.05651348599999965,-0.6375087519999991,0.061841872197875104,1.208717371080378,ns
b3089,0.0432732029999996,0.32295646950000106,0.27968326650000147,0.06188380301311172,1.2084230049781912,ns
b1391,0.6567469884999999,0.1234384779999998,-0.5333085105000002,0.06193689646851889,1.2080505600442146,ns
b1065,-0.584402146,0.23919795599999988,0.8236001019999999,0.062172851503572484,1.2063992136376778,ns
b1771,0.31048891150000024,0.6271137305000001,0.31662481899999984,0.06220306350457476,1.2061882257534116,ns
b3741,-0.2323319334999993,-0.36237882799999976,-0.13004689450000045,0.062214141880290195,1.2061108847226516,ns
b2702,0.6157211330000001,0.3215193930000002,-0.2942017399999999,0.062254180680999166,1.205831478196527,ns
b2022,0.7169739084999991,0.20710530699999952,-0.5098686014999996,0.06232476229996276,1.205339369174151,ns
b0923,-0.2505533785000002,-0.07068184950000056,0.17987152899999964,0.062347865258358795,1.2051784118307727,ns
b0183,-0.7634881319999995,-0.9901538749999994,-0.22666574299999986,0.06253806213834363,1.2038555803310653,ns
b3056,-0.36942083299999945,-0.10226917299999981,0.2671516599999996,0.06255914668955588,1.2037091837101113,ns
b1729,0.15305859050000145,-0.31483491199999936,-0.46789350250000084,0.06266305133569045,1.2029884612578896,ns
b2861,-0.01075346799999985,0.21137700700000026,0.2221304750000001,0.06267589181700357,1.2028994777375484,ns
b0196,-0.07246502800000075,0.047489494999998855,0.1199545229999996,0.0627276157254335,1.2025412196676162,ns
b0473,0.9723500620000002,0.7485980945000001,-0.22375196750000004,0.06276674872396405,1.202270366933351,ns
b3845,-0.6562890645000001,-1.347092864,-0.6908037994999998,0.06277115995690914,1.202239845887599,ns
b0700,-0.10035955750000025,0.17873719449999975,0.279096752,0.06277764648154721,1.2021949699235899,ns
b0315,1.1401740554999997,0.8760354019999999,-0.2641386534999999,0.06280083650081934,1.2020345714655036,ns
b1165,1.2064241919999996,1.8760043759999996,0.669580184,0.06294414649690884,1.2010446509777584,ns
b2048,-0.31182199549999995,0.12166767399999995,0.4334896694999999,0.0630230294518858,1.2005007245733943,ns
b0973,1.1052655210000002,2.4226864800000003,1.3174209590000001,0.06312711803598435,1.1997840372153192,ns
b1938,-0.5842409525000002,-1.0819179785,-0.49767702599999974,0.06317110484238835,1.1994815273678356,ns
b3417,0.11545968299999959,-0.19874776549999978,-0.3142074484999994,0.06320040726481857,1.1992801231053762,ns
b1538,0.2701361535000006,0.4174712780000007,0.14733512450000014,0.06323055351661534,1.1990730163813175,ns
b3202,-0.283007092500001,-0.11511956100000105,0.16788753149999996,0.06324748544962883,1.1989567361926026,ns
b1264,-0.4101586074999996,-0.8748025229999996,-0.4646439155,0.06354040016212954,1.1969500544182594,ns
b0258,0.03356246099999985,0.3145859485,0.28102348750000017,0.06355745658281337,1.1968334905419173,ns
b1056,-0.10554138599999915,-0.5861046719999989,-0.48056328599999976,0.0635782563462844,1.1966913869209466,ns
b1294,0.05207181949999955,0.24276179349999877,0.1906899739999992,0.06360157482340223,1.1965321307565218,ns
b2411,-0.05093730749999945,-0.1929452464999994,-0.14200793899999994,0.06367423097051536,1.196036291551288,ns
b4532,-0.6856501994999995,0.01167056000000025,0.6973207594999997,0.06371640933345075,1.1957487063581498,ns
b1082,-0.2770865245,-0.390594388,-0.11350786350000003,0.06395188265848113,1.1941466659444422,ns
b2309,0.6508502815000003,0.23713148300000064,-0.4137187984999997,0.06396921752951046,1.1940289615334019,ns
b3548,0.318929497,0.8830072705000003,0.5640777735000002,0.06412359400498041,1.1929821442594306,ns
b3698,0.10768185700000105,0.37818448900000057,0.2705026319999995,0.0642804455924957,1.191921121365891,ns
b2765,-0.5176779974999994,-0.7627500949999995,-0.24507209750000003,0.06428891228102206,1.1918639221051475,ns
b2299,-0.1239610239999997,0.10026309599999991,0.2242241199999996,0.06433039777341948,1.1915837632231816,ns
b1751,0.3476489409999999,1.1764681864999997,0.8288192454999999,0.06436480848847635,1.191351518612714,ns
b3060,0.537001638,0.9917005205,0.4546988825,0.06441601908227368,1.1910061181382332,ns
b0794,-0.42370178000000003,-0.06610054399999969,0.3576012360000003,0.06481857028995598,1.1883005524773753,ns
b0716,0.2845958545,0.6349279119999999,0.35033205749999985,0.06484815338890186,1.1881023863405564,ns
b4322,-0.0868942004999997,-0.488742158,-0.4018479575000003,0.06496431981804231,1.1873251042908612,ns
b2301,0.4669295990000002,0.7915998005000002,0.32467020150000003,0.06507488771554747,1.1865865725780844,ns
b3674,0.03935716800000015,-0.34703077749999983,-0.3863879455,0.06511673871633102,1.186307358625135,ns
b1787,-0.6293693035000003,-0.37532676599999965,0.25404253750000066,0.0654138343536614,1.1843303931424525,ns
b1379,-0.3661118699999997,0.05931207450000019,0.4254239444999999,0.06554062367512313,1.1834894302503207,ns
b0318,0.3279879875,0.8736883204999997,0.5457003329999996,0.06596910152788592,1.1806594307920417,ns
b2405,-0.5620784795000002,-0.07897766899999985,0.48310081050000037,0.06598985814006195,1.1805228052498569,ns
b3617,-0.21145770500000033,0.04013931249999915,0.25159701749999946,0.06609332447455388,1.1798424026969478,ns
b0030,-0.3443976694999997,-0.9435081474999998,-0.5991104780000001,0.06617413413546733,1.1793117325751412,ns
b0365,0.6602529580000001,1.563825637,0.903572679,0.06618616053304857,1.1792328116550246,ns
b3006,-0.2371278825000011,-0.027758386000001196,0.20936949649999992,0.06622335880866313,1.1789887958721557,ns
b4248,-0.8223041020000004,-0.5459346100000007,0.2763694919999997,0.06635991634141793,1.1780941701534553,ns
b0863,-0.0655349074999991,0.1434805440000017,0.2090154515000008,0.06637024635959482,1.1780265702980803,ns
b1602,0.6072981625000011,0.12001708250000126,-0.48728107999999987,0.06643299262481157,1.1776161833379462,ns
b4093,-0.6105957289999999,-0.19219607250000026,0.41839965649999966,0.06651348154811525,1.177090319079665,ns
b1284,-0.28297739149999934,0.22117959650000024,0.5041569879999996,0.0665909438142925,1.176584829672189,ns
b2889,-0.4893139135000006,-0.10617274500000025,0.38314116850000035,0.06662829579013672,1.1763412949174408,ns
b0223,-0.3862496499999999,-0.2615168084999997,0.12473284150000019,0.06664383680687817,1.1762400077584068,ns
b0393,-0.0637845475,-0.23738366900000016,-0.17359912150000018,0.06685809912781769,1.174845975186392,ns
b0789,-0.5006419509999995,-0.030861431499999502,0.46978051950000005,0.06700293735357385,1.1739061577695347,ns
b1430,0.4344358874999998,0.6868179415000002,0.2523820540000004,0.0670089375039128,1.173867268198184,ns
b3049,0.36486247249999915,1.3163100539999997,0.9514475815000005,0.0670650711107456,1.1735036105829142,ns
b4092,-0.6870232055000001,-0.4780703150000005,0.20895289049999954,0.0671122199724055,1.1731983951306657,ns
b0155,0.23084450899999925,0.44697741899999904,0.2161329099999998,0.06736503247832226,1.1715654764976102,ns
b0284,-0.14594205299999996,0.39876323750000003,0.5447052905,0.06744121943822079,1.1710745856178582,ns
b1750,-0.1941747134999998,0.9490138455000001,1.143188559,0.06758498731356712,1.170149763392092,ns
b1260,-0.27616722850000025,-0.6471889820000012,-0.37102175350000094,0.06770771454420402,1.1693618454492518,ns
b0957,-0.38918399500000067,-0.7065414200000006,-0.31735742499999997,0.06780704524019053,1.1687251800270508,ns
b4057,-0.12819582449999875,0.518651406500001,0.6468472309999997,0.06780756776981142,1.1687218333120333,ns
b1813,0.1520471114999999,0.43818076600000033,0.28613365450000044,0.06797948107922466,1.167622154923442,ns
b3844,0.1584219820000001,0.36913063200000007,0.21070864999999997,0.06802998338471015,1.1672996351092486,ns
b0906,0.5842503589999999,1.1829319050000007,0.5986815460000008,0.06817531186246309,1.1663728667367241,ns
b2376,0.25157900749999995,5.269484717500001,5.017905710000001,0.06821166970434248,1.1661413195568575,ns
b1067,0.7268775309999986,0.9085466679999992,0.18166913700000054,0.06823391962113673,1.1659996804431276,ns
b2049,0.33706640499999996,0.8303988125,0.49333240750000007,0.06834085578256349,1.1653195871509814,ns
b3390,0.1286357079999982,0.0371515154999988,-0.09148419249999941,0.06851786270237625,1.164196192569357,ns
b3225,0.016570501500000195,-0.8215638554999998,-0.8381343569999999,0.06860928520605117,1.1636171052718218,ns
b2346,0.1350266639999988,-0.20899058750000105,-0.34401725149999984,0.06865509582190439,1.1633272223718691,ns
b0905,0.019401771999999297,-0.47689907950000077,-0.4963008515000001,0.06871102469281383,1.1629735747436736,ns
b0275,-0.8140325565000002,-0.2433396905,0.5706928660000001,0.06893376786264226,1.1615679826804515,ns
b2844,-0.05486752749999905,-0.7075490929999995,-0.6526815655000004,0.069185599912099,1.1599842889175365,ns
b3994,-0.4551978700000001,-0.5725840279999996,-0.11738615799999952,0.0693916912282713,1.1586925276681674,ns
b2281,1.4718544869999999,1.7708372449999992,0.2989827579999993,0.0693970037055401,1.158659280297907,ns
b0243,-0.5091824844999997,-0.260856811,0.24832567349999968,0.06944226454414078,1.1583761250581148,ns
b3256,-0.0131546150000003,-0.13644823850000076,-0.12329362350000046,0.06955307128519334,1.1576836879183494,ns
b4258,-0.04131102099999935,-0.20007967499999865,-0.1587686539999993,0.06961094469714153,1.1573224723450632,ns
b2859,0.37207115849999983,0.9040148800000001,0.5319437215000002,0.06964654760909217,1.1571004067559065,ns
b2026,-0.0231253455000004,-0.5061666474999993,-0.4830413019999989,0.06991099580787284,1.155454511763366,ns
b3034,0.1120444580000006,0.2748743170000014,0.16282985900000083,0.06993590030129802,1.1552998299722874,ns
b0524,-0.8522103225,-0.9419508339999996,-0.08974051149999962,0.06998685361444379,1.1549835305414546,ns
b3856,-0.2416843715000003,0.1740588359999999,0.4157432075000002,0.07013268375129598,1.1540795417360719,ns
b0823,-0.25326394200000013,-0.0472883695000001,0.20597557250000004,0.0701372720166927,1.1540511299734373,ns
b4115,-0.5393359514999999,0.6362216425,1.1755575939999998,0.07029200399871015,1.1530940749338356,ns
b4381,-0.20458907349999975,0.12496771900000025,0.32955679250000003,0.0704116582180599,1.1523554277812593,ns
b3160,-0.5027624389999996,-0.24656080899999994,0.2562016299999997,0.07049650905276453,1.1518323884931196,ns
b2287,0.3117754940000008,0.5596138915000006,0.2478383974999998,0.07065476298328859,1.1508585561418787,ns
b0812,-0.5234304999999999,0.06122833499999995,0.5846588349999998,0.07071998882555533,1.1504578166177215,ns
b3407,-0.1899941229999995,-0.3605730780000011,-0.17057895500000161,0.07073836709086863,1.1503449695652344,ns
b1124,0.9614785365000006,0.8828011819999992,-0.07867735450000135,0.07083460222562234,1.149754540550037,ns
b4280,1.008202543,0.8382321369999999,-0.16997040600000002,0.07087769428808313,1.1494904188615487,ns
b1697,-0.40490704199999994,0.17110766800000005,0.5760147099999999,0.07095169279867868,1.149037238481983,ns
b2282,0.9787047744999997,1.270116733000001,0.29141195850000123,0.0709898000219883,1.148804047230112,ns
b4043,0.3113746080000013,0.16984783850000124,-0.14152676950000004,0.07112001511218007,1.148008159755282,ns
b3185,0.7461229699999992,0.5649192199999993,-0.18120374999999989,0.07116575449789353,1.147728941902932,ns
b2560,-0.0539238124999985,0.3693250905000012,0.4232489029999997,0.07129495286266069,1.1469412137874118,ns
b0419,-0.28545375250000093,-0.1272392760000009,0.15821447650000003,0.07145843242723612,1.1459465150810804,ns
b0902,-0.07151091699999984,0.38069690250000043,0.4522078195000003,0.07150623042940135,1.1456561159160694,ns
b1443,1.5381554585000001,1.765875498,0.22772003949999986,0.07159613041893664,1.1451104495233815,ns
b4201,0.05701283999999955,-0.3098048500000008,-0.36681769000000036,0.0716202884959721,1.1449639339251159,ns
b4475,-0.3793742435,0.1117773015000003,0.4911515450000003,0.07179740414490315,1.1438912575115192,ns
b1629,-0.4962954574999996,-0.711532617,-0.21523715950000044,0.07193706113748573,1.1430473084947639,ns
b4196,-0.3538286644999997,0.0942971474999998,0.4481258119999995,0.07203459717270544,1.1424588681189254,ns
b1616,0.276879999,0.4367661455,0.1598861465,0.0722396089672578,1.1412246135226487,ns
b1101,-0.2753955650000001,-0.7291781915,-0.45378262649999984,0.07245837954779245,1.13991138271276,ns
b3996,-0.002854010500001,0.12511638049999924,0.12797039100000024,0.07247302578181439,1.1398236063109017,ns
b3206,-1.0204079934999997,-0.5490694249999999,0.4713385684999998,0.07257919404939563,1.1391878587015072,ns
b4138,-0.41813125449999994,-0.5656559399999996,-0.1475246854999997,0.07258872218938694,1.139130848602662,ns
b2350,0.3161814094999995,0.43089483950000007,0.11471343000000056,0.07267391119485556,1.1386214661362524,ns
b0697,0.12237389749999991,0.4173762175,0.29500232000000004,0.0728669412886142,1.1374694603277762,ns
b2324,0.21164803950000038,0.5318654039999999,0.32021736449999955,0.07291314491340004,1.1371941692303007,ns
b1203,-0.33795662299999885,-0.9049307724999989,-0.5669741495,0.07294291132653653,1.137016906941933,ns
b2419,0.5371449065,1.3209944984999997,0.7838495919999997,0.07308508758508525,1.1361712282431047,ns
b1222,-0.06485949349999925,0.24217372250000002,0.3070332159999993,0.07308964085274322,1.1361441721433225,ns
b0901,1.5897252785,1.3329037020000003,-0.2568215764999997,0.07312404535798274,1.135939790632383,ns
b2496,0.06948554549999961,-0.21347546550000016,-0.28296101099999976,0.07326535729564139,1.1351013281111586,ns
b0856,0.869976845,1.1093244435000003,0.2393475985000002,0.07330690884338534,1.1348550931465435,ns
b4191,-0.2030864910000005,-0.2927957140000008,-0.08970922300000031,0.07344717855780097,1.1340248827915347,ns
b1261,0.15614534150000026,-0.16456124200000039,-0.32070658350000064,0.07368821994988747,1.1326019343888465,ns
b0139,0.5748918645,0.9427952340000001,0.36790336950000013,0.07371233434742329,1.1324598351962407,ns
b1959,0.49047639450000013,0.8936433685000003,0.4031669740000001,0.07385456009086522,1.1316226843580075,ns
b2475,0.3380325454999995,0.5382716524999993,0.2002391069999998,0.07406992649388683,1.1303580863368645,ns
b1817,0.0111819664999988,-0.44175160600000035,-0.45293357249999916,0.07409677681158865,1.1302006832944433,ns
b0970,-0.4647815089999998,-1.664340792,-1.1995592830000001,0.07410254514040439,1.1301668754019005,ns
b0065,0.3819757030000006,0.6981482390000009,0.3161725360000003,0.07427713744100913,1.1291448418402972,ns
b2266,0.3131533299999987,0.871313784999999,0.5581604550000003,0.07443207937067453,1.128239848177341,ns
b0562,0.10041963299999976,0.4353423854999998,0.33492275250000003,0.07458026348157833,1.1273760866706968,ns
b0811,-0.0158201184999997,-0.5383905889999996,-0.5225704704999999,0.07465381110717631,1.1269480164645012,ns
b1906,-0.49333970449999986,0.5861542254999996,1.0794939299999995,0.07472977969287117,1.1265062980638016,ns
b3787,-0.0530518315000008,-0.14712587050000045,-0.09407403899999965,0.07481277717327117,1.126024223232315,ns
b2710,-0.3024445875000003,0.044566375999999894,0.3470109635000002,0.07488434523233792,1.1256089632059123,ns
b0265,-0.3846541570000004,0.13184759349999986,0.5165017505000002,0.0748854839846218,1.1256023590208672,ns
b0655,-0.18500339800000093,0.07905784899999886,0.2640612469999998,0.07495373316913298,1.125206731669892,ns
b2468,-0.05005936450000006,0.45881520249999985,0.5088745669999999,0.07503772404465875,1.1247203469349039,ns
b0073,-0.05078909199999955,-0.21192082600000006,-0.16113173400000053,0.07505019404400949,1.124648180540849,ns
b1922,0.07719400199999965,-1.1522634235000004,-1.2294574255000001,0.07508431245768224,1.1244507916874842,ns
b0678,0.10898271200000086,0.3213320915000004,0.21234937949999955,0.07510048171888845,1.1243572772809964,ns
b4279,1.4303851140000003,1.2469005145,-0.1834845995000003,0.0751202157471672,1.124243173435374,ns
b2665,0.4651959459999988,0.9575640454999998,0.49236809950000104,0.07515713806376739,1.1240297659155507,ns
b3549,0.0822880054999992,0.17963385449999864,0.09734584899999943,0.07529560904520606,1.1232303494704783,ns
b0368,-0.3206282364999995,0.22246948150000034,0.5430977179999998,0.07537022477721766,1.1228001895264095,ns
b1406,-0.7572225095000005,-0.19335817550000023,0.5638643340000002,0.07541271520608166,1.122555422322907,ns
b4128,0.9015809225000002,1.7266956855000002,0.825114763,0.07555230917859242,1.1217522573581191,ns
b4020,-0.6765571239999999,-0.4811528864999999,0.19540423750000002,0.07556561400866148,1.1216757844398217,ns
b2408,0.1539788625,0.7594946140000001,0.6055157515,0.07587083481173415,1.119925137339189,ns
b1107,-0.2093220485000002,0.02930936999999995,0.23863141850000014,0.0759345958054205,1.1195603144308852,ns
b4075,0.36630806149999995,1.2318774449999998,0.8655693834999999,0.07596643736776897,1.1193782404220811,ns
b0974,0.9528380194999999,1.6307608594999998,0.6779228399999999,0.07639132526972732,1.1169559555785897,ns
b2406,-0.7096370019999998,-0.12219188799999965,0.5874451140000001,0.07649512306557694,1.1163662523395104,ns
b3934,-0.21055042149999975,-0.4547425125000002,-0.24419209100000044,0.07660465557920543,1.115744835707887,ns
b2730,-0.0908538970000001,0.4473416145,0.5381955115000001,0.07663649170953242,1.115564384749777,ns
b2525,-0.5955084779999997,-0.8162028534999997,-0.22069437549999993,0.07685479300133523,1.1143290428145645,ns
b0801,-0.3079602070000016,-0.054284105000000644,0.25367610200000096,0.07687773120681014,1.1141994419225247,ns
b0358,-0.8694615930000003,-0.4053975645000003,0.46406402849999995,0.07714791637318742,1.1126757989572413,ns
b3002,0.19841907750000048,-0.03276391499999985,-0.23118299250000035,0.07722653059874379,1.1122334753994345,ns
b3319,0.17179813000000085,-0.13374701999999855,-0.3055451499999994,0.07741449407770445,1.1111777200837474,ns
b4167,-0.10873431650000004,0.20872532299999946,0.3174596394999995,0.07745504527939528,1.1109502878384594,ns
b0033,0.0170082030000013,-0.6997949339999989,-0.7168031370000002,0.0775127225238806,1.1106270088686057,ns
b3612,-0.36377711550000047,-0.6330941119999998,-0.2693169964999993,0.07769202978969691,1.1096235319828287,ns
b2131,0.003514722499999401,0.5194393530000005,0.5159246305000011,0.07777209666497155,1.1091761927029267,ns
b1450,0.5656944269999999,1.034862339000001,0.46916791200000096,0.07777461574969452,1.109162125872741,ns
b1882,-1.3337647080000001,-0.7461630070000003,0.5876017009999999,0.07784860233419233,1.1087491801928,ns
b1577,0.3540621804999999,1.0595234475,0.705461267,0.0779584425397089,1.1081368458392638,ns
b0785,-1.1502522175000012,-0.8955236740000005,0.2547285435000006,0.07830686068307244,1.1062001865209456,ns
b2731,-0.45842886250000037,0.0360290339999998,0.49445789650000016,0.07842215621017018,1.1055612209837198,ns
b1870,0.032602055999999054,-0.09743518950000091,-0.13003724549999995,0.0785192266264427,1.105023986625807,ns
b3922,0.2591895929999994,0.7711923469999991,0.5120027539999996,0.07860894993827819,1.104528005009838,ns
b1600,0.4578365640000004,-0.7479145130000002,-1.2057510770000006,0.0786290988953698,1.104416701403697,ns
b4512,-0.04111761500000011,-0.4065421195000001,-0.36542450449999997,0.0786949553763355,1.1040531065537682,ns
b2024,0.6380249554999993,0.14142289699999905,-0.4966020585000002,0.07871580053290764,1.1039380834541799,ns
b4756,0.5900379745,1.4147980735000005,0.8247600990000006,0.0790027748666533,1.1023576544296678,ns
b0660,-0.003749678999999749,0.15771264399999824,0.161462322999998,0.07903499837582763,1.1021805512962994,ns
b2214,-0.6262988395000002,0.3084355704999999,0.9347344100000001,0.07914985686144417,1.1015498662007555,ns
b1038,0.1483780445000002,0.9787826424999997,0.8304045979999994,0.07919349492162822,1.1013104905780309,ns
b1323,0.14757317600000075,0.4027767555000005,0.2552035794999998,0.07924760475620421,1.1010138553800368,ns
b3831,-0.20786412200000098,0.17886836949999904,0.3867324915,0.07937454023099115,1.1003187772996126,ns
b0093,0.018180055999999847,0.17829573399999976,0.16011567799999993,0.07948176202216418,1.099732513630408,ns
b2712,-0.052744448000000305,0.056986856999999794,0.1097313050000001,0.07951180591726788,1.0995683824874591,ns
b1110,0.3779287,1.0591062665000002,0.6811775665000002,0.07951307211369844,1.0995614665617295,ns
b4219,-0.24244027049999944,0.09321343200000015,0.3356537024999996,0.07961251103496846,1.099018677909384,ns
b0877,0.23672008500000033,0.96250402,0.7257839349999997,0.07966235327811874,1.098746868393604,ns
b0662,0.4050114284999999,0.5382662215000011,0.13325479300000126,0.07999160778871454,1.0969555740359873,ns
b0984,0.2307972714999999,0.46340670499999986,0.23260943349999996,0.08006328237706412,1.0965666089720467,ns
b0096,0.15006162250000085,0.25464437700000087,0.10458275450000001,0.08009624049930317,1.0963878680446602,ns
b1341,-0.22316274150000034,0.3023078560000001,0.5254705975000005,0.08019679475857572,1.0958429889038777,ns
b4268,-0.2835703704999999,0.34675889499999973,0.6303292654999997,0.08026216996457006,1.0954891028765485,ns
b3038,-0.11978429149999979,-0.6315009044999997,-0.5117166129999999,0.08033958175304887,1.0950704335306078,ns
b3956,-0.011955778500000801,0.28314450349999903,0.2951002819999998,0.08058966260582666,1.0937206624278026,ns
b3314,0.17362744499999833,-0.10371889500000095,-0.27734633999999925,0.08060139394533417,1.0936574473074177,ns
b2056,0.34594510149999996,0.6258087665,0.279863665,0.08082508966330343,1.0924538049316082,ns
b3716,0.342149539,0.5628976434999999,0.22074810449999993,0.08110371488936215,1.0909592528295213,ns
b1372,0.27647506050000004,0.566696431,0.29022137049999996,0.08137617135974874,1.0895027469778056,ns
b1103,0.0233199160000001,0.1932008539999987,0.1698809379999986,0.08158504593060317,1.0883894376307486,ns
b1588,0.36620658699999953,0.7074042314999995,0.3411976445,0.08183565506028127,1.0870574368892054,ns
b0779,-0.24958336599999947,0.08491163900000079,0.3344950050000003,0.08185264670242405,1.0869672731283486,ns
b4032,-0.470192425,-1.5660912954999997,-1.0958988704999997,0.08206837293052024,1.0858241767181136,ns
b0624,0.013606825500001,0.7117088565000005,0.6981020309999995,0.08218887403915462,1.0851869692049363,ns
b3983,-0.4411309350000003,-0.7343056199999998,-0.2931746849999995,0.08219016084215863,1.085180169658457,ns
b1987,0.0384297740000003,0.19446898550000036,0.15603921150000005,0.08243802340101734,1.0838724297545688,ns
b0895,0.7419042360000003,1.8177009725000004,1.0757967365,0.08247040188174791,1.0837018890963788,ns
b3538,-0.2353883199999997,-0.0111983100000006,0.2241900099999991,0.0825628839905221,1.0832151451827807,ns
b0169,-0.35975995500000035,-0.6667481799999999,-0.30698822499999956,0.08267620925236495,1.0826194442184491,ns
b0095,0.1597151390000002,0.3277337359999999,0.1680185969999997,0.08287361660228992,1.0815837081438073,ns
b0122,-0.9906869674999998,-0.5348170804999999,0.455869887,0.08288072315952123,1.0815464682308469,ns
b3963,-0.10647918149999964,0.22613434150000072,0.33261352300000036,0.08328505342719267,1.0794329313246005,ns
b0381,0.2347531574999988,0.48505052599999976,0.25029736850000095,0.083405089233388,1.0788074486602939,ns
b2736,-0.4774686375000001,-0.25692719399999997,0.22054144350000016,0.08341013419422207,1.0787811800907077,ns
b2420,0.4258647304999998,0.8454114345000003,0.41954670400000055,0.08375247224078879,1.0770023644142732,ns
b2021,0.46789627300000003,-0.14815519649999986,-0.6160514694999999,0.08385686845004518,1.0764613599178914,ns
b3924,-0.6239508610000009,-0.2751118185000005,0.34883904250000036,0.0840669118983077,1.0753749056000483,ns
b4522,0.2291488204999989,-0.24899091400000062,-0.4781397344999995,0.08432630412498515,1.0740369336263957,ns
b2241,0.0080912295,-0.09751608349999999,-0.105607313,0.08439226819325875,1.0736973405167438,ns
b3317,0.5448755249999993,0.2322073149999992,-0.31266821000000006,0.08450820306963902,1.0731011327666624,ns
b0723,0.03113928499999825,-0.4829987295000011,-0.5141380144999994,0.08461603104198392,1.0725473493307711,ns
b1895,-0.14200992699999876,0.49747249350000056,0.6394824204999994,0.08467262088495378,1.0722569972348772,ns
b3542,0.8161919669999991,1.281520481499998,0.465328514499999,0.08473790063265155,1.071922299775069,ns
b3596,0.39466180449999994,1.1823514860000002,0.7876896815000003,0.08497566620786615,1.0707054218697525,ns
b0865,-0.467244613500001,-0.18225075550000008,0.28499385800000093,0.08512626586927803,1.069936416859427,ns
b1076,-0.6054510790000003,-1.1325962559999998,-0.5271451769999995,0.0852991670946857,1.0690552094883736,ns
b3001,-0.2662022084999997,-0.0299714144999998,0.2362307939999999,0.08555464546827984,1.0677564040484753,ns
b0729,0.30881039500000096,0.031439109000001644,-0.27737128599999933,0.08599667811347346,1.065518324394241,ns
b3377,0.0525721739999998,0.1912588709999998,0.138686697,0.08602601152851906,1.0653702120674349,ns
b3522,-0.6237357385000002,-0.47239963799999973,0.15133610050000046,0.08616772574156839,1.0646553694070031,ns
b4294,-0.28809336799999924,0.40434480200000067,0.69243817,0.08639395840136771,1.0635166270198233,ns
b3308,0.060118475000000296,-0.22364394500000004,-0.28376242000000035,0.0864080893524251,1.0634455978374528,ns
b4202,-0.17727448999999934,-0.55133118,-0.3740566900000007,0.0864852868832568,1.0630577696324084,ns
b3923,-0.0745245095000002,0.38400861249999974,0.45853312199999996,0.08650202476621958,1.0629737268183679,ns
b3029,-0.11244546599999955,0.2221395404999997,0.3345850064999992,0.08661138260624027,1.0624250285573573,ns
b2762,0.9462948200000003,0.8240752190000009,-0.1222196009999994,0.08671789935900938,1.0618912509606728,ns
b3846,-0.1913755040000002,-1.1451398570000004,-0.9537643530000002,0.08674619510075399,1.0617495653323208,ns
b1624,-0.7607484415000005,-0.46134816099999965,0.2994002805000009,0.08680892266837474,1.0614356335045845,ns
b1482,-0.8672381525000006,-0.3629829635000003,0.5042551890000002,0.0868159280733448,1.0614005877296202,ns
b4172,-0.43586720250000077,-0.27886378999999994,0.15700341250000083,0.08707217965281779,1.0601205838356205,ns
b2729,-0.0685941764999998,0.47704160699999987,0.5456357834999996,0.08720877144215587,1.0594398316116256,ns
b4018,-0.7617621359999998,-0.7133370294999999,0.04842510649999987,0.08733908501404876,1.0587913621677256,ns
b1596,-0.39440889349999986,-0.015951386000000248,0.3784575074999996,0.08742184566367936,1.058380028856547,ns
b3203,-0.14963899299999991,0.23874989399999966,0.38838888699999957,0.0876313994026375,1.057340252919469,ns
b3097,-0.2629779669999994,-0.13639360949999974,0.1265843574999997,0.08763425435177345,1.0573261042413977,ns
b3022,0.644760808,0.8917741744999996,0.2470133664999996,0.08765040244015866,1.0572460855355146,ns
b2459,0.42035051150000013,0.019625645000000094,-0.40072486650000005,0.08784642623252084,1.0562759017733074,ns
b0631,-0.4268050639999998,-0.07357274550000034,0.3532323184999995,0.08803405846814316,1.0553492762228913,ns
b2071,0.2573475270000001,0.7230093314999999,0.46566180449999983,0.08821872973263885,1.0544391999477412,ns
b1641,0.47299003100000103,1.0048858110000003,0.5318957799999993,0.08836242957435902,1.0537323514670651,ns
b1968,0.43786081900000035,0.5790882575000009,0.14122743850000058,0.08840893481563873,1.053503841943444,ns
b4208,-0.0663400575000001,0.11557118149999951,0.1819112389999996,0.0884489242099187,1.0533074449762736,ns
b3102,-0.04904863849999995,0.16617644800000025,0.21522508650000022,0.08846315027470161,1.0532375989641716,ns
b1366,0.34920399449999984,0.754631761,0.4054277665000001,0.08847900256352588,1.0531597818757061,ns
b2662,-0.035433149999998956,0.2758378345000012,0.3112709845000002,0.08872723401720103,1.0519430569662425,ns
b2141,0.015451860499999602,1.1854141619999998,1.1699623015000002,0.08899524807029308,1.0506331820286385,ns
b1833,0.013929755999999602,0.33334637649999976,0.31941662050000014,0.08902194948528265,1.050502899365669,ns
b3320,0.24953849499999947,-0.03500641000000025,-0.28454490499999974,0.0890266037602282,1.0504801940317618,ns
b2041,0.17455031949999886,-0.08853881599999974,-0.26308913549999857,0.08911763482460207,1.0500363481606358,ns
b3344,-0.270981907499999,0.1891363310000007,0.4601182384999997,0.08921051126162131,1.0495839717004014,ns
b3399,-0.6244986465000002,-0.8019625724999995,-0.17746392599999927,0.0892329949277949,1.0494745305398645,ns
b3868,-0.5919505835000005,-0.8199554170000001,-0.22800483349999956,0.08933862176046663,1.0489607517347994,ns
b2845,-0.1641008025000001,0.2503071229999995,0.4144079254999996,0.08936157981905755,1.048849161953389,ns
b3458,0.48974484750000075,0.061784774500001347,-0.4279600729999994,0.08941052524097629,1.048611353854886,ns
b3984,-0.30451550999999893,-0.621150479999999,-0.31663497,0.089424442594411,1.0485437582399484,ns
b0049,-0.5972819060000005,-0.2948446245000005,0.30243728150000004,0.08945887423041111,1.0483765713835345,ns
b3669,-0.5443386970000006,-0.18885946350000044,0.35547923350000016,0.08959147808030712,1.0477332983592191,ns
b2213,-0.19929356399999976,0.3606113245000002,0.5599048885,0.08974232334849666,1.0470026911616448,ns
b2105,0.0377071035000003,-0.40089598350000033,-0.4386030870000006,0.08985161389625584,1.0464741177765602,ns
b1917,0.23510823049999935,0.4154516109999999,0.18034338050000054,0.08991820786138724,1.0461523575097393,ns
b3255,-0.48335718849999854,-0.6173398264999994,-0.13398263800000088,0.08993152086016924,1.0460880620341746,ns
b3195,-0.07922993299999966,0.026723758000000097,0.10595369099999975,0.0901488322983418,1.045039894340038,ns
b1066,0.2136939034999998,0.38631047799999996,0.17261657450000015,0.09028131147287105,1.0444021407629271,ns
b1686,0.2363876160000009,0.4614096014999993,0.2250219854999984,0.09040637156051357,1.0438009607186591,ns
b2133,-0.33332851200000047,-0.0764231039999989,0.25690540800000156,0.09048152341625751,1.0434400959063792,ns
b1625,-0.29794848500000043,1.0162338604999994,1.3141823455,0.09051778331217909,1.0432660900142194,ns
b2257,-0.5026994704999999,0.15781461700000005,0.6605140875,0.09084675575813514,1.0416905772331873,ns
b3806,-0.3080661320000009,-0.08146127900000086,0.22660485300000002,0.09084799468285493,1.041684654572593,ns
b3640,-0.34086953100000006,-0.6892445010000001,-0.34837497000000006,0.09106419759990396,1.040652334782722,ns
b2471,0.16600383149999987,0.6826961224999999,0.516692291,0.09117508357141532,1.0401238299380868,ns
b2993,-0.35928771250000047,-0.03456891150000055,0.32471880099999995,0.09128574220233762,1.039597049041717,ns
b0710,0.23400418699999953,0.5249480370000006,0.29094385000000106,0.09136948855670408,1.0391988060570698,ns
b0123,-0.2663969915000001,0.0007329414999999494,0.2671299330000001,0.09190965245731109,1.0366388761131868,ns
b3708,-0.6176969059999997,-1.7165112955000001,-1.0988143895000004,0.09194188304527658,1.0364866057869473,ns
b4496,0.4762137649999998,0.8272315244999997,0.3510177594999999,0.09227199269340638,1.0349301003229538,ns
b0704,0.8872574565,1.4751557279999998,0.5878982714999998,0.09239895879043923,1.0343329226555917,ns
b1346,-0.7512761600000001,-1.21345886,-0.46218269999999995,0.09261840524422636,1.0333027012043061,ns
b0654,0.27012972049999906,0.5422077650000001,0.27207804450000106,0.09266049476381438,1.0331053851967447,ns
b3599,0.32037894900000013,0.5389176089999999,0.21853865999999972,0.09266412830882009,1.0330883553113495,ns
b0595,0.1498184674999998,-0.19579926099999984,-0.3456177284999996,0.0926871543566892,1.0329804511691474,ns
b4380,-0.021840185000000047,0.5466241509999998,0.5684643359999999,0.09270290047129398,1.032906677517081,ns
b0382,0.7255320335,1.3303138280000004,0.6047817945000005,0.09274460785443274,1.0327113307386777,ns
b0797,-0.17335642750000035,0.08273638449999995,0.25609281200000034,0.09300087968400733,1.0315129434879644,ns
b4259,-0.6510439725000001,-0.8414537174999994,-0.1904097449999993,0.09307938876634678,1.0311464773005885,ns
b1905,0.005078256500000048,-0.4527609230000005,-0.4578391795000005,0.0931917717081615,1.0306224316320276,ns
b2381,0.14543277249999995,0.4353386479999992,0.28990587549999924,0.09330285714792871,1.030105056954674,ns
b3236,-0.17227659499999956,-0.5447920399999999,-0.37251544500000033,0.09343633657154314,1.0294841976070306,ns
b3774,-0.06082913999999914,-0.3107780799999995,-0.24994894000000037,0.09354401128435222,1.0289840109369468,ns
b1251,-0.0545327830000008,0.30713682949999915,0.36166961249999996,0.0936144017323611,1.028657333828527,ns
b0136,0.17693455700000005,0.9720633065000002,0.7951287495000001,0.09367353440470262,1.0283830930559377,ns
b1452,-0.4118790920000004,-0.8521427634999998,-0.44026367149999945,0.09368134160814862,1.0283468983707518,ns
b1930,-0.32642980649999975,-0.6100474234999997,-0.283617617,0.09375285292386794,1.0280155077043367,ns
b2531,-0.4533469255000009,-1.0628711319999997,-0.6095242064999988,0.09376074513288007,1.0279789498988066,ns
b1257,0.749015211000001,1.1726466105000006,0.4236313994999996,0.09377826605759952,1.0278978015457536,ns
b2727,-0.33249456949999967,0.3198108800000003,0.6523054495,0.09403736609069607,1.0266995436080948,ns
b2384,-0.5231342125,-0.296870163,0.2262640495,0.09409895653675665,1.0264151924371558,ns
b0620,-0.1116182144999999,0.11163477950000004,0.22325299399999993,0.09420052146504292,1.0259466930801182,ns
b2472,-0.004828901999999854,0.31896728850000095,0.3237961905000008,0.0942748025085881,1.0256043687024563,ns
b0712,-0.37839480800000075,-0.05320767850000155,0.3251871294999992,0.0943155940570345,1.0254164954597307,ns
b0781,-0.5552088069999996,-0.45660524300000027,0.09860356399999937,0.09440458427996536,1.0250069158804054,ns
b1140,0.893917989,1.0875540165,0.19363602749999997,0.09452088419413186,1.0244722244197328,ns
b2479,-0.6772076650000001,-0.43965419049999976,0.2375534745000003,0.09464387394920125,1.023907491538112,ns
b0286,0.1569907634999998,0.7367007579999996,0.5797099944999997,0.09473340783440985,1.023496839586406,ns
b3103,0.6284117105000009,0.8950253910000008,0.2666136804999999,0.09480213832472513,1.023181866753123,ns
b1816,0.01991494499999915,-0.34951876200000065,-0.3694337069999998,0.09500448707542114,1.0222558824366723,ns
b3184,-0.19278293000000118,-0.375770654000001,-0.1829877239999998,0.09513063785401495,1.0216795912848873,ns
b2464,0.0474726730000006,0.5887809810000011,0.5413083080000005,0.09515996617376522,1.0215457210121328,ns
b0227,-0.7329170470000002,-0.22034438399999984,0.5125726630000003,0.09518243631132087,1.021443183094507,ns
b0411,-0.07497089400000155,-0.6806517240000014,-0.6056808299999998,0.0952358770431112,1.0211994143610705,ns
b2310,-0.12857996550000014,-0.2891969915000008,-0.16061702600000063,0.09558618707170136,1.0196048620331033,ns
b3727,-0.06966204000000026,0.16351571299999929,0.23317775299999954,0.0956463960009753,1.019331389738907,ns
b4554,0.750683383000001,0.9854974279999995,0.23481404499999847,0.09585189820759786,1.0183992821294516,ns
b1394,0.6389878090000001,0.8926361915000001,0.2536483825,0.09597596505310298,1.0178375122907324,ns
b1466,0.7512030484999999,1.6584765785000002,0.9072735300000003,0.09611558401885908,1.0172061908466854,ns
b3593,0.1074626625000001,0.4387625405000002,0.3312998780000001,0.0961279052022431,1.0171505216327816,ns
b1200,-0.2892088085000006,-0.6281894110000006,-0.3389806025,0.096139237379336,1.0170993272173552,ns
b1685,-1.2538391034999998,-0.5551847424999994,0.6986543610000004,0.09624782308911554,1.0166090844799944,ns
b0336,0.9777317480000001,0.5806886725,-0.39704307550000006,0.09627847309533841,1.0164708059284497,ns
b4237,-0.20044450499999983,0.5933526819999999,0.7937971869999998,0.09639312259460023,1.0159539508042583,ns
b2597,0.8093001245000009,-0.06307532549999889,-0.8723754499999998,0.09673730317112493,1.014406023979034,ns
b0847,0.2639458690000005,0.4647339265000001,0.20078805749999962,0.09696265029521256,1.013395522376884,ns
b4132,-0.4155868895,0.11861027149999989,0.5341971609999999,0.09705836289463383,1.012967038302239,ns
b1740,-0.008984178499998701,0.1628550160000008,0.1718391944999995,0.09710487028187613,1.0127589875636631,ns
b0294,0.9455931535000001,1.6208243945,0.675231241,0.09711091677787494,1.0127319458912252,ns
b1164,0.7609419319999993,1.4365115299999998,0.6755695980000005,0.09720796067358771,1.0122981678407652,ns
b2343,0.1063049844999995,0.9436872654999999,0.8373822810000005,0.09727021322341149,1.0120201321182516,ns
b0207,0.05758106099999955,-0.17001387800000065,-0.2275949390000002,0.09736437989552392,1.01159989778464,ns
b2806,0.09356034900000004,0.2547382079999991,0.16117785899999904,0.09742159930440694,1.0113447451873894,ns
b4245,-0.029639389999998902,-0.1117356899999988,-0.0820962999999999,0.09749207057448425,1.011030705796721,ns
b0897,0.033243621000001354,0.7816389265000003,0.748395305499999,0.09752502341751368,1.0108839367342357,ns
b2495,0.6689611594999993,0.8931395670000004,0.22417840750000106,0.09759212826832095,1.0105852108937672,ns
b0114,0.36628398199999784,0.44321194699999905,0.07692796500000121,0.09770429067506883,1.0100863638596347,ns
b1472,-0.4474569226165506,0.3952130671273421,0.8426699897438927,0.09796212588612313,1.0089417987760447,ns
b3047,0.520426207,0.6936707535,0.17324454649999999,0.09798570403004966,1.0088372826111591,ns
b0986,-0.8035751500000001,-0.3738175585,0.42975759150000015,0.09804416778916121,1.008578235472163,ns
b4661,0.030805213499999852,0.2713050459999999,0.24049983250000004,0.09830900529828691,1.0074066981167655,ns
b0152,-0.38740344050000036,-0.16290958049999998,0.22449386000000038,0.09832152552473074,1.0073513916977541,ns
b1971,-0.49522102049999983,-0.1450498809999998,0.3501711395,0.09834867109928312,1.007231503951533,ns
b2233,0.26750292649999996,0.6850017255,0.4174987990000001,0.09835753294496834,1.0071923729978156,ns
b0210,-0.32270086899999995,0.3074174635000002,0.6301183325000002,0.098364289301279,1.0071625415512468,ns
b3220,-0.9698580514999999,-0.6056805575000002,0.36417749399999977,0.0985017301739707,1.0065561410921449,ns
b3361,0.1800060899999986,0.5914662329999993,0.4114601430000008,0.09871383559163216,1.005621972963665,ns
b1481,0.1157509194999999,0.5262039385000001,0.41045301900000025,0.09928285848925768,1.0031257273973218,ns
b0175,0.0298194650000005,-0.07751559899999935,-0.10733506399999986,0.0994882032861657,1.0022284122336997,ns
b3303,0.7868315450000001,0.52863302,-0.25819852500000007,0.09984732904561437,1.000663548182021,ns
b1531,0.4145978009999989,0.540798882499999,0.1262010815000001,0.09996799479698595,1.000139019078468,ns
b1215,0.0421642605000007,0.25020636100000093,0.20804210050000022,0.09999393426685943,1.0000263439433013,ns
b3886,-0.18815238999999945,0.12624267300000008,0.31439506299999953,0.10000030506017127,0.9999986751425305,ns
b1985,0.18394523950000044,0.9338577120000002,0.7499124724999998,0.10007483438429743,0.9996751199442688,ns
b2040,-0.05637184550000015,-0.27538053350000036,-0.2190086880000002,0.10010671705875854,0.9995367808255634,ns
b3426,-0.1680153024999993,0.2317380495000005,0.3997533519999998,0.10032364125570616,0.99859671346948,ns
b1208,-0.2445229000000006,-0.07915655950000115,0.16536634049999943,0.1004054907777743,0.9982425367001131,ns
b4336,-0.6218844425000001,-0.2256766190000001,0.39620782349999994,0.10042285806979237,0.9981674226123746,ns
b0016,-0.10697860800000031,-0.19952052250000024,-0.09254191449999993,0.10046436946559244,0.9979879371307951,ns
b3040,-0.0765643744999997,0.14007757999999934,0.21664195449999904,0.10050358148964793,0.9978184616914854,ns
b4320,0.7190606094999996,1.0181949784999995,0.2991343689999999,0.10066435072028981,0.9971243032953113,ns
b3493,0.6753378390000004,0.267802139,-0.40753570000000044,0.10069426562920944,0.9969952610899014,ns
b1274,-0.2791327454999992,-0.45804021349999946,-0.17890746800000024,0.10077100353227733,0.9966644164772727,ns
b2139,0.13483178650000005,0.43640993149999996,0.3015781449999999,0.10086153568828868,0.996274423685587,ns
b4209,-0.7110356555000001,0.241088266,0.9521239215000001,0.10090028655516435,0.9961076003721091,ns
b3410,-0.7545394220000006,0.4436259974999994,1.1981654195,0.10094237077656801,0.995926499452836,ns
b2276,0.05635590300000095,0.36010519399999996,0.30374929099999903,0.1010438089397193,0.9954902910124716,ns
b1304,0.4358370734999988,0.263419391999999,-0.1724176814999998,0.10115715531465787,0.9950033921441387,ns
b1640,0.3606931250000005,0.5711715950000009,0.21047847000000042,0.10118787320683971,0.9948715321101143,ns
b1902,-0.12402410350000048,-1.2175939610000004,-1.0935698575,0.10121281270079478,0.9947645059445418,ns
b0876,-0.3852880430000005,-0.6316397335000006,-0.24635169050000005,0.10121327159977168,0.9947625368574639,ns
b3345,-0.016475319500000446,0.3591028444999988,0.3755781639999992,0.10128150483141399,0.994469854570755,ns
b1273,0.02744090050000025,0.1682368709999999,0.14079597049999965,0.10130861360771612,0.9943536278552554,ns
b3301,0.9116553450000016,0.6659538150000017,-0.24570152999999983,0.10134949484165993,0.994178411628361,ns
b2441,0.26435703049999937,0.0823224859999993,-0.18203454450000006,0.10169219564758197,0.9927123756637417,ns
b2638,0.2099338145000002,0.82726933,0.6173355154999998,0.1017258584914001,0.9925686363333197,ns
b0484,0.4504530804999991,1.286717606499999,0.8362645259999999,0.10181859285760939,0.9921729092472006,ns
b4341,1.8243331710000001,0.867537078,-0.9567960930000001,0.10182730541906845,0.9921357484951379,ns
b0071,-0.36335071849999867,-0.45878831899999906,-0.09543760050000039,0.101885557309314,0.9918873746335684,ns
b3684,-0.7705468819999999,-0.25457718599999973,0.5159696960000002,0.10229282505175875,0.9901548271843019,ns
b2764,-0.0375316894999997,-0.20507226449999827,-0.16754057499999858,0.10236200100445092,0.989861232977337,ns
b2094,-0.2302248000000002,-0.4784818150000003,-0.2482570150000001,0.10279707102327502,0.9880192594317069,ns
b2795,-0.4085467224999997,-0.28806350449999973,0.12048321799999995,0.10300341380407682,0.9871483813947888,ns
b0498,1.595927885,1.9488402370000002,0.35291235200000015,0.10301825085270476,0.9870858282805935,ns
b2192,-0.11189396799999946,-0.5028254924999995,-0.39093152450000007,0.103084073821497,0.9868084267214791,ns
b2112,1.2085779800000012,1.8894894894999998,0.6809115094999987,0.10372457895865841,0.9841183193941683,ns
b0872,1.0122002760000002,1.6570748715000003,0.6448745955000001,0.10383638464856124,0.9836504414461891,ns
b3329,-0.6624058795,-0.958752394,-0.29634651450000005,0.10413318759979637,0.982410837305519,ns
b0497,0.40051466550000026,0.7206471730000001,0.3201325074999999,0.10426892755973306,0.9818450932979247,ns
b4310,0.7728728600000001,1.1333663755000005,0.3604935155000004,0.10446365741277643,0.9810347730004553,ns
b0487,-0.7823763924999994,-0.2043241525000003,0.578052239999999,0.10482931868362735,0.9795172368010123,ns
b3573,-0.3176086584999997,0.08037223150000035,0.39798089000000003,0.10497226981029366,0.978925411967405,ns
b2249,-0.4806299140000001,-0.22770942399999994,0.25292049000000016,0.1049829659798796,0.9788811617021976,ns
b2092,0.6763394014999999,0.3349786459999988,-0.3413607555000011,0.10512433491890953,0.9782967387988951,ns
b1960,-0.43021919150000043,-0.19861932300000035,0.23159986850000008,0.1051280251685507,0.9782814937376221,ns
b0911,0.47182005499999935,0.15386777999999873,-0.3179522750000006,0.10515585068911,0.9781665589138632,ns
b3990,-0.3135049460000001,-0.37031192299999915,-0.05680697699999904,0.10540892730742345,0.9771226062376229,ns
b1042,0.0555669714999998,0.4075875660000001,0.35202059450000034,0.1055033960523586,0.9767335606216274,ns
b4364,-0.38008882600000016,-0.0028965235000000464,0.37719230250000013,0.10560132291981732,0.9763306411471129,ns
b4696,1.6318872435,1.9682213995000002,0.33633415600000016,0.10611709507194135,0.9742146472262138,ns
b0364,0.30008473865989865,-0.4525324010567942,-0.7526171397166929,0.10612496807554052,0.9741824273922187,ns
b2770,0.16310501550000006,0.626102121,0.4629971054999999,0.10626812236110611,0.9735969928513061,ns
b3502,-0.0801535595,-0.37547481800000004,-0.2953212585,0.10631667899126158,0.9733985978882709,ns
b0436,-0.2310925299999988,-0.6176464999999993,-0.3865539700000005,0.1065192588608073,0.9725718639546648,ns
b1234,-0.3803500944999998,-0.15347859099999936,0.22687150350000043,0.10667013830231635,0.9719571418278415,ns
b0933,0.6135052745000003,1.1467017135000006,0.5331964390000004,0.10672152922648548,0.9717479603215858,ns
b2515,0.05665918349999985,0.20339583249999998,0.14673664900000014,0.10682426847533233,0.9713300725169847,ns
b3555,-0.16069686149999904,0.5251981620000015,0.6858950235000005,0.10711823341205734,0.9701365982974078,ns
b1423,-0.0037799535000002486,0.3042412149999995,0.3080211684999998,0.1071561950784617,0.969982715796991,ns
b2190,0.7341978710000006,0.9185416480000006,0.18434377700000004,0.10717256128660062,0.9699163900829919,ns
b0120,0.26661765399999915,-0.06601332149999979,-0.3326309754999989,0.10721546059599094,0.9697425843504632,ns
b2716,-0.00560430000000035,0.31288284999999955,0.3184871499999999,0.10722230014056167,0.9697148804940473,ns
b1191,-0.01686690199999985,0.3942384459999997,0.41110534799999954,0.1073091500361297,0.9693632450352034,ns
b2317,1.1626745015000006,1.233606012000001,0.07093151050000035,0.10734349692793616,0.969224260811898,ns
b0011,0.4064461380000002,0.6547067380000002,0.24826060000000005,0.10743142169883006,0.9688686769737184,ns
b1579,-0.09714243349999944,0.4136963210000004,0.5108387544999998,0.10743259324096126,0.9688639410082004,ns
b3706,0.10858196799999835,0.24979463199999902,0.14121266400000065,0.10766243847880326,0.9679357879431862,ns
b1248,0.7015891254999986,0.9867076874999992,0.2851185620000005,0.10805648286300974,0.9663491724441079,ns
b2280,1.6247979474999994,1.8942909755000001,0.26949302800000074,0.10832370718222573,0.9652764854643785,ns
b2558,-0.39881126399999983,-0.6255219724999999,-0.22671070850000002,0.10838825619161127,0.9650177708186243,ns
b3497,-0.35573470249999994,-0.05325392299999976,0.3024807795000002,0.10841256163774389,0.9649203936842988,ns
b2370,-0.11774143950000045,-0.00535413350000045,0.11238730599999999,0.1085366698201693,0.9644235078064021,ns
b3304,-0.010907480000001052,-0.2440376800000017,-0.23313020000000065,0.10861692899291635,0.9641024805001652,ns
b2663,0.4949061474999996,0.8344152019999997,0.33950905450000013,0.10869776286851045,0.9637793941276818,ns
b1400,-0.0528504355000003,0.0691032495000003,0.12195368500000059,0.10897245008452093,0.9626832845234312,ns
b2527,-0.4394750965000003,-0.9419839430000008,-0.5025088465000005,0.1089893112281649,0.9626160919882484,ns
b1270,0.06250719499999885,0.25589311999999875,0.1933859249999999,0.10917642242444779,0.9618711410868207,ns
b1733,0.2963878375000002,0.4915461744999998,0.19515833699999963,0.10929270244822306,0.9614088352348675,ns
b2499,-0.19411660300000028,-0.3534428150000002,-0.1593262119999999,0.10930417457283151,0.961363251048253,ns
b3204,0.00710146949999935,0.2033528239999995,0.19625135450000014,0.10932947869733257,0.9612627226847107,ns
b1540,-0.19682004150000054,0.0791271704999987,0.2759472119999993,0.10936326491526789,0.9611285328813542,ns
b3176,-0.05929813500000006,-0.2087928980000004,-0.14949476300000034,0.10940016354932729,0.9609820287474028,ns
b3616,0.013065195000000702,0.3024090300000006,0.2893438349999999,0.10944338097136694,0.9608104990072955,ns
b2526,-0.0958079584999991,-0.36071500599999945,-0.2649070475000004,0.10955476476284079,0.9603687293291143,ns
b1804,-0.33845730100000004,-0.5179438730000006,-0.1794865720000005,0.10961123085030555,0.960144945428016,ns
b0679,0.1086194615000004,-0.2639275135000001,-0.3725469750000005,0.10970687875145238,0.959766140792296,ns
b0319,-0.503545216,0.49726859049999994,1.0008138065,0.10978614379998232,0.959452469093026,ns
b3460,1.2539560429999996,1.0450267329999994,-0.20892931000000026,0.10980266811051341,0.959387106774864,ns
b2129,-0.13281080649999974,0.20792066400000037,0.3407314705000001,0.10981895920594015,0.9593226765732721,ns
b3339,-0.46681739999999916,-0.6951250399999997,-0.2283076400000006,0.11000271718792277,0.9585965871586236,ns
b4662,-0.5249053624999998,0.8364586820000008,1.3613640445000006,0.11006343453669012,0.9583569391256307,ns
b2201,-0.20397991899999976,0.0466779830000003,0.25065790200000004,0.11009272090567035,0.958241394697699,ns
b0490,-0.3865439209999994,-0.2780083604999999,0.10853556049999952,0.11020607340255946,0.9577944710691979,ns
b0874,-0.1242630574999998,-0.4023260815000005,-0.2780630240000007,0.11022160896720831,0.9577332536219255,ns
b4367,-0.4883962635000012,-0.1283261645000015,0.3600700989999997,0.110229421592449,0.9577024714566165,ns
b4026,-0.4162941635000006,0.8980100595000002,1.3143042230000008,0.11025577576396517,0.9575986506880901,ns
b3205,-0.6744465814999994,-0.39464642949999934,0.279800152,0.11028732778968504,0.9574743859023344,ns
b4088,0.39705384850000014,0.05318560500000015,-0.3438682435,0.11036427356329424,0.9571714909672066,ns
b2354,0.049685478999999845,0.48746878250000014,0.4377833035000003,0.11048828574195221,0.9566837645789787,ns
b2180,-0.1310389079999998,0.0678705610000003,0.1989094690000001,0.11055231464623155,0.956432160117719,ns
b0726,-0.0562581895000002,-0.2695713360000003,-0.21331314650000008,0.11063423716428723,0.9561104543099215,ns
b1756,0.0791979734999999,0.3343725499999999,0.25517457649999997,0.1107149097510776,0.9557938896307852,ns
b3131,0.42951855550000007,0.5625235449999999,0.13300498949999984,0.11077556713832208,0.9555560178306475,ns
b2717,-0.11608349549999936,0.06978789400000045,0.18587138949999982,0.11106422913877248,0.954425793346231,ns
b3400,-0.6110265069999992,-0.8928328104999994,-0.28180630350000024,0.1110647534591276,0.9544237431010598,ns
b4292,-0.8584509045000006,-0.5553450380000005,0.30310586650000015,0.1111580829795819,0.9540589516262984,ns
b3528,0.8405578615000007,0.5886599985000003,-0.2518978630000004,0.11148001741645577,0.9528029721091635,ns
b0401,0.0862733060000011,0.5988802789999998,0.5126069729999987,0.11160006610865067,0.9523355481348765,ns
b3213,0.11134060999999915,0.378415154999999,0.26707454499999983,0.11162946445986194,0.9522211587729548,ns
b3137,0.284031476,-0.18192472399999995,-0.46595619999999993,0.11163510974349272,0.9521991963497722,ns
b2664,0.07269114649999996,0.3621412944999993,0.28945014799999935,0.11173403052810425,0.951814534854826,ns
b3949,0.0031814200000001014,-0.3029508324999999,-0.3061322525,0.11186080556825334,0.9513220574144622,ns
b2660,-0.9917795780000005,-0.6431676249999998,0.3486119530000007,0.11187900491192922,0.9512514050389804,ns
b1168,-0.10142892899999996,0.3552224970000001,0.456651426,0.11190366049773767,0.9511557069661344,ns
b2728,-1.0179340800000003,0.13605072449999955,1.1539848044999998,0.11209120119580945,0.95042847680808,ns
b2439,-0.26443193400000004,-0.727521933,-0.463089999,0.11262307175686051,0.9483726315957802,ns
b0091,-0.02433020200000065,0.09212110399999979,0.11645130600000043,0.11270238263604498,0.9480669024565671,ns
b2302,0.2016266515000002,0.4955119255000002,0.29388527400000003,0.11271646098538748,0.9480126554438199,ns
b3962,-0.47836714449999906,-0.2036850230000002,0.2746821214999989,0.11282035054643957,0.947612555203181,ns
b1436,0.3929829815000001,0.4811892560000002,0.08820627450000007,0.1130339868156863,0.9467909541516067,ns
b4523,-0.6603741815000004,-1.2336278975000003,-0.573253716,0.1134659218315293,0.945134554178309,ns
b3929,0.7128281990000005,0.9383833750000008,0.2255551760000003,0.11349427452473171,0.9450260468852537,ns
b0433,-0.5652464300000006,-0.9544105145000006,-0.38916408449999995,0.11368695127633713,0.9442893797616242,ns
b2968,-0.6726325739999999,-0.4293538754999997,0.24327869850000017,0.11378712846214642,0.9439068623172439,ns
b0788,-0.4014049759999998,0.25383307650000025,0.6552380525000001,0.1138589238473992,0.943632925296515,ns
b2509,-0.6790537199999993,-0.4872895384999998,0.19176418149999952,0.11395495079343985,0.9432668020714468,ns
b0775,-0.7590977614999996,-0.9736193074999997,-0.21452154600000006,0.11398795030212366,0.9431410556274195,ns
b4312,0.48953051799999914,0.6988510374999994,0.2093205195000003,0.11435012455654864,0.9417633579991452,ns
b3507,0.41543276949999974,1.7489474170000001,1.3335146475000004,0.11437130786406416,0.9416829125988924,ns
b0559,-0.06334867549999969,0.29432122000000027,0.35766989549999995,0.11439312684861355,0.9416000687369854,ns
b2118,-0.29648073950000026,-0.06515756550000025,0.23132317400000002,0.11461185693555656,0.9407704509958985,ns
b1828,-0.6419775960000003,0.036071826499999946,0.6780494225000002,0.11464771112748155,0.9406346112753178,ns
b4193,0.05691856649999965,0.28666220849999985,0.2297436420000002,0.11472204829718731,0.9403531075250864,ns
b0038,0.4567040520000001,0.6537351615,0.1970311094999999,0.11478884860486464,0.940100300305695,ns
b0699,0.8417841994999993,1.7129386264999993,0.871154427,0.11492062160481188,0.9396020335780224,ns
b1581,0.25640907850000005,-0.07213101799999995,-0.3285400965,0.11497397284780751,0.9394004616280007,ns
b1465,0.574567169,1.4283581870000002,0.8537910180000001,0.11509480841200606,0.9389442656740159,ns
b1368,-0.21196716049999975,0.037867871000000455,0.2498350315000002,0.11542471083807106,0.9377012047697814,ns
b2958,1.1123863959999998,1.297906431,0.18552003500000014,0.11546209038649102,0.9375605840701956,ns
b3986,-0.7037557299999984,-0.9371662099999991,-0.23341048000000075,0.11573862634764091,0.9365216763977336,ns
b1594,0.25034764250000036,0.1990422970000001,-0.051305345500000266,0.11589096125527144,0.9359504348736418,ns
b0221,-0.5319886869999997,-0.8781747320000002,-0.3461860450000005,0.1160652791827005,0.9352976796118014,ns
b2221,-0.083149685,0.3451695264999999,0.42831921149999985,0.11610004834121253,0.9351675994318183,ns
b0107,-0.29829410949999974,-0.0817735809999997,0.21652052850000003,0.11612575816928436,0.9350714375394285,ns
b1353,1.1251141735,1.5122519749999999,0.38713780149999977,0.11619782544887433,0.9348019993500878,ns
b4281,-0.026892869500000152,0.6401697065,0.6670625760000002,0.11639920092490762,0.9340500010872852,ns
b3265,-0.5295055875000001,-0.7364467385000001,-0.206941151,0.11654701040422055,0.9334988622686936,ns
b1220,0.29579708349999967,0.697525146499999,0.4017280629999993,0.11662698133485087,0.9332009651062516,ns
b4045,-0.07816523050000065,0.8638592109999994,0.9420244415000001,0.11666979369882935,0.9330415700727016,ns
b2952,0.03497199699999995,-0.24214973150000052,-0.2771217285000005,0.11686274581642488,0.932323913687979,ns
b1421,-0.29260456950000013,0.18006739050000006,0.4726719600000002,0.11686487725729403,0.9323159927328447,ns
b2661,-0.03799900850000035,0.21037449049999957,0.24837349899999991,0.11691026532817239,0.9321473538539939,ns
b1186,-0.1036208615000005,0.0035764304999990008,0.1071972919999995,0.1169962966499185,0.9318278850056299,ns
b3388,-0.5160092919999997,-0.45068789149999944,0.06532140050000024,0.11743030696142379,0.9302198038763989,ns
b3473,0.0570353040000007,0.4355774380000006,0.3785421339999999,0.11743435183335175,0.9302048449160555,ns
b1098,-0.4810653585,-0.37383674300000047,0.10722861549999951,0.11745696518803887,0.9301212244969372,ns
b3713,0.03225812100000075,0.3744612855000002,0.34220316449999943,0.1175375893296723,0.9298232208154026,ns
b0112,-0.22713932250000024,-0.03258999250000015,0.19454933000000008,0.11754034271132109,0.9298130473512555,ns
b2853,1.009828262,2.0136012005,1.0037729385,0.11754424852686061,0.9297986161703143,ns
b1358,-0.7468509255000001,0.30251147249999993,1.049362398,0.11755027828297027,0.9297763384096047,ns
b0378,0.2702659005000001,0.4987616100000003,0.2284957095000002,0.11762124374529581,0.9295142326124115,ns
b2506,-0.35594248449999966,0.09360255200000031,0.4495450365,0.11776315615011744,0.928990563398798,ns
b3732,0.2755370749999999,-0.1378872550000007,-0.4134243300000006,0.11781551963280867,0.9287974969263342,ns
b1731,-0.40685013499999995,-0.15574102099999987,0.2511091140000001,0.11804595833829505,0.9279488777205728,ns
b0727,0.41721864500000194,0.08996167500000139,-0.32725697000000054,0.11820256758387988,0.9273730896527341,ns
b0209,-0.39049476549999973,0.146388962,0.5368837274999998,0.11823491114175065,0.9272542706831552,ns
b0363,-0.33258213199999986,0.1008737865000002,0.4334559185000001,0.11830182391747582,0.9270085595885622,ns
b4284,0.35059262150000015,0.5277114770000009,0.17711885550000073,0.11832828583911681,0.9269114268389813,ns
b0707,-1.1007406645000004,-0.35463601550000057,0.7461046489999998,0.11850660832112124,0.9262574312793883,ns
b0759,0.2908030485000004,0.11779209799999975,-0.17301095050000065,0.11875923629192912,0.9253326038956917,ns
b3264,0.4569268275,0.16887385399999993,-0.2880529735000001,0.11886009786098936,0.9249639165103335,ns
b3494,-1.2601829330000007,-0.632671594000001,0.6275113389999998,0.11892465730437829,0.9247280913777426,ns
b3755,0.15635959550000011,0.3187995964999994,0.16244000099999928,0.11899676125571533,0.9244648586739591,ns
b1972,-0.21073828049999996,0.1772825605000001,0.38802084100000006,0.1190424939221868,0.9242979832993845,ns
b1806,-0.1533933854999998,0.18496526349999914,0.33835864899999896,0.11914040784484942,0.9239409175453459,ns
b2863,-0.2569872074999999,0.2142867014999998,0.4712739089999997,0.11949819714455126,0.9226386468169256,ns
b2858,-0.8322791494999999,-0.2509003379999998,0.5813788115000001,0.11962337880247541,0.9221839349572943,ns
b0845,0.3585045760000001,0.22869100399999986,-0.1298135720000002,0.11983083230421926,0.9214314242105938,ns
b1551,-0.2366410525,0.7816483949999999,1.0182894475,0.1200243105026625,0.920730780220276,ns
b3643,-0.27642168799999833,-0.6043249854999995,-0.32790329750000113,0.12031658643415405,0.9196744981773051,ns
b2989,-0.184484116000001,0.0551696774999999,0.2396537935000009,0.12037063423471774,0.9194794511625685,ns
b2278,1.4135997475000002,1.6310408355000003,0.21744108800000017,0.12042258039619905,0.9192920710350018,ns
b3810,0.3473296745000001,0.4808066104999993,0.1334769359999992,0.1204886687226583,0.9190537941066771,ns
b3423,-0.5208767394999989,-0.34484108299999905,0.17603565649999986,0.12055588200642699,0.9188115952358078,ns
b4216,-0.5351209179999998,-0.9011657619999998,-0.3660448439999999,0.12066173882011948,0.9184304204870295,ns
b3351,0.34029662049999976,0.48641480399999937,0.1461181834999996,0.12070745128524411,0.9182659200254212,ns
b1122,0.5954444495,-0.20328183500000005,-0.7987262845,0.1208149283662858,0.9178793992700706,ns
b4179,0.27930499899999983,0.3577615204999995,0.07845652149999965,0.12094420228681602,0.917414945617052,ns
b2779,0.47658431999999884,0.35012190499999907,-0.12646241499999977,0.12105190925736728,0.9170283563800335,ns
b1266,-0.377410636,-0.25350990950000035,0.12390072649999967,0.12106415258518871,0.9169844335632071,ns
b0983,-0.17583936299999986,-0.05046774599999975,0.1253716170000001,0.12176227274690375,0.9144872541984431,ns
b0649,-0.24496107550000001,0.2682942930000003,0.5132553685000003,0.12179857493584452,0.9143577929931244,ns
b3146,-0.7118665619999995,-0.5345413635000003,0.17732519849999928,0.12201730957085548,0.9135785552444107,ns
b0046,-0.4761424700000001,-0.09564913600000045,0.38049333399999963,0.12204897627740109,0.9134658590074669,ns
b1632,-0.8501462380000007,-1.1364956160000008,-0.28634937800000015,0.12210933719151779,0.9132511260984364,ns
b0837,0.2830996060000004,0.0075070940000001515,-0.27559251200000023,0.12213198208551071,0.9131705946587791,ns
b2256,0.040558935500000046,1.282187463,1.2416285275,0.12214919287814144,0.9131093983567539,ns
b2904,0.22100146250000025,-0.1584375739999997,-0.37943903649999994,0.12237091434860331,0.9123217949271278,ns
b3313,-0.2426874350000005,-0.5308196199999999,-0.28813218499999943,0.1226698689318544,0.9112620987530888,ns
b1252,0.03173519250000025,0.3864661100000002,0.35473091749999996,0.12272979317979725,0.9110499976400953,ns
b2062,0.08660938500000005,0.4940740625000001,0.40746467750000004,0.12275622337126987,0.9109564812230071,ns
b3357,0.48396402799999994,0.6082348379999996,0.12427080999999962,0.12312424709582902,0.9096564121948525,ns
b1646,-0.05515858299999985,0.49863716650000045,0.5537957495000003,0.12332900747830401,0.9089347635817214,ns
b1072,-0.02801085150000015,-0.3977728285000002,-0.369761977,0.12337961929233564,0.9087565741754642,ns
b1710,-0.5010050049999992,-0.045310633500000155,0.4556943714999991,0.12342031498691401,0.9086133495364106,ns
b0846,-0.4869460604999998,-0.6978406939999997,-0.21089463349999993,0.12355979465902386,0.9081228221132783,ns
b2552,0.18560590000000005,0.29955156200000044,0.11394566200000039,0.12366267799218775,0.9077613528182491,ns
b3736,0.3863803049999994,-0.0202541200000006,-0.406634425,0.12374293943379523,0.9074795718078968,ns
b4525,-0.32597228749999996,0.30983705149999996,0.6358093389999999,0.12376290136155037,0.9074095180664324,ns
b2099,0.006444549000000049,0.28801552499999983,0.2815709759999998,0.12379267844821581,0.9073050403204793,ns
b2463,1.3372983274999997,1.1290452804999997,-0.2082530469999999,0.12386389985124935,0.9070552503621753,ns
b4291,-0.5607048859999997,-0.24639005499999972,0.31431483099999996,0.1239192346307302,0.9068612775977609,ns
b2344,-0.0092304509999992,-0.6996894729999985,-0.6904590219999993,0.12393704705709697,0.906798855629344,ns
b0213,-0.173716728,0.0249650250000002,0.19868175300000018,0.12398275920297674,0.9066387027699497,ns
b2755,-0.34748294399999974,-0.04881059249999955,0.2986723515000002,0.12410259117591903,0.906219150639424,ns
b1322,0.24160131649999925,0.5071456294999992,0.2655443129999999,0.12444901482775944,0.9050085370349886,ns
b2186,-0.30326483449999975,-0.5279976014999992,-0.22473276699999944,0.1244677842707899,0.9049430415314188,ns
b0194,0.0861471014999981,0.01585234499999805,-0.07029475650000006,0.1246135015129933,0.9044349005747221,ns
b2668,-0.1535868270000002,0.043162777000000055,0.19674960400000024,0.12494724901713154,0.9032733013609152,ns
b4011,0.7522126715000002,-0.0566192125,-0.8088318840000002,0.12499742103162495,0.903098947338252,ns
b1474,0.08893039450000009,0.8479210855000003,0.7589906910000003,0.12560740960791614,0.9009847407189234,ns
b3671,-0.3939021950000008,-0.15697388600000026,0.23692830900000053,0.1260489983351051,0.899460601151875,ns
b3456,0.4772023514999999,0.1375015830000001,-0.3397007684999998,0.12621131594676055,0.8989017050529209,ns
b3474,0.9838806224999996,1.301103345,0.3172227225000004,0.1262218731981851,0.8988653789576404,ns
b1375,0.7314937834999997,1.3515279094999997,0.620034126,0.12622241882616655,0.8988635016070406,ns
b1333,0.18188130700000024,0.3700572805000002,0.18817597349999995,0.12661773773555565,0.8975054502344003,ns
b4175,-0.2171150084999995,-0.2833233449999994,-0.06620833649999988,0.1266457475114047,0.8974093882922035,ns
b1160,0.8464030785000001,1.9348218480000003,1.0884187695000003,0.12680981440805342,0.896847133060634,ns
b0392,-0.3500219614999999,0.08220267300000031,0.43222463450000026,0.12688164323388518,0.8966012054773889,ns
b3571,-0.39802607099999987,-0.2182105469999997,0.17981552400000017,0.12690552397321675,0.8965194734224531,ns
b1638,0.2885557764999999,0.5719259415,0.28337016500000006,0.1269919270384175,0.8962238865566909,ns
b3552,-0.341196783,0.10363978499999996,0.44483656799999993,0.12725298208215718,0.8953320314929684,ns
b3865,0.0757237215000001,-0.20587000649999915,-0.28159372799999927,0.127335334894918,0.8950510651562303,ns
b1243,0.23910202700000033,0.3930512570000006,0.15394923000000027,0.1273495240271993,0.8950026738864453,ns
b4409,0.2320713499999991,0.9483087374999997,0.7162373875000005,0.12769351233590115,0.8938311671711383,ns
b1690,0.2842974825,0.47428753599999984,0.18999005349999987,0.12773643244046276,0.8936852174488725,ns
b2095,0.09204508000000011,-0.0968438699999998,-0.18888894999999992,0.12794451718476443,0.8929783202294828,ns
b1537,-0.4514677679999999,0.1337652599999999,0.5852330279999998,0.12795930563515673,0.8929281252590626,ns
b2335,0.16433986649999996,0.660403894,0.4960640275,0.12805333850730044,0.8926090944591365,ns
b3300,0.45607963499999915,0.21227096499999826,-0.2438086700000009,0.12816389122238797,0.8922343153144852,ns
b1592,-0.43901926349999987,-0.0600439159999997,0.37897534750000017,0.12818728487803288,0.8921550511133929,ns
b3269,-0.8660495714999998,-0.49675826649999977,0.36929130500000007,0.1282289045759331,0.8920140677742849,ns
b4304,-0.12762251749999984,0.2541078680000004,0.38173038550000027,0.12830211487835633,0.8917661848376195,ns
b1747,-0.44148181649999985,-0.7343573779999997,-0.2928755614999998,0.1284229576041936,0.8913573324230282,ns
b1408,0.32499427599999997,-0.14642619849999994,-0.4714204744999999,0.12847788805691798,0.891171611019046,ns
b1281,-0.1663170539999998,-0.40770210349999925,-0.24138504949999945,0.12848060505685388,0.8911624268269592,ns
b2781,0.17608235400000088,0.43522883950000013,0.25914648549999925,0.12851119547019485,0.8910590363861076,ns
b4058,-0.46142703800000007,-0.2416054550000002,0.21982158299999988,0.1285658493007652,0.8908743769007745,ns
b1526,-0.1766006669999993,0.07771418750000066,0.25431485449999996,0.12858859008627477,0.8907975654896223,ns
b3703,-0.2681058999999992,-0.601958644999999,-0.3338527449999998,0.1286110027412978,0.8907218756930799,ns
b0611,0.0454859299999994,0.20377516399999918,0.15828923399999978,0.12884300465196039,0.8899391558753905,ns
b2696,0.0996121654999981,0.3315688254999989,0.23195666000000079,0.12939262835242712,0.8880904652210844,ns
b1440,-0.4980032070000002,-0.16948012450000016,0.32852308250000006,0.12941103850348507,0.8880286776341766,ns
b3309,1.0167322249999993,0.8099711449999987,-0.2067610800000006,0.12950628795489988,0.8877091446497628,ns
b3292,0.5754535755000001,0.8163857325000001,0.24093215700000004,0.12974483006823936,0.8869099384318627,ns
b0380,0.8363025429999991,1.2205355319999995,0.38423298900000047,0.12981423165530856,0.886677692816413,ns
b2615,-0.5007503355000003,-0.3083604444999999,0.19238989100000037,0.12987674953507042,0.8864685891301707,ns
b1792,-0.0926516839999998,0.41023413899999905,0.5028858229999988,0.13006812021302996,0.8858291362759443,ns
b3063,-0.31084071150000003,-0.1433057235,0.16753498800000002,0.13011064088004926,0.8856871839417865,ns
b4013,-0.5815850785000007,-0.4035331135,0.17805196500000076,0.13023905834451238,0.8852587524829801,ns
b2388,1.1499061784999993,0.9688408809999993,-0.1810652975,0.13029165549886038,0.8850833976937462,ns
b3781,0.1292001749999993,0.3896893599999993,0.260489185,0.1305046667989381,0.8843739578369006,ns
b2537,0.523916067,0.46136605500000005,-0.06255001199999999,0.1305262923197096,0.8843019982165357,ns
b1287,-0.3091627250000002,-0.012960239500000352,0.29620248549999983,0.13066590899718605,0.8838377059591175,ns
b1743,-0.2572703265,0.605561314500001,0.862831641000001,0.13079058295598958,0.883423524494012,ns
b2520,-0.14968294000000126,-0.09866821950000121,0.051014720500000055,0.13084559996270723,0.8832408771054594,ns
b2802,-0.028268943499999602,-0.29091310399999964,-0.26264416050000006,0.13107947660973315,0.8824653013906579,ns
b0187,-0.2707286309999999,-0.07164220949999975,0.19908642150000014,0.13140087767661018,0.8814017339479602,ns
b0656,-0.28751346549999995,-0.6642770594999998,-0.37676359399999987,0.13147400390120806,0.8811601108879413,ns
b4048,0.5828780499999999,1.0271290504999997,0.44425100049999977,0.131516469722851,0.8810198573501218,ns
b0795,-0.1050762295000002,0.17389168349999995,0.2789679130000001,0.1317415089590758,0.8802773664839467,ns
b2697,-0.2556945325000006,-0.17368209149999986,0.08201244100000077,0.13222976093971425,0.878670787231094,ns
b3966,0.4541758440000008,0.12474743050000026,-0.3294284135000005,0.13231184578082605,0.8784012720109455,ns
b1993,1.1910321739999996,1.3325484335,0.14151625950000035,0.13242111430180564,0.8780427619229898,ns
b1559,0.5049149304999998,0.9086760775,0.4037611470000002,0.13250768588809408,0.8777589304669461,ns
b0111,-0.12698817000000015,0.0715812589999997,0.19856942899999985,0.13337404837090783,0.8749286662646655,ns
b1480,-0.974280105500001,-0.06593979000000075,0.9083403155000003,0.1334406172702965,0.8747119577400327,ns
b3482,-0.0097757805000003,-0.08807460000000031,-0.0782988195,0.13353959042314914,0.8743899601172062,ns
b3404,-0.3122246864999991,-0.07724583899999965,0.23497884749999948,0.13360954933738262,0.8741625008700359,ns
b4547,-0.8511074565000003,-0.5109093874999995,0.3401980690000008,0.13362732166323993,0.8741047362132884,ns
b2837,0.1999198934999997,0.49019393749999995,0.29027404400000023,0.13397837010572697,0.8729653098588047,ns
b3915,-0.05568844800000056,0.13265408999999945,0.188342538,0.1341705174962248,0.8723429051460018,ns
b2050,0.19214929899999994,0.5539354714999999,0.36178617249999995,0.13443770293132826,0.8714789167081495,ns
b2542,-0.3491255164999995,0.047923011500000195,0.3970485279999997,0.13463944046537923,0.8708277018696001,ns
b2873,-0.41035020850000004,-0.17175648649999997,0.23859372200000006,0.13481151688164159,0.8702730046516454,ns
b1688,0.15989188299999885,0.47589630649999926,0.3160044235000004,0.13491915090763235,0.869926400637967,ns
b2400,-0.4322237104999997,-0.3669915589999997,0.0652321515,0.13496138193165855,0.869790483455231,ns
b4064,1.2737984954999986,1.0963280789999992,-0.1774704164999994,0.13497561590527926,0.8697446821293342,ns
b0450,-0.23385849099999895,-0.9810322039999992,-0.7471737130000002,0.13504098466379202,0.8695344040086131,ns
b4290,-0.6557205669999997,-0.34442930549999895,0.31129126150000075,0.13536608345302778,0.8684901363476563,ns
b2607,0.23016352499999998,0.009238184999999201,-0.22092534000000077,0.13540756502993867,0.8683570715520611,ns
b0950,0.1092283069999999,0.2715668929999997,0.16233858599999978,0.13545013828688632,0.8682205472406248,ns
b2286,-0.2036132309999976,0.01830130450000225,0.22191453549999984,0.13555380762622896,0.8678882788371998,ns
b2910,-0.6219464845000005,-0.3790726810000002,0.24287380350000026,0.13555914653504503,0.8678711740946715,ns
b0166,-0.3142423849999991,-0.2611943199999986,0.05304806500000053,0.13562981325677134,0.8676448362082166,ns
b1630,-0.8499248979999994,-1.185801872499999,-0.33587697449999965,0.13567261328382643,0.8675078096731683,ns
b2956,0.2128171234999999,0.7022976890000001,0.4894805655000002,0.13571780134112119,0.8673631846381278,ns
b2641,0.1109516754999997,0.31412556799999963,0.20317389249999995,0.13598589998858016,0.8665061201195693,ns
b4269,-0.31030989049999924,0.36265375450000104,0.6729636450000003,0.13606399137548475,0.8662567933569062,ns
b2581,0.10450090449999955,0.22090083949999917,0.11639993499999962,0.13611715881959624,0.86608712453251,ns
b0314,-0.1148782895,-0.47380101750000003,-0.358922728,0.1363999849037039,0.8651856777458042,ns
b2631,-0.1091560984999993,0.4716666925000004,0.5808227909999997,0.1364927988256512,0.8648902608047705,ns
b3186,0.34227958000000136,0.20445338000000118,-0.13782620000000018,0.13653965288510203,0.8647412055584325,ns
b1855,-0.452335154,-0.19535063349999987,0.25698452050000015,0.1365814201002621,0.8646083760333313,ns
b1084,-0.38452069700000013,-0.5620089739999998,-0.1774882769999997,0.13674469339875206,0.8640895181744693,ns
b1703,-0.3631007350000002,-0.20192057549999995,0.16118015950000023,0.13684875912066374,0.8637591362114149,ns
b2000,1.2693094285000002,1.421683898,0.15237446949999978,0.13689379499229257,0.8636162367577589,ns
b2073,0.2533844644999998,0.0741666909999999,-0.1792177734999999,0.13694630592135162,0.8634496781935939,ns
b2418,-0.3903629000000008,-0.0663683570000004,0.3239945430000004,0.13721058542119055,0.8626123827059669,ns
b0480,0.15017898299999993,0.10847116050000015,-0.04170782249999978,0.13721614231158885,0.8625947945733764,ns
b4388,-0.004895766499999749,-0.13686274949999966,-0.1319669829999999,0.1375488254325203,0.8615431138192124,ns
b0864,-0.23965926149999994,-0.1128166144999989,0.12684264700000103,0.1378742161824229,0.8605169435172374,ns
b3737,0.3785988350000009,0.05776651500000085,-0.32083232000000006,0.1379737607898547,0.8602034978573345,ns
b3293,0.6213127664999987,0.9174927694999986,0.2961800029999999,0.13821551688240372,0.8594431977858714,ns
b0571,-0.20877096999999975,-0.008351551499999249,0.2004194185000005,0.1387347581026896,0.857814718731425,ns
b1166,0.2217608249999996,0.6031927065000002,0.3814318815000006,0.13894496451169594,0.8571571878172389,ns
b2265,-0.48172876849999957,-0.31678289650000035,0.16494587199999922,0.13907584564604622,0.856748290665977,ns
b2535,-0.6440313145000001,-0.33725622800000016,0.3067750864999999,0.13913659279429838,0.8565586359413757,ns
b4199,1.5209505864999997,2.0163214485000003,0.4953708620000006,0.13969482606746547,0.8548196787244772,ns
b0468,-0.7916529204999998,-0.3460264010000005,0.4456265194999993,0.1398764272780542,0.854255468965323,ns
b0695,-0.2764266685000001,-0.040147889499999104,0.236278779000001,0.14031127111858227,0.8529074409602764,ns
b3364,-0.07061491850000005,0.6724087444999998,0.7430236629999998,0.14085638463504885,0.8512234628498249,ns
b1002,-0.15746254449999905,0.142691397000001,0.3001539415000001,0.14097098862987545,0.8508702545384809,ns
b3378,-0.39059563650000007,0.0170227324999999,0.407618369,0.14102375738871384,0.8507077183113245,ns
b1361,-0.1927123379999995,0.21670051950000044,0.40941285749999995,0.14106831701067446,0.850570514895487,ns
b4016,-0.38316943500000056,-0.43061697200000054,-0.047447536999999984,0.1411839313122144,0.8502147292017013,ns
b4253,0.9566201799999996,1.3182209239999993,0.36160074399999975,0.14124780321607078,0.8500182979053903,ns
b2787,0.33510286600000017,0.6517291445000006,0.31662627850000047,0.14134766841594892,0.849711350969573,ns
b3302,-0.13002662500000106,-0.43554053500000034,-0.3055139099999993,0.14139035252975468,0.8495802226892689,ns
b3998,-0.36735823450000016,-0.1745732900000005,0.19278494449999967,0.14188203055144283,0.8480726047294405,ns
b1923,-0.35936757250000095,-0.1572087960000008,0.20215877650000016,0.14193527030946387,0.8479096708045003,ns
b1209,-0.3978970549999996,-0.25926062999999955,0.13863642500000006,0.14205016128802922,0.8475582688297372,ns
b1424,0.15685232849999986,-0.001904352999999602,-0.15875668149999947,0.1422050650059085,0.8470849347951254,ns
b2466,-0.037398161,0.4660590389999999,0.5034571999999999,0.14255971415341664,0.8460031841104992,ns
b1092,0.19386307750000142,0.10650512300000156,-0.08735795449999986,0.14278752354037205,0.8453097385982874,ns
b0375,0.07677414699999995,0.6498963775,0.5731222305,0.14313054263497726,0.8442676822257111,ns
b3095,-0.7505947050000001,-1.0318109305000005,-0.28121622550000036,0.1433131453505492,0.8437139722588155,ns
b0474,-0.24354804300000055,-0.0355015515000012,0.20804649149999935,0.14347847014231468,0.8432132626922865,ns
b1199,-0.0420500095,-0.3843353149999999,-0.3422853054999999,0.14361607757885433,0.8427969388337601,ns
b1303,-0.05998597650000015,0.05766515999999995,0.1176511365000001,0.14385208371747685,0.8420838429120086,ns
b3585,-0.1326720194999997,0.3650124690000003,0.4976844885,0.1438723049303902,0.8420227986519694,ns
b2393,0.07621634200000035,-0.30695802799999944,-0.38317436999999976,0.14388337099785703,0.8419893957866804,ns
b2849,0.432995340938289,1.1926127219243798,0.7596173809860909,0.14388572847035525,0.8419822801005339,ns
b4188,-0.30946756450000085,0.0083634764999995,0.31783104100000037,0.14389782240472943,0.841945778160445,ns
b4210,-0.6435772345000004,-0.3905805125000003,0.25299672200000006,0.1441372765902499,0.8412236880001802,ns
b4023,-0.3445685864999999,0.05405160650000031,0.3986201930000002,0.14427813555581412,0.8407994785178936,ns
b0610,-0.9377244949999994,-1.5683364964999993,-0.6306120014999999,0.14445362015297156,0.8402715698269949,ns
b3880,-0.1781689810000002,-0.0286005455000002,0.14956843549999999,0.1444891987613399,0.84016461722354,ns
b2642,0.3517534030000004,0.7347914520000005,0.3830380490000001,0.1447006767109307,0.8395294378433963,ns
b3087,-0.1181102345000004,0.09673635900000024,0.21484659350000063,0.14471207386630774,0.8394952325661075,ns
b4467,-0.23773757950000068,0.0622110329999991,0.29994861249999977,0.1447462700443092,0.8393926187580087,ns
b1858,-0.0305254199999991,0.0907029260000009,0.121228346,0.14485496259998382,0.8390666216692609,ns
b4025,-0.12341883200000045,-0.004088018500000949,0.1193308134999995,0.14485601774430787,0.8390634582174856,ns
b1342,-0.2676075189999998,-0.05866626599999985,0.20894125299999994,0.1448736864277333,0.8390104887662131,ns
b1796,-0.316273189,1.14095492,1.4572281089999999,0.14491075286499353,0.838899387222645,ns
b4751,-0.23411188749999964,-0.8474414370000001,-0.6133295495000004,0.14497459956085862,0.8387080821572577,ns
b3987,0.3875285359999996,0.27447248599999874,-0.11305605000000085,0.14514527965189788,0.8381970835282632,ns
b0945,-0.06745024250000135,-0.18921416050000056,-0.12176391799999921,0.14515730654328016,0.8381610989190097,ns
b2681,0.17891578299999975,0.605926435,0.4270106520000002,0.1453967127665007,0.837445412208121,ns
b2820,-0.27392790750000007,-0.1345087650000005,0.13941914249999957,0.1454398315767824,0.8373166370464503,ns
b3263,0.3167773230000006,-0.354677289,-0.6714546120000007,0.1454423322819553,0.8373091698133751,ns
b1432,-0.7499652540000001,-0.5150744040000004,0.23489084999999976,0.14567311165003022,0.836620602929161,ns
b2258,-0.2417163729999998,0.6632830475000002,0.9049994205,0.14573120054929756,0.8364474573188204,ns
b0394,0.6135252370000002,0.8460893530000004,0.23256411600000026,0.14580105519828784,0.8362393329101194,ns
b1864,-0.2494507799999992,-0.158582062999999,0.09086871700000021,0.1458244197162798,0.8361697430962604,ns
b3751,0.024196716000000548,-0.1505951399999996,-0.17479185600000013,0.1459261297303848,0.8358669357853341,ns
b2600,-0.27228503000000037,-0.08163197150000019,0.1906530585000002,0.14598056888355765,0.8357049482447342,ns
b3266,-0.2730931035000004,0.05958403299999965,0.3326771365,0.1462151368668253,0.8350076648785296,ns
b4506,-0.4159506975,-0.1572135015,0.258737196,0.14624743703035112,0.8349117361403396,ns
b0546,0.8690234064999998,1.372682357,0.5036589505000002,0.14664528171225433,0.8337319058119443,ns
b4350,-0.3053813494999993,-0.4788258475,-0.17344449800000072,0.14681343086669935,0.8332342122368424,ns
b3905,-0.0951355414999997,-0.5406384659999999,-0.4455029245000002,0.14685294073052368,0.8331173523059633,ns
b2025,0.34061573999999956,-0.14528064799999996,-0.4858963879999995,0.14685823911249676,0.8331016834570253,ns
b2011,-0.2963358920000001,-0.148977935,0.1473579570000001,0.14699619099556763,0.8326939186602508,ns
b0720,-0.3136444850000002,-0.45794431000000024,-0.14429982500000005,0.14718137514618534,0.8321471436873852,ns
b0754,-0.8115731565000006,-0.5864574440000005,0.22511571250000006,0.1471993813780241,0.8320940151661494,ns
b3642,0.48013825950000033,0.3190237525000001,-0.16111450700000024,0.14742126304752506,0.8314398722556575,ns
b4355,-0.2266873015000001,0.17321517650000007,0.39990247800000017,0.14743562380742262,0.8313975683512047,ns
b1892,0.3246582499999997,0.14261985399999985,-0.18203839599999985,0.14747188421703578,0.831290770826846,ns
b3576,-0.8008960245000001,-0.245978341,0.5549176835,0.14759540234148458,0.8309271707570302,ns
b4046,-0.8629616785,-0.48067470099999987,0.3822869775000002,0.1476100220551445,0.8308841548741908,ns
b0372,-0.0724732664999998,0.03853619300000005,0.11100945949999985,0.14767156086061872,0.8307031346848285,ns
b0501,0.7565834605000001,1.34778521,0.5912017494999999,0.14769772310379334,0.8306261996852092,ns
b3321,-0.39292165999999895,-0.6194219899999993,-0.22650033000000036,0.14775014762229358,0.8304720765278205,ns
b2093,0.9399266610000003,0.626004291000001,-0.31392236999999934,0.14779171290388965,0.8303499173688925,ns
b2747,-0.14539760099999993,-0.41968150499999934,-0.2742839039999994,0.14812013118664727,0.829385911977633,ns
b1377,-0.13456062349999995,-0.4315025834999999,-0.29694195999999995,0.1481909027627127,0.8291784562839614,ns
b1741,-0.2844437924999994,0.05198121750000076,0.33642501000000014,0.1482040763871703,0.8291398508229054,ns
b1709,-0.9908908539999999,-0.7331185179999999,0.25777233599999994,0.14824867598339792,0.8290091766528868,ns
b2283,0.14557016200000025,0.4064655745000003,0.26089541250000003,0.14846978473218383,0.8283619211566096,ns
b0458,-0.1860993724999997,0.3952625535000003,0.581361926,0.14882790001880467,0.827315646153038,ns
b3125,0.8080817915,1.2212816245,0.41319983299999996,0.14896618728319722,0.826912297646664,ns
b4135,-0.3540376145000006,-0.0589496260000008,0.2950879884999998,0.1489687694455587,0.8269047697024622,ns
b4391,-0.38605418099999955,-0.6451275764999993,-0.25907339549999975,0.1492242063851462,0.8261607221261408,ns
b4243,-0.4152279099999996,-0.46930658499999905,-0.054078674999999465,0.14924494699530264,0.8261003639118681,ns
b2274,0.3141294084999999,0.8457172019999997,0.5315877934999997,0.14942079218293688,0.8255889654254311,ns
b3211,-0.4288170810000001,-0.09084156800000029,0.33797551299999984,0.14945860771326377,0.8254790677460022,ns
b3261,-0.013823635000001402,-0.2734472235000007,-0.25962358849999934,0.14945926434798976,0.8254771597112892,ns
b0128,0.49555953499999994,0.7009024009999996,0.20534286599999962,0.14949705430682944,0.8253673646030494,ns
b3258,-0.10004899899999925,-0.32213329249999934,-0.22208429350000009,0.14951565537238024,0.8253133311798861,ns
b4120,-0.3250654239999999,-0.02609288999999985,0.298972534,0.14963457978765565,0.8249680316349209,ns
b1180,0.186203883500001,0.3986743120000011,0.21247042850000009,0.149643286753365,0.8249427615592788,ns
b1539,-0.18196611699999993,0.0005084415000001005,0.18247455850000002,0.14966184798244309,0.8248888965336527,ns
b0513,-0.2463461089999998,0.1516450105000001,0.3979911194999999,0.14968845889140056,0.8248116828433124,ns
b1520,-0.1772716159999996,0.29838643649999996,0.4756580524999996,0.1497880162684819,0.8245229308064862,ns
b1567,-0.27586357499999986,0.5857146580000003,0.8615782330000001,0.14980031762187776,0.8244872658002199,ns
b3267,0.1921568879999995,0.6877644484999998,0.4956075605000003,0.14980270833137366,0.8244803348158707,ns
b4125,-0.17531631599999994,-0.3158462219999998,-0.14052990599999984,0.14980605619191353,0.8244706291094237,ns
b0026,-0.13771180300000105,-0.050875747500001,0.08683605550000005,0.14987758919887686,0.8242633012070444,ns
b0087,0.0752878580000002,0.28823454399999937,0.21294668599999916,0.1500450300989272,0.8237783850199163,ns
b1276,0.3582551434999996,0.5450776739999998,0.18682253050000025,0.1502605567030665,0.8231550064677642,ns
b0951,-0.334892655,-0.21036932049999985,0.12452333450000014,0.1502728164179687,0.8231195739533689,ns
b3010,-0.15452055799999975,-0.4692821360000001,-0.3147615780000004,0.15043321565409212,0.8226562609344938,ns
b2126,-0.030059126999999852,-0.33900810900000006,-0.3089489820000002,0.1504757219554274,0.8225335643314253,ns
b3306,0.11646952499999935,-0.18055246500000077,-0.2970219900000001,0.15050563125181513,0.8224472503968037,ns
b1718,-0.2048418199999995,-0.32408547,-0.11924365000000048,0.15063077099570185,0.8220863009867717,ns
b3053,0.475559352499999,0.5390290499999986,0.06346969749999959,0.15064662880155893,0.8220405826050423,ns
b3859,-0.2942206829999998,-0.4865947940000006,-0.1923741110000008,0.1506468904067347,0.8220398284322703,ns
b2505,-0.2487206260000004,0.2512854624999996,0.5000060885,0.15119189326740717,0.8204714945730253,ns
b3769,-0.08246313699999955,0.23138081550000006,0.31384395249999963,0.151254147386982,0.8202927081625275,ns
b0329,0.807995352499999,1.5006747984999986,0.6926794459999996,0.1513353229409515,0.8200596921493667,ns
b1805,-0.13402683750000038,-0.45784452200000025,-0.32381768449999987,0.15142645113095532,0.8197982557683642,ns
b1360,0.9092352890000002,1.20189826,0.29266297099999994,0.15143969253519304,0.819760280782272,ns
b0171,0.3098948825000001,0.1554188669999998,-0.15447601550000029,0.1517097440723581,0.8189865242827966,ns
b0622,0.36806028299999993,0.9330657224999998,0.5650054394999998,0.15181375572067718,0.8186888755885927,ns
b1614,0.0102093925000019,0.1799624080000006,0.1697530154999987,0.15183421330957705,0.8186303563894419,ns
b0098,0.06932990500000046,-0.0636387669999991,-0.13296867199999957,0.1523319097890294,0.8172091131202147,ns
b3099,-0.5027871900000003,-0.34282187699999955,0.15996531300000072,0.1526051190911842,0.8164308978636738,ns
b1176,-0.7505625954999999,-0.6206833464999995,0.12987924900000047,0.1529732929724615,0.8153843843923156,ns
b0297,-0.47938691200000005,-0.003676652500000044,0.4757102595,0.1533097930593567,0.8144301025768139,ns
b1837,-0.8722290860000004,-0.20955549950000035,0.6626735865,0.15370809849217054,0.8133032500161598,ns
b0713,-0.4413678945000003,-0.14111144299999975,0.3002564515000006,0.15383587065790016,0.8129423861704909,ns
b0241,0.7030480095,0.4375945594999999,-0.2654534500000001,0.15395185145107887,0.8126150838302727,ns
b2746,0.3819236869999991,0.1654019209999999,-0.21652176599999923,0.15412779065749938,0.812119046933563,ns
b1944,-0.9825766470000002,-1.4536433680000003,-0.471066721,0.15429337112108668,0.8116527320533449,ns
b3240,-0.15363451150000015,0.165696225,0.31933073650000016,0.15434938509338963,0.8114950963476112,ns
b1799,-0.1541153715000005,0.242295402499999,0.39641077399999947,0.15436996590077431,0.8114371917746407,ns
b2447,-0.25549749649999987,0.0715981400000001,0.32709563649999995,0.1544361638372385,0.8112509947002203,ns
b2454,0.033117703,0.5238529175,0.49073521449999996,0.15451706729643044,0.8110235432729079,ns
b3752,-0.0208751644999991,-0.2887645929999998,-0.2678894285000007,0.15480680453558734,0.8102099538126274,ns
b1075,-0.20773383149999985,-1.2206192859999996,-1.0128854544999997,0.15505442704419672,0.8095158294691035,ns
b1023,0.23726985549999985,-0.08786941050000005,-0.32513926599999987,0.1550624911430626,0.8094932431899657,ns
b0959,0.3482922884999997,0.4931908185,0.1448985300000003,0.15515875183584027,0.8092237227107244,ns
b0272,-0.6871830390000007,-1.0832259340000001,-0.39604289499999945,0.15517975808168985,0.8091649295131007,ns
b3454,0.13750977700000086,-0.07338710849999945,-0.2108968855000003,0.15526726090130488,0.80892010839779,ns
b1491,-0.37214616300000003,-0.6366758795000003,-0.26452971650000023,0.1553812553777026,0.8086013740617491,ns
b0958,0.42342382150000013,0.604958291,0.18153446949999985,0.15538610552320647,0.80858781799574,ns
b1669,0.04526780849999999,0.6136546215,0.568386813,0.15550290907766695,0.8082614819775901,ns
b0917,-0.0028191680000011557,-0.23734938950000023,-0.23453022149999908,0.15598501003759613,0.8069171347913723,ns
b0118,-0.050938480000000105,-0.18304522499999987,-0.13210674499999975,0.15601425262163812,0.8068357250289583,ns
b0413,0.0516749365000004,-0.055082550499999404,-0.1067574869999998,0.15631812029096392,0.8059906759395945,ns
b1357,0.41856330750000015,0.8806073895000001,0.4620440819999999,0.15635530547402776,0.8058873776189917,ns
b4494,0.2463028405,0.909494389,0.6631915485,0.1565759046809533,0.8052750703064513,ns
b1785,0.11538271150000004,0.8611517649999998,0.7457690534999998,0.15675368686211416,0.8047822357282407,ns
b0190,-0.0141146469999995,0.0918740100000001,0.1059886569999996,0.15682104973273678,0.8045956433785872,ns
b0582,-0.39550023950000046,-0.5257572265000006,-0.1302569870000001,0.15696805735876693,0.8041887165349799,ns
b1871,-0.13429178300000005,-0.1914186535000004,-0.05712687050000034,0.1571360152580575,0.8037242641310465,ns
b1767,-0.3694995714999987,-0.4308709984999992,-0.061371427000000534,0.1574087400217556,0.8029711573782243,ns
b4063,-0.1803977645000003,0.2581813319999997,0.43857909650000004,0.15759029666284888,0.8024705269195351,ns
b1957,1.481735471,2.0463756614999995,0.5646401904999996,0.1576578661849743,0.8022843556772465,ns
b2918,0.2902771410000001,-0.1797496869999998,-0.47002682799999995,0.15774316009680825,0.8020494631241745,ns
b1636,0.23698939750000036,0.44195768950000014,0.20496829199999977,0.15786696952403984,0.8017087278386685,ns
b4575,-0.3320519585000006,-0.0453210045000003,0.28673095400000026,0.15790056301933592,0.8016163214435432,ns
b4141,-0.3247587055000007,-0.0214781520000007,0.3032805535,0.1582228257764763,0.8007308634825608,ns
b1447,-0.6634256664999998,-0.1975658784999998,0.465859788,0.1582920347876909,0.8005409381685081,ns
b2489,-0.3062449840000001,0.23910405349999994,0.5453490375000001,0.15833221246527757,0.8004307195486986,ns
b1077,-0.2908098425000001,-0.8784944050000001,-0.5876845625,0.15841166061714335,0.8002128533318051,ns
b2232,-0.2201236665000001,-0.05622794250000135,0.16389572399999874,0.15848073316555444,0.8000235283262856,ns
b3248,-0.239172747,-0.09700930899999971,0.14216343800000028,0.1585131667777443,0.7999346576013038,ns
b0268,0.34458647349999993,-0.5712246215000002,-0.9158110950000001,0.1585225839558083,0.7999088571768403,ns
b1102,-0.4910324264999999,-0.04162029849999975,0.44941212800000013,0.15858707353568655,0.7997322150065006,ns
b3481,-0.3357046800000001,-0.13338872850000075,0.20231595149999934,0.15907698793262776,0.7983926408229899,ns
b2294,-0.6420734849999992,-0.43511007799999923,0.20696340699999993,0.15922521533535644,0.7979881551042963,ns
b3130,0.10477776650000024,0.3335220109999994,0.22874424449999914,0.15935050483256996,0.7976465563154312,ns
b0385,0.2054246789999998,0.5510277329999997,0.3456030539999999,0.15935725321776,0.7976281646297807,ns
b0483,-0.18707156899999955,0.1128131515000001,0.29988472049999965,0.15945207248965024,0.7973698316109279,ns
b0465,-0.36103469150000045,-0.2875412790000005,0.07349341249999997,0.15957988954072763,0.7970218398762263,ns
b1268,-0.15177433800000026,0.0620056744999997,0.21378001249999995,0.15989317973331138,0.7961700607525736,ns
b2178,-0.2425878365,0.07414688,0.31673471649999996,0.16030696224687302,0.7950476155139921,ns
b0481,-0.3190417354999999,0.1273566135000003,0.4463983490000002,0.1603410070300413,0.794955393120964,ns
b3918,-0.05092540649999975,-0.23558529199999964,-0.1846598854999999,0.16044323976162667,0.7946785770793744,ns
b0007,0.1348186919999998,0.3848143525,0.24999566050000022,0.1605600121105926,0.7943626077629516,ns
b4584,-0.6589131500000005,-0.42503201100000054,0.23388113899999996,0.1606713812852991,0.7940614726873558,ns
b0324,-0.3087146130000007,-0.054064865500000496,0.2546497475000002,0.16094167170365292,0.7933314919620821,ns
b0819,-0.1327120379999984,-0.0089008049999988,0.12381123299999959,0.16140619157246075,0.7920798096747989,ns
b2332,-0.2769455559999998,0.0367690244999998,0.3137145804999996,0.16147812746324636,0.7918862954091994,ns
b0200,0.11730117950000006,0.32159560600000026,0.20429442650000018,0.16163414993474703,0.7914668764738513,ns
b2561,0.3810790600000002,0.598798881,0.2177198209999998,0.1620032571166992,0.7904762537685459,ns
b2502,-0.3594445934999992,-0.17188780649999955,0.18755678699999964,0.16202744444593856,0.7904114177910321,ns
b0857,0.7918036210000001,1.058153737,0.2663501159999999,0.16217278040731167,0.7900220373684662,ns
b3331,-0.12420294850000001,-0.32866527,-0.2044623215,0.16226809555797028,0.7897668608587829,ns
b2422,0.01142458649999955,0.14341469100000023,0.13199010450000068,0.16227876258325982,0.7897383125607049,ns
b0094,1.0157510035000001,1.1351575924999997,0.11940658899999956,0.16233886383289967,0.7895774978713704,ns
b0077,0.3299366074999996,0.22966064349999987,-0.10027596399999972,0.16246578015186677,0.7892380996465179,ns
b3305,0.31867025000000027,0.01647520499999985,-0.30219504500000044,0.1625989063231442,0.7888823798946004,ns
b2903,0.8934651775,0.5538477304999998,-0.3396174470000002,0.16261421761429268,0.7888414860390205,ns
b0423,-0.37757656000000095,-0.5392531480000002,-0.1616765879999993,0.16268842824997112,0.7886433365893155,ns
b1283,-0.3128686475000006,0.07088723649999905,0.38375588399999966,0.16305282216853062,0.7876716798901444,ns
b2984,0.4484655705,0.1586879735,-0.28977759700000005,0.16322095498178815,0.7872240854795504,ns
b1116,-0.26979790000000037,-0.09051285850000029,0.17928504150000008,0.1632492285422759,0.7871488623691166,ns
b4461,-0.1012818190000004,0.12952459949999934,0.23080641849999972,0.16338029518587216,0.7868003236180517,ns
b0082,-0.16613956800000015,-0.07136215450000045,0.0947774134999997,0.1635848249499523,0.7862569863992439,ns
b3124,-0.04776304550000024,0.27851668999999973,0.3262797355,0.16361530350289355,0.7861760777060862,ns
b1770,0.413840113,0.5584752099999997,0.14463509699999966,0.16364198887307538,0.7861052508104711,ns
b3655,-0.19450953649999955,-0.059882566499999755,0.1346269699999998,0.1636636396169859,0.7860477950394443,ns
b3597,0.5749343545000003,0.9687496685000003,0.393815314,0.1636888563437789,0.7859808856041741,ns
b2054,0.9538664530000001,1.237119911,0.2832534579999999,0.1638037265460268,0.7856762222339257,ns
b2879,-0.693640201,-0.25203466399999996,0.44160553700000005,0.16390639095023568,0.7854041123214515,ns
b2064,-0.07250740100000014,0.0969298264999993,0.16943722749999945,0.1640661325874505,0.7849810590954671,ns
b2602,-0.19264403900000035,0.42653834649999967,0.6191823855,0.16411460895406066,0.7848527577297274,ns
b1123,0.0705562555000005,-0.08773277349999906,-0.15828902899999955,0.16418811276411996,0.7846582890425722,ns
b2775,-0.2342331029999999,-0.020525985999999947,0.21370711699999995,0.16435692339736782,0.7842119969067094,ns
b1878,-0.2512918545000001,0.055087045999999806,0.3063789004999999,0.16451617403597008,0.7837913989342393,ns
b0793,-0.5781881429999995,-0.40391743449999956,0.17427070849999998,0.1645371310819457,0.78373607945077,ns
b2390,-0.6901103725,-0.29581843100000027,0.3942919414999997,0.16461665816207904,0.7835262190519868,ns
b0220,0.21899482450000018,0.5177574859999998,0.29876266149999964,0.16479247031202973,0.7830626359437783,ns
b1505,0.4900010130000001,1.0921750639999999,0.6021740509999998,0.16481484877806865,0.7830036636833569,ns
b4006,0.1235624545,-0.02809588499999995,-0.15165833949999996,0.16484247311738137,0.7829308784159839,ns
b0934,-0.23573934299999982,0.5115233865000002,0.7472627295000001,0.16485361234936405,0.7829015319529968,ns
b0997,-0.26728528499999993,-0.002359875999999851,0.26492540900000006,0.16506302377710624,0.7823502033458818,ns
b1329,0.006255742999999651,0.09775300749999966,0.09149726450000001,0.1654274939037634,0.7813923094244077,ns
b3141,-0.5586765524999999,-0.8078056319999999,-0.24912907949999996,0.16561977369305403,0.7808878131241238,ns
b0418,0.4320999025000001,0.7041004885,0.2720005859999999,0.16562504861952643,0.7808739812311837,ns
b3169,0.13901325100000061,0.0250590920000011,-0.11395415899999951,0.1656328153425838,0.7808536161601386,ns
b3985,-0.40635124499999886,-0.6552738649999981,-0.2489226199999992,0.16566640842465932,0.7807655429672128,ns
b2544,0.1086940735000001,0.34841436850000024,0.23972029500000014,0.1656947603839968,0.7806912246663344,ns
b0310,0.6693013545,0.4253399069999999,-0.24396144750000004,0.16573342515055514,0.780589894148476,ns
b0783,0.009664246499999897,0.1555166429999994,0.1458523964999995,0.16629733268339478,0.7791147165662483,ns
b3337,0.160860465999999,0.6539982949999992,0.49313782900000014,0.16637011157688772,0.7789246921265707,ns
b0677,-0.13992445049999921,0.10365258200000045,0.24357703249999968,0.16644708290553925,0.7787238117366851,ns
b4583,-0.06694547099999999,0.284366562,0.35131203299999997,0.16645833310630903,0.7786944586539086,ns
b2623,1.2640963355000001,1.6033296385,0.3392333029999999,0.1667205946698652,0.7780107493079903,ns
b2043,0.2130340505000003,0.3054701460000002,0.09243609549999993,0.16692367578340414,0.7774820603677556,ns
b2940,-1.9329243164999999,-0.3085973115,1.6243270049999998,0.16717257677152078,0.7768349633419657,ns
b1402,-0.09805753149999935,0.06920945750000035,0.1672669889999997,0.16719980812790397,0.7767642252764303,ns
b0341,-0.8239823725,-0.5814770154999997,0.2425053570000002,0.16730054785604795,0.7765026368590704,ns
b1100,-0.05545441749999995,0.06860333049999931,0.12405774799999926,0.16751619574728085,0.7759431982770028,ns
b2821,0.054708553999999854,0.2164440170000001,0.16173546300000025,0.16757633300614758,0.7757873172726715,ns
b0003,0.14398064449999995,0.1985057394999998,0.05452509499999986,0.16774009287486405,0.7753631208569537,ns
b0750,-0.05446621400000135,-0.11809997450000059,-0.06363376049999925,0.16799069290215202,0.7747147785908324,ns
b1131,-0.1395630884999992,-0.3115075424999993,-0.17194445400000008,0.16809897779984,0.7744349274721213,ns
b3523,0.012810688000001,-0.1157959824999981,-0.1286066704999991,0.16825495746413127,0.774032130862689,ns
b3450,-0.6444732984999995,-0.5657865719999995,0.07868672649999997,0.16849517457478322,0.7734125320956233,ns
b3342,0.19883727999999928,-0.0008108400000006524,-0.19964811999999993,0.16850995041883748,0.7733744491878785,ns
b3451,-0.4741550020000007,-0.1370419595000007,0.3371130425,0.16851358950525397,0.7733650704059082,ns
b3530,-0.0696985750000003,0.19360819499999993,0.26330677000000025,0.1686414725071514,0.773035614372324,ns
b0092,-0.0417120169999996,0.11543680549999985,0.15714882249999945,0.16888881794818805,0.7723991039172184,ns
b3827,-0.6743704419999996,-0.5106006989999998,0.1637697429999998,0.1693239666732122,0.7712815660655626,ns
b3279,0.17716591550000071,0.06979480350000014,-0.10737111200000057,0.1693750523712864,0.7711505574963107,ns
b1657,0.4684337670000005,0.7443867905000006,0.27595302350000006,0.1695158309323786,0.7707897371923034,ns
b3414,-0.6197729410000008,-0.9374042755000014,-0.3176313345000006,0.16982008699414822,0.7700109409780435,ns
b0515,0.4300477735000001,0.6487809955000001,0.218733222,0.17005675162810763,0.7694061209401803,ns
b1507,0.49570918799999975,0.6631592730000002,0.16745008500000047,0.17006803787730515,0.7693772988378174,ns
b1242,0.13586378900000004,0.5686236765000001,0.43275988750000005,0.17022596967646142,0.768974183224303,ns
b0652,-0.27487221199999995,-0.0993509065000002,0.17552130549999975,0.1707410555601123,0.7676620379985962,ns
b1444,1.5381798179999997,1.8361767425,0.29799692450000026,0.17106194632686847,0.7668465909166814,ns
b2075,-0.029111279999999955,0.10615970350000009,0.13527098350000005,0.17112639453962972,0.7666829997000384,ns
b3026,-0.303226022,-0.23052792400000016,0.07269809799999982,0.1712085476995861,0.7664745566793435,ns
b2218,0.1191699724999995,0.22567529699999955,0.10650532450000005,0.17128758951521456,0.7662741023019269,ns
b2750,2.1817923199999996,2.2561329925000013,0.07434067250000176,0.1713770347611717,0.7660473757892853,ns
b3745,-0.28031662900000004,0.0858069729999999,0.36612360199999994,0.17149721902135498,0.7657429180321276,ns
b2714,0.9488828784999996,1.220961483,0.2720786045000003,0.17161770571926457,0.7654379082151677,ns
b0184,-0.05681437300000035,-0.12201702750000096,-0.06520265450000061,0.17193523214252893,0.7646351206528994,ns
b2686,0.22588855400000035,0.48492165800000064,0.2590331040000003,0.172041749619409,0.7643661494346686,ns
b0879,0.5215319639999993,0.6541165929999999,0.13258462900000056,0.1722986739489272,0.763718064971471,ns
b2868,-0.34565658200000016,-0.1464885849999999,0.19916799700000026,0.17260274148970592,0.7629523105652123,ns
b0074,0.3072094805000001,0.2441886739999992,-0.06302080650000089,0.17272520708297653,0.7626442779612488,ns
b0855,0.13247692400000005,0.34370194149999994,0.2112250174999999,0.17275156468020286,0.7625780103566546,ns
b2557,-0.2362204890000017,-0.3679546145000021,-0.1317341255000004,0.17277210603037654,0.7625263728232641,ns
b0446,-0.7439304225000001,-0.5606433240000004,0.1832870984999997,0.17294383618599077,0.7620949118694197,ns
b2834,-0.6530716549999998,-0.45544363049999914,0.1976280245000006,0.1731215763741806,0.7616488020478133,ns
b0219,0.07946500999999986,0.6060812590000002,0.5266162490000004,0.17324418189747876,0.7613413414910372,ns
b3316,0.011799670000000297,-0.29177374999999994,-0.30357342000000026,0.173276592571133,0.7612601008971048,ns
b1335,-0.2503472604999999,-0.13012201050000044,0.12022524999999945,0.17336418818726657,0.7610406097371079,ns
b2333,-0.418652457,0.20901729699999994,0.6276697539999999,0.17342328960072517,0.7608925800668903,ns
b2936,-0.07028123099999915,0.18423311500000134,0.2545143460000005,0.17380204528059617,0.7599451171344731,ns
b3660,0.049087343000000005,0.14700541149999985,0.09791806849999984,0.17399693055023574,0.7594584129636821,ns
b1145,0.28117896549999966,0.38381947400000005,0.1026405085000004,0.1740476870241197,0.7593317438208661,ns
b3584,0.5373410275000001,0.7927251115,0.2553840839999999,0.17410209514165106,0.7591960025588151,ns
b0627,0.3947097314999999,0.9424932719999993,0.5477835404999994,0.17413020333937432,0.7591258928346614,ns
b2629,-0.422052722,0.29762393500000023,0.7196766570000002,0.17425953841513592,0.7588034406750926,ns
b0050,-0.01377958749999885,0.20243658950000085,0.2162161769999997,0.17458169663692158,0.7580012902195946,ns
b3878,0.8250927359999999,0.5935378334999999,-0.2315549025,0.17509626122698274,0.7567231271651309,ns
b2934,0.493095247,0.922930849,0.429835602,0.17516250503133415,0.756558852509907,ns
b0434,-0.1065622410000015,-0.3708348600000013,-0.2642726189999998,0.17530615633117727,0.7562028322592442,ns
b1699,0.22683483799999998,0.5160378324999999,0.2892029944999999,0.1753367065381788,0.7561271553368808,ns
b0366,0.3952710785,0.8285570919999998,0.43328601349999984,0.1759211276092142,0.7546819999223343,ns
b1138,0.296893477,0.762621105,0.465727628,0.17611905450147747,0.7541936547245105,ns
b0643,0.3069285720000003,0.5315338010000001,0.22460522899999985,0.17615624045298053,0.7541019670368787,ns
b0835,-0.3602191960000005,-0.5487072210000004,-0.18848802499999984,0.17626749831363445,0.7538277591942139,ns
b1753,-0.7034808495,-0.3150059600000001,0.3884748894999999,0.17627477156647234,0.7538098394504368,ns
b2293,0.5025153799999993,0.6714110249999994,0.1688956450000001,0.17638785644587918,0.7535313175039908,ns
b3212,-0.13383681999999905,0.08152369500000045,0.2153605149999995,0.17639905642111897,0.7535037422892177,ns
b4227,0.13920652200000064,0.23713718300000014,0.0979306609999995,0.17641105343235464,0.753474206651573,ns
b2239,0.12131838150000004,0.36871488150000026,0.2473965000000002,0.1765657372447433,0.7530935678547181,ns
b3244,-0.03752370650000135,0.22808856299999955,0.2656122695000009,0.17672365553289113,0.7527053136523335,ns
b1162,-0.6148050844999986,-0.48612206649999923,0.12868301799999937,0.17693922120856737,0.752175888591438,ns
b1782,0.25190298600000016,0.0512853700000004,-0.20061761599999978,0.17694098523948423,0.7521715588274153,ns
b1738,0.8220816040000001,1.0614771570000001,0.23939555300000004,0.1770339059540572,0.7519435485615773,ns
b1849,0.3784555585000007,0.1658020010000007,-0.21265355749999998,0.177247542195506,0.7514197782511296,ns
b4519,-0.8589140384999998,-0.2441929834999998,0.614721055,0.1773525284804813,0.7511626154959975,ns
b4265,-0.10344006650000011,0.05329772799999995,0.15673779450000005,0.17747849937355104,0.7508542520117222,ns
b1529,0.34816892999999816,0.45840188099999857,0.11023295100000041,0.17752725624026527,0.7507349590821447,ns
b1929,-0.14475224649999902,-0.49440054949999857,-0.34964830299999955,0.17752869534516796,0.7507314385366344,ns
b0939,0.6059531339999998,-0.16884087849999993,-0.7747940124999998,0.17753439042753355,0.7507175066865228,ns
b2799,-0.1138706504999997,-0.23726011450000015,-0.12338946400000045,0.17774563095577392,0.7502010655637003,ns
b2259,-0.24919859249999993,0.3548562975000005,0.6040548900000005,0.17774664030409965,0.7501985993812056,ns
b3661,0.1309498159999993,0.2904520494999998,0.1595022335000005,0.17781636999761863,0.750028259831641,ns
b3084,0.0020555544999996,-0.2181784845000001,-0.22023403899999972,0.17795042964113858,0.7497009591040777,ns
b3609,-0.0231733340000017,-0.17899625900000155,-0.15582292499999983,0.1779531424146231,0.7496943385323976,ns
b0751,0.7252902034999993,0.7729624194999998,0.04767221600000049,0.17823348977592746,0.7490106894216846,ns
b0085,0.1100087275000003,0.25267644350000085,0.14266771600000056,0.17831006283560494,0.7488241469499551,ns
b3598,-0.384432605,0.4201368955000002,0.8045695005000002,0.17836468525051274,0.7486911282055926,ns
b3350,-0.17295846450000016,0.17189307250000005,0.3448515370000002,0.1784207464226189,0.7485546480932689,ns
b4480,0.45361551399999955,0.6366954469999997,0.18307993300000014,0.17843698850154127,0.7485151149989,ns
b3817,0.36491626,0.1367779794999999,-0.2281382805000001,0.17874542546319497,0.7477650640528326,ns
b2052,-0.4127103109999998,0.2662914120000001,0.6790017229999998,0.17884329571916557,0.7475273355639066,ns
b0563,1.516064137,0.912892671,-0.603171466,0.17887578417708494,0.7474484493158328,ns
b3953,0.02390050599999985,0.5357007155,0.5118002095000002,0.17888406795527817,0.7474283375054224,ns
b0774,-0.37604895499999946,-0.7654057315,-0.38935677650000056,0.17903335098536058,0.7470660595243285,ns
b3952,0.45389594200000005,0.8963524125000002,0.44245647050000014,0.17905190987136294,0.74702104219092,ns
b0282,-0.06826496700000019,0.48904893250000003,0.5573138995000002,0.17916469667132037,0.7467475613663184,ns
b3012,-0.24214003500000064,-0.028691534500000046,0.21344850050000058,0.17934773529705833,0.7463041029813268,ns
b1462,0.2697581345000002,0.9290476770000002,0.6592895425,0.17935027760473446,0.7462979467710588,ns
b2395,0.2129243035000003,0.40154809049999995,0.18862378699999965,0.1793661190739196,0.7462595885431076,ns
b2599,-0.48711645149999994,-0.7255460515000007,-0.2384296000000008,0.17936684872657344,0.7462578218578586,ns
b3501,0.7351500405000004,1.0175795095000004,0.282429469,0.17948231858278565,0.7459783288135474,ns
b0058,-0.16893057649999976,-0.08210947949999965,0.08682109700000011,0.1795742294385528,0.7457559884686714,ns
b0067,-0.03762016750000011,-0.2653680014999997,-0.22774783399999957,0.17994549604653118,0.7448590190672938,ns
b1167,1.0679851185000002,2.036497091000001,0.9685119725000009,0.18007038765617317,0.7445577004781166,ns
b2929,-0.17514009450000056,0.10832833199999879,0.28346842649999937,0.18048386717541015,0.7435616120953109,ns
b1385,-0.15236618249999975,0.17448035949999988,0.32684654199999963,0.1805482698779349,0.7434066688880323,ns
b0377,-0.30860208099999986,0.09228667899999984,0.40088875999999973,0.18070490727042446,0.7430300534627065,ns
b4486,0.45239176300000006,0.7183551020000003,0.26596333900000024,0.18071595602368054,0.743003500415775,ns
b1613,-0.44170157650000075,-0.2769690965000006,0.16473248000000013,0.18076209875643315,0.7428926248920289,ns
b4520,-0.03640738550000004,0.9201733324999999,0.9565807179999999,0.18086310512886272,0.7426500172924884,ns
b3982,-0.42718702500000116,-0.6484763904999999,-0.22128936549999878,0.18088139839071973,0.7426060931271729,ns
b0056,0.4680305074999991,0.6422331809999995,0.1742026735000004,0.18090097853794437,0.7425590839280238,ns
b2172,-0.2962940514999999,-0.9369689359999998,-0.6406748844999999,0.18094398408568566,0.7424558514716272,ns
b4107,-0.24175804100000015,0.2703262464999998,0.5120842875,0.1812036278789141,0.7418331115597517,ns
b3054,1.2924556125,1.276738498999999,-0.015717113500000934,0.18124188192627977,0.741741436969814,ns
b4116,0.11380658599999971,0.9983083279999996,0.8845017419999999,0.1812449156756012,0.7417341675155965,ns
b2867,-0.012405465000000254,-0.24758662999999997,-0.23518116499999972,0.18138922795437482,0.7413885076777036,ns
b4463,-0.3865147495000003,-0.13523795650000034,0.25127679299999994,0.18140813956533125,0.7413432305669799,ns
b3518,-0.25524846899999987,0.1623756425,0.4176241114999999,0.1821025771087847,0.7396839080425055,ns
b3081,-0.36290657850000024,-0.7374143135000004,-0.3745077350000002,0.18217735954267658,0.7395055968286773,ns
b0141,0.28947895300000004,-0.0956727029999998,-0.38515165599999984,0.1823305441768788,0.7391405718479623,ns
b3830,-0.0451090510000007,0.1340042659999998,0.1791133170000005,0.1824296234466864,0.7389046382947618,ns
b1232,0.14002078599999995,0.23220475199999854,0.09218396599999859,0.18250923883238288,0.738715146153447,ns
b3498,-0.1405161325000015,-0.02046108350000165,0.12005504899999986,0.1830252092759786,0.7374890878901817,ns
b0683,-0.1934145800000006,-0.17483040100000036,0.018584179000000256,0.18313106012130365,0.7372379905137214,ns
b1051,0.13656075549999963,0.35805617749999996,0.22149542200000033,0.1832731448298961,0.736901167916362,ns
b2185,-1.961108764,-2.1177517535000003,-0.15664298950000033,0.1833204581177866,0.7367890661240752,ns
b3153,1.6696048640000005,2.1842027285,0.5145978644999993,0.18338359465681936,0.7366395185498291,ns
b3039,-0.7126590580000001,-0.13627254949999965,0.5763865085000004,0.18354640156308,0.7362541254428434,ns
b3259,-0.15323728249999924,-0.10094471249999909,0.05229257000000015,0.1836764960920523,0.7359464140295144,ns
b1332,0.30531701550000084,0.7715456345000007,0.46622861899999984,0.18416770729270707,0.7347865184066575,ns
b1546,0.5578600409999999,1.024770831,0.46691079000000024,0.18418822178727273,0.7347381449119218,ns
b0492,0.00802818549999885,0.06385554699999925,0.0558273615000004,0.18424349990849678,0.7346078250627665,ns
b3402,0.16541908649999998,0.2213726634999999,0.05595357699999992,0.18447183611028625,0.7340699295349953,ns
b0376,-0.7709937944999998,-0.47009093,0.3009028644999998,0.18449741027133282,0.734009725509058,ns
b3059,-0.2923138139999999,-0.14664591799999854,0.14566789600000135,0.1845726661413535,0.7338326143769311,ns
b2536,-0.0651553974999999,-0.3042729919999998,-0.2391175944999999,0.18471020545079433,0.7335091086284008,ns
b0456,-0.9343635395000001,-0.1650142504999999,0.7693492890000002,0.18483806310379905,0.7332085910499968,ns
b2030,-0.04057739200000075,-0.40473655650000095,-0.3641591645000002,0.18533970430454277,0.7320315341982976,ns
b1570,-0.21755195449999976,0.0371083374999999,0.2546602919999997,0.18544965919787582,0.7317739604406175,ns
b1521,0.21532998549999965,0.38133353000000003,0.16600354450000038,0.18553010721695176,0.7315856044467042,ns
b3582,-0.10895284899999985,-0.35107659150000003,-0.24212374250000018,0.18571112560954672,0.7311620777028731,ns
b3449,-0.4163358429999997,-0.2119101839999997,0.204425659,0.18575037244638376,0.7310703067665951,ns
b0477,-0.5221810455,-0.6541672049999998,-0.1319861594999998,0.18602178046549545,0.7304362031896525,ns
b4024,-0.637767814,-0.48890810850000044,0.1488597054999996,0.1861898945174471,0.7300438941087454,ns
b4234,0.1984597909999985,0.4113097830000001,0.2128499920000016,0.1862394003768318,0.7299284352983133,ns
b3930,0.45191950000000025,0.22737181050000016,-0.2245476895000001,0.18624919386187924,0.7299055983224624,ns
b0757,-1.0804725624999998,-1.3185839574999996,-0.23811139499999978,0.18636034164777682,0.7296465020464813,ns
b1564,0.0265994164999994,0.32609945349999947,0.29950003700000005,0.18680357726231384,0.7286148113478544,ns
b0953,0.5945524550000014,1.3280128650000016,0.7334604100000002,0.18681918172030532,0.7285785344892328,ns
b3631,-0.1631381015000004,-0.19659204650000056,-0.03345394500000015,0.1872405134922451,0.72760017652482,ns
b4315,1.643193237000001,1.8415141250000007,0.19832088799999958,0.18754316250081826,0.726898764849943,ns
b2015,-0.2907740315000002,0.06835554049999976,0.35912957199999995,0.1876273460810949,0.7267038643225385,ns
b4222,0.3251881864999992,0.4038170609999998,0.07862887450000061,0.18769813271019511,0.7265400478778129,ns
b0948,-0.03455531350000025,-0.16776840650000038,-0.13321309300000014,0.18782951678788512,0.7262361587641613,ns
b1463,-0.0354226759999998,0.2043902789999998,0.2398129549999996,0.18787565159991762,0.7261295001601498,ns
b1435,0.2657493670000001,0.1023439784999995,-0.16340538850000064,0.18809094069777546,0.7256321215134902,ns
b2512,-0.20551443500000038,-0.24908188000000026,-0.04356744499999987,0.18810306571106197,0.725604126243627,ns
b3043,0.10475170599999956,-0.8305379160000004,-0.935289622,0.18855116130706903,0.7245707883832685,ns
b0242,-0.20690910599999984,-0.04992231399999935,0.15698679200000049,0.18868603040906579,0.724260252144752,ns
b1128,-0.0027213630000009,-0.05067945850000075,-0.04795809549999985,0.18873906755042977,0.7241381948777263,ns
b2673,-1.8089912149999998,-1.3168698475,0.4921213674999998,0.1888617380213866,0.7238560179876503,ns
b3638,0.25811280500000056,-0.0532892814999992,-0.3114020864999998,0.18889104911841476,0.7237886212765907,ns
b3164,-0.01749641650000015,-0.1290934094999993,-0.11159699299999916,0.18898869785773678,0.7235641672806532,ns
b1047,-0.5282431845,-0.8463612524999997,-0.31811806799999975,0.18904048429895587,0.7234451787640989,ns
b1790,-0.06827318149999945,0.048288430500000354,0.1165616119999998,0.18908408398926793,0.7233450260282697,ns
b0008,-0.19299019999999964,-0.33308603999999953,-0.1400958399999999,0.18939451342776906,0.7226326062332609,ns
b2711,-0.3780209270000001,0.07318262199999995,0.45120354900000004,0.1895020455292783,0.7223860977946766,ns
b1413,0.06863184550000095,-0.035832403000000096,-0.10446424850000105,0.18967902393493227,0.7219806938504268,ns
b3860,-0.18500610600000028,-0.39628426849999965,-0.21127816249999937,0.1898722350857324,0.7215385372674178,ns
b2264,0.060013941000000647,0.30245295350000045,0.2424390124999998,0.18999477079025998,0.7212583519323659,ns
b3341,0.15985036999999822,-0.0599768700000016,-0.2198272399999998,0.19018014287412094,0.7208348306709346,ns
b0645,-0.04647739835830475,0.3860984195807651,0.43257581793906985,0.1902167451145205,0.7207512540088649,ns
b1823,0.19530821000000032,0.37596817000000016,0.18065995999999984,0.1903028864027552,0.72055462453861,ns
b1754,-0.45475456999999997,-0.1582010394999997,0.2965535305000003,0.19038451173003568,0.7203683854882049,ns
b3742,-0.23082171149999903,-0.3945723119999993,-0.1637506005000003,0.1906197978167406,0.7198319954288084,ns
b0602,-0.4605793724999998,-0.23976679299999965,0.22081257950000016,0.1906742031341248,0.7197080599395136,ns
b0981,-0.4646251600000004,-0.1093796970000005,0.35524546299999993,0.19069786946730308,0.7196541589926022,ns
b3253,0.9452299859999989,1.1027940369999993,0.15756405100000048,0.19072593470399285,0.719590248049885,ns
b3067,-0.1769935154999995,-0.28986733349999927,-0.11287381799999976,0.19080169035541322,0.7194177821016481,ns
b0020,-0.29962072199999973,-0.0852388214999999,0.21438190049999983,0.19097465032594835,0.7190242764915387,ns
b4347,-0.17682697250000018,-0.6197381455000002,-0.442911173,0.1913840535989993,0.7180942511070931,ns
b0752,-0.5300751420000003,-0.1192619784999995,0.41081316350000074,0.19139988241684563,0.7180583333602766,ns
b2234,-0.5922374815000002,-0.7405562250000002,-0.14831874349999996,0.19175093699641932,0.7172625051814313,ns
b4323,0.1782979640000013,-0.30599882999999933,-0.48429679400000064,0.19219457219302555,0.7162588814952755,ns
b1089,-0.8243744749999999,-0.8555229350000007,-0.03114846000000071,0.1922402713433775,0.7161556292055692,ns
b3355,-0.5269727124999992,-0.36150712649999894,0.16546558600000028,0.19242418146186827,0.7157403521757839,ns
b0428,1.2557538839999989,1.3258338339999982,0.07007994999999934,0.19246471611759783,0.7156488765448421,ns
b0604,0.13071739249999975,0.21811790199999992,0.08740050950000017,0.19265412372593427,0.7152216905583204,ns
b2771,-0.022767298,0.37882691199999996,0.40159420999999995,0.19266946696505693,0.7151871041262928,ns
b4349,0.015315028999999848,-0.09244117600000075,-0.1077562050000006,0.19267956165289696,0.715164350378906,ns
b1717,0.3299476299999995,0.15353177999999976,-0.17641584999999974,0.19272099802241321,0.7150709639722256,ns
b2273,0.8574885900000002,1.157581001,0.30009241099999984,0.19313666794415987,0.7141352654540293,ns
b1334,-0.4227876145000007,-0.5840309955000009,-0.16124338100000024,0.1931526781445964,0.714099265798444,ns
b0659,-0.0066051889999986495,0.12127260900000085,0.1278777979999995,0.19323117073559634,0.7139228148432124,ns
b1606,-0.8851331225000005,-0.4752902650000008,0.4098428574999997,0.19340913049329553,0.7135230275164298,ns
b1095,-0.2007937004999984,-0.34358106399999855,-0.14278736350000015,0.1934507510471018,0.7134295798482478,ns
b2136,-0.122820193499999,0.2167492745000006,0.3395694679999996,0.19353863571665805,0.7132323246831513,ns
b1769,0.6131492660000001,0.41361098800000007,-0.199538278,0.19372270812676332,0.7128194684078191,ns
b2027,0.30940669850000013,0.2443585920000002,-0.06504810649999992,0.1939194025450987,0.7123787355489075,ns
b1093,0.1216865499999988,-0.005548235000000897,-0.12723478499999968,0.1940063142138046,0.7121841351028279,ns
b0796,-0.7241793115000004,-0.2161225195000007,0.5080567919999996,0.19436542237282134,0.7113809935679404,ns
b0968,-0.01593579449999935,0.624397279000001,0.6403330735000003,0.19456629273741718,0.7109323960620589,ns
b2046,-0.381274467,0.02765432750000005,0.4089287945000001,0.19468688901380954,0.710663294605699,ns
b1615,-0.0502760829999999,0.5538476875,0.6041237704999999,0.1946923114655421,0.7106511987317381,ns
b3648,0.1141212364999981,0.27483526599999836,0.16071402950000024,0.19469287478558017,0.7106499421519158,ns
b0873,0.16016362700000003,0.4280875260000001,0.2679238990000001,0.19469426726359432,0.7106468360117667,ns
b0537,0.18201930500000024,0.31521487600000064,0.1331955710000004,0.19471548887070766,0.7105995006446868,ns
b0389,-0.30776365300000075,0.06379452749999939,0.3715581805000001,0.19493020275124093,0.7101208654899954,ns
b1948,-0.19992338649999986,-0.6084291969999998,-0.4085058104999999,0.19502292290577578,0.7099143388611001,ns
b0761,-0.6132519144999984,-0.29458192649999937,0.318669987999999,0.19504497684656488,0.7098652299505478,ns
b2072,-0.19822011749999996,0.564112554,0.7623326715000001,0.1952391631484119,0.7094330625234337,ns
b3424,-0.12342514800000035,-0.07529199950000004,0.048133148500000306,0.19531423985216814,0.7092660922790988,ns
b3367,-0.19815756999999995,0.06810611150000011,0.26626368150000007,0.19532357449775922,0.7092453365564186,ns
b3312,-0.08089214000000046,-0.29579558,-0.21490343999999956,0.19533941047458728,0.7092101272961595,ns
b1125,1.3237699734999997,1.2788984990000003,-0.0448714744999994,0.19571220762404712,0.70838208421216,ns
b3819,-0.25565293399999905,-0.6570138484999999,-0.40136091450000083,0.1959499175541093,0.7078549149151612,ns
b1626,0.40103403649999914,0.7362500309999995,0.3352159945000004,0.19600094611882454,0.7077418322496821,ns
b1945,-0.6966065865000002,-0.9853520410000005,-0.28874545450000033,0.1964936552917437,0.7066514682721224,ns
b2156,-0.47129635600000075,-0.7302233935000002,-0.25892703749999946,0.19665305022355783,0.7062993129969947,ns
b2922,-0.35710869900000075,-0.1675802335000007,0.18952846550000005,0.1968376468207575,0.7058918355647437,ns
b2808,0.35721866849999934,0.5108926104999996,0.15367394200000023,0.19699190700592367,0.705551615538236,ns
b0976,0.1367420964999999,1.099406703,0.9626646065000002,0.19704712746416184,0.7054298918593104,ns
b2543,0.3456619455000003,0.9451582590000003,0.5994963135,0.19706079105572263,0.7053997781663783,ns
b0251,0.3802341975000001,0.1773120969999999,-0.2029221005000002,0.19746166856709876,0.7045171974829166,ns
b2364,0.3006310034999999,0.06839765349999995,-0.23223334999999995,0.19825906544846983,0.7027669453257019,ns
b0806,0.08622638400000054,0.48732585650000004,0.4010994724999995,0.19827119453996117,0.702740376874119,ns
b3422,-0.401135,-0.8313986495000001,-0.43026364950000007,0.19836869790862427,0.7025268573737535,ns
b0070,0.45642020400000005,0.6564744774999998,0.2000542734999997,0.19858329140544367,0.7020572953959385,ns
b4400,0.0839228439999997,0.3249120309999997,0.240989187,0.19860338359020957,0.7020133567367136,ns
b3168,0.0468257584999989,-0.07215700049999979,-0.11898275899999869,0.19880270044148254,0.7015777206486188,ns
b4094,-0.0357104694999997,0.2441623800000003,0.2798728495,0.1989425717880908,0.7012722721077883,ns
b0078,0.34855765250000026,0.3039757220000005,-0.044581930499999756,0.1989795534746324,0.7011915480594226,ns
b2120,-0.4465888634999999,-0.2176546619999998,0.22893420150000007,0.19902472588049797,0.7010929655682105,ns
b3208,0.10135764400000055,0.4449681760000006,0.343610532,0.1991418244435996,0.7008375183880362,ns
b3427,-0.766988327,-0.47243336800000035,0.2945549589999996,0.19915327280293452,0.7008125521792039,ns
b0900,0.0719012800000003,0.46755380000000013,0.39565251999999984,0.19922362825164755,0.7006591548141223,ns
b3621,0.5544724455000001,0.43097596250000064,-0.12349648299999944,0.19943478881854285,0.7001990823628823,ns
b1280,-0.27415850400000025,-0.18236540550000008,0.09179309850000017,0.1994752077957178,0.700111073844869,ns
b2893,-0.37925750849999984,-0.26614034349999915,0.11311716500000069,0.1995905422189625,0.699860042003718,ns
b1060,-0.19565367649999965,0.21152638550000044,0.4071800620000001,0.1997648878510449,0.6994808442011269,ns
b3462,0.46748899600000016,0.5619176190000004,0.09442862300000021,0.1998075296370502,0.6993881496525526,ns
b2162,-0.6515703510000002,-0.04382690350000015,0.6077434475,0.1998277900438881,0.6993441145912603,ns
b0321,0.45785929050000007,0.7491191550000001,0.2912598645000001,0.2000030882956688,0.6989632982389575,ns
b1693,-0.3279890674999981,-0.16942231249999956,0.15856675499999856,0.2000476759389815,0.6988664896873278,ns
b2907,0.15967234100000022,0.2866440475000003,0.12697170650000006,0.20005182923225417,0.6988574731685528,ns
b0051,-0.3157578020000007,-0.15752586550000064,0.15823193650000006,0.20018170330237198,0.6985756197535379,ns
b2029,0.5728830650000001,0.7134098949999998,0.14052682999999977,0.20028417112498498,0.6983533725472396,ns
b2006,-0.19204127999999937,0.33706022850000084,0.5291015085000002,0.20038637285789168,0.6981318157082279,ns
b0691,-0.5445612040000001,-0.09166142800000014,0.4528997759999999,0.20046957550851155,0.6979515292351938,ns
b4317,1.7827617670000002,2.0035470330000003,0.22078526600000004,0.20057414048944575,0.697725060182382,ns
b3667,-0.47054843849999983,-0.7897376074999998,-0.31918916899999994,0.20061860577824336,0.6976287920926931,ns
b0975,0.33550525100000006,1.2123528655,0.8768476144999999,0.20065089180131127,0.6975589056857979,ns
b1752,0.2530785740000001,0.6889927370000002,0.4359141630000001,0.20117980326706783,0.696415620882181,ns
b1618,-0.2762174059999998,0.0253705155000001,0.30158792149999986,0.20133753369692226,0.696075255623199,ns
b4156,0.6082845904999998,0.7861087339999999,0.1778241435000001,0.20148531557798066,0.6957566001225797,ns
b2096,0.28440848500000016,0.20229707500000055,-0.08211140999999961,0.20158963101775706,0.6955318100617423,ns
b0826,0.3247147210000007,0.4494703550000003,0.12475563399999962,0.20271081494175458,0.6931230803931719,ns
b3874,0.48344846399999986,0.21066816100000005,-0.2727803029999998,0.20312787330982263,0.6922304783969273,ns
b4166,-0.6973259385000001,-0.5820060604999999,0.11531987800000021,0.2033395285288655,0.6917781877503043,ns
b4346,0.6934729569999996,0.5642727689999991,-0.12920018800000044,0.2034673752151186,0.6915052173966243,ns
b3011,-0.5359402749999993,-0.8056236184999994,-0.2696833435000001,0.20388923988241245,0.6906056932164629,ns
b1670,0.19164747499999987,0.5918290755000002,0.4001816005000003,0.20403947325746205,0.6902858063017647,ns
b0594,-0.5117597035000001,-0.861760335,-0.35000063149999994,0.20438920345050174,0.6895420488783721,ns
b4326,0.8908159055000002,1.2437805045,0.3529645989999999,0.20487325105561974,0.6885147408534668,ns
b0852,-0.008690575999999749,-0.1705134634999998,-0.16182288750000004,0.20525523252985411,0.6877057626865917,ns
b3229,-0.6344755615000004,-0.7710919619999999,-0.13661640049999946,0.2052818248230572,0.6876495003540759,ns
b1309,-0.31362994599999994,-0.10359365749999999,0.21003628849999995,0.20529984803611714,0.6876113720960433,ns
b3711,-0.34726759100000026,-0.2267637940000004,0.12050379699999986,0.20547127685440153,0.6872488802380178,ns
b0771,-0.0030302355000001516,-0.2251542880000002,-0.22212405250000006,0.2055548679164091,0.6870722338717042,ns
b4168,-0.4131533894999997,-0.21669347499999952,0.19645991450000017,0.2060469184899061,0.6860338761301084,ns
b2917,-0.15540857950000003,0.11304926149999975,0.2684578409999998,0.20632894273947489,0.685439847206683,ns
b3416,-0.19150988449999934,-0.4243522164999991,-0.23284233199999976,0.2067330010259801,0.684590190912675,ns
b4235,0.007613158000000748,0.1639007525000004,0.15628759449999965,0.20706655508334662,0.6838900416942099,ns
b4264,-0.20511459549999994,0.023125408999999503,0.22824000449999945,0.2072847547685035,0.6834326379128138,ns
b3565,0.6675716635000004,0.4774088215000001,-0.19016284200000033,0.2075860926288765,0.6828017457024603,ns
b0410,0.0004482404999998982,0.3629329795000004,0.3624847390000005,0.20762450608945102,0.6827213876670084,ns
b0102,-0.5528177675000001,-0.6748840905000004,-0.12206632300000031,0.2077627489175629,0.6824323171724056,ns
b0457,-0.39381161849999935,-0.0420234704999993,0.351788148,0.2079501976569239,0.6820406625014012,ns
b2738,0.026432331999999954,0.3028608095,0.27642847750000005,0.20810655582678342,0.6817142383152837,ns
b3550,-0.7116696089999999,-0.4388421739999999,0.27282743499999995,0.20816956928519031,0.6815827563693834,ns
b4686,0.42584813499999985,0.6630625430000006,0.2372144080000007,0.20823930063629123,0.6814373034577411,ns
b0616,0.29348277749999996,0.08287929149999995,-0.210603486,0.20824820679396508,0.6814187295746628,ns
b1365,-0.03230190522994135,0.6516628755396598,0.6839647807696012,0.20834760618498474,0.6812114850153146,ns
b1151,0.02153724299999995,-0.3001747835000001,-0.3217120265,0.20846172452476922,0.6809736738012213,ns
b0511,-0.028370176,0.234736589,0.263106765,0.20855278055558663,0.6807840154949767,ns
b3440,-0.2800916354999998,-0.10268117449999935,0.17741046100000046,0.20870754360843738,0.6804618533384267,ns
b3383,0.49172982600000026,0.2206485870000001,-0.27108123900000014,0.2087272664756842,0.6804208144398392,ns
b1259,0.7288290869999998,1.3944964645000004,0.6656673775000006,0.20903116242219374,0.6797889643236354,ns
b3183,0.3293491580000003,0.20698979950000002,-0.12235935850000029,0.20913937289885237,0.6795641985404133,ns
b2860,-0.15638486850000038,-0.015207192000000553,0.14117767649999982,0.20937465184855197,0.6790758977701408,ns
b1713,0.26428986500000023,0.013382121000000254,-0.250907744,0.20972620046134022,0.678347311046342,ns
b1936,-0.1002589020000001,0.312739,0.4129979020000001,0.20973104586121527,0.6783372774591439,ns
b2819,-0.22943723049999984,0.1053830040000006,0.3348202345000004,0.209746352007008,0.6783055838580406,ns
b0018,0.13968858749999996,0.5561032605000003,0.4164146730000003,0.2099472781375497,0.6778897514023465,ns
b0489,0.19099186800000068,0.0321119920000012,-0.15887987599999948,0.21049274606382742,0.6767628660930839,ns
b0913,0.3957569359999997,0.5876960674999998,0.19193913150000008,0.21052117662667552,0.6767042113269793,ns
b4287,0.08368537,0.32244609549999964,0.23876072549999966,0.21064118603073875,0.6764567085679819,ns
b4293,-1.0197234315000006,-0.7514875700000005,0.2682358615,0.21066562879243478,0.676406316045642,ns
b1749,-0.19817893600000056,-0.2707090845000013,-0.07253014850000075,0.21075279874325742,0.676226649345297,ns
b1088,0.39024058999999944,0.18577135499999992,-0.20446923499999953,0.21087392332722174,0.67597712180289,ns
b3682,-1.055967707,-0.4666237404999999,0.5893439665000001,0.2109544900205999,0.6758112265256749,ns
b3764,0.050713000499999994,-0.1838181939999996,-0.2345311944999996,0.2110787714109985,0.6755554423089024,ns
b0126,-0.2999612800000006,-0.11689764500000074,0.18306363499999986,0.2113277144688493,0.6750435438771131,ns
b3547,0.2657540145000001,0.6900031865,0.42424917199999995,0.21135898354704236,0.6749792883034129,ns
b1631,-0.18575059050000003,-0.4498993905000006,-0.26414880000000057,0.21152415207361086,0.6746400372088281,ns
b0770,-0.08358177400000011,0.5008787024999999,0.5844604765,0.21163949761432138,0.6744032780584601,ns
b1340,-0.2523568269999998,0.1242056339999999,0.3765624609999997,0.2118594715174998,0.6739521153975427,ns
b1650,-0.4324793755000002,-0.3079530505000001,0.1245263250000001,0.21209356530550258,0.673472507318914,ns
b1844,-0.7223549999999999,-0.5391601539999997,0.18319484600000013,0.2121460149745464,0.6733651217612325,ns
b1907,-0.1595296695000003,-0.046731031000000645,0.11279863849999966,0.21217428470008876,0.6733072532791659,ns
b2521,-0.3799530409999998,-0.284276374,0.09567666699999983,0.21226194259476838,0.6731278654793142,ns
b3705,-0.25827559000000105,-0.46578034850000005,-0.207504758499999,0.21231960648826814,0.6730098993973681,ns
b0157,0.44744092149999964,0.005585707999999898,-0.44185521349999973,0.2129093813531837,0.6718052019709889,ns
b2142,0.30808370900000037,1.0808195725000007,0.7727358635000003,0.21342047799469,0.6707639117465549,ns
b0015,0.2508070115,0.1485940150000004,-0.1022129964999996,0.21381002019076178,0.6699719454715696,ns
b0208,-0.0982808325000004,0.026853388499999305,0.1251342209999997,0.2139234420419186,0.6697416221997728,ns
b1074,-0.21452470750000005,-1.2868105825000002,-1.0722858750000002,0.213962591140395,0.6696621513305754,ns
b3743,-0.36160241300000034,-0.14458655350000035,0.2170158595,0.21413989235139538,0.6693024199814521,ns
b2493,-0.16832782199999974,-0.3389968525000002,-0.17066903050000048,0.21442341601933967,0.6687277894424579,ns
b1722,-0.5343585025000004,-0.3835626825000005,0.1507958199999999,0.21444969066507813,0.6686745758765122,ns
b1573,-0.6874754105000003,-0.19110820550000035,0.4963672049999999,0.21495242124237654,0.6676576585893972,ns
b3234,0.4904367224999988,0.6508317899999989,0.1603950675000001,0.2150956271704439,0.6673684185992897,ns
b3697,-0.548293454,-0.41831832599999963,0.12997512800000033,0.21522770246132797,0.6671018303486508,ns
b3730,-0.38457791400000024,-0.5021929164999994,-0.11761500249999918,0.21531923337983708,0.6669171751107579,ns
b1719,-0.23278720750000126,-0.32580625900000104,-0.09301905149999978,0.21540724421703636,0.6667396953250315,ns
b1096,0.11588398650000009,0.574098293,0.45821430649999995,0.2154366829638983,0.6666803462915203,ns
b1464,-0.2548806185000005,-0.050708261000000504,0.20417235749999998,0.2161296785154451,0.6652855925314412,ns
b3747,-0.08797126699999985,0.0952051804999998,0.18317644749999967,0.21619698947827898,0.6651503578483612,ns
b3209,-0.006075703999999198,0.13605222599999986,0.14212792999999907,0.21670217048451199,0.6641367387737404,ns
b4130,0.1007400849999997,0.3493392719999995,0.24859918699999978,0.21673182476532057,0.6640773124680919,ns
b2833,0.9362035930000001,1.4749846784999994,0.5387810854999993,0.21679208559698732,0.6639565765815086,ns
b1852,0.04186548150000035,0.14446286050000084,0.10259737900000049,0.21733704896127826,0.6628662341583587,ns
b3113,0.09110584050000005,0.5367739855000002,0.4456681450000002,0.21775281056502477,0.6620362307864119,ns
b1293,-0.3037493190000009,-0.0448385540000004,0.2589107650000005,0.21792854618460217,0.66168587834276,ns
b1678,-0.058935246000000246,0.12882952049999954,0.1877647664999998,0.2182486525137256,0.6610484289862413,ns
b4394,0.2582295390000006,0.45293566050000056,0.19470612149999994,0.2182567310966848,0.6610323536564382,ns
b2840,0.1441509684999999,0.3766039979999998,0.23245302949999988,0.21840240888986884,0.6607425758491313,ns
b0521,0.8842898705,1.0483816945,0.164091824,0.21846895367025324,0.6606102713145674,ns
b1519,-0.40120638349999904,0.09986974400000109,0.5010761275000002,0.21848773832471996,0.6605729309010488,ns
b2559,-0.09917416849999974,0.06466777149999985,0.16384193999999958,0.21885220580519837,0.6598490717869964,ns
b0086,-0.0056061029999998485,0.14755486800000026,0.1531609710000001,0.21886424123601766,0.6598251891057364,ns
b3228,-0.9215610185000016,-1.0552350640000006,-0.13367404549999895,0.21890572030933617,0.6597428895681117,ns
b2159,-0.4626588270000003,-0.24689481700000024,0.21576401000000003,0.2192001488175577,0.6591591553399395,ns
b0861,-0.4291462399999997,-0.2418135254999991,0.18733271450000058,0.21962477621599225,0.6583186680155295,ns
b4595,-1.1603326469999993,-0.47080827849999896,0.6895243685000003,0.21963581532911686,0.6582968393971267,ns
b1426,1.3563086779999995,1.5995857365,0.24327705850000036,0.2200252154906268,0.6575275449918417,ns
b4419,-1.1550638665000004,-1.8877729875000004,-0.7327091210000001,0.22038673563509492,0.6568145478140724,ns
b1931,0.10030675450000005,0.6048475560000002,0.5045408015000001,0.22042793347769046,0.6567333708614377,ns
b2363,0.16619078700000012,0.4717037665000001,0.3055129795,0.22091712437622824,0.6557706185158246,ns
b2796,-0.17608927049999984,-0.4356804965000003,-0.25959122600000045,0.22093029518822935,0.6557447271754084,ns
b2279,2.0378258425,2.310006091499999,0.27218024899999893,0.22111105056065883,0.655389551959557,ns
b2945,-0.7092743125000001,-0.39210356150000014,0.3171707509999999,0.2212079389632893,0.6551992906310027,ns
b2935,-0.1503191454999992,-0.2889665554999983,-0.13864740999999908,0.22124585746030231,0.6551248521509252,ns
b1117,-0.43409497450000023,-0.22823745150000094,0.2058575229999993,0.22131515903541946,0.6549888379482062,ns
b2134,-0.4301186649999993,-0.11212823100000065,0.31799043399999866,0.22132167920346862,0.6549760433827276,ns
b1839,-0.1983988984999993,0.07744088850000044,0.2758397869999998,0.22148713456888303,0.654651495391315,ns
b0776,-0.4696140805,-0.7504128059999999,-0.28079872549999996,0.22162486638531653,0.6543815132213122,ns
b0130,-0.46412133199999994,-0.268257417,0.19586391499999994,0.22165975328192622,0.6543131544917403,ns
b0941,-0.004761793999999951,0.26645182199999984,0.27121361599999977,0.2217260355302922,0.6541833081337638,ns
b0966,-0.1714512845000002,0.002957012999999148,0.17440829749999934,0.22180436493595052,0.654029911527957,ns
b1701,0.1363278484999996,0.3480057289999997,0.2116778805000001,0.2221155648823289,0.6534210069370963,ns
b2960,0.09672706800000025,5.615100000034949e-05,-0.0966709169999999,0.22215066198644917,0.6533523882676585,ns
b0454,-0.5460228539999994,-0.32092626649999945,0.22509658749999994,0.22221654188996226,0.6532236151335294,ns
b3961,-0.7595617999999997,-0.9629907400000008,-0.2034289400000011,0.2224067721476858,0.6528519928921712,ns
b2443,-0.0581189445000003,0.28365611399999935,0.3417750584999997,0.2225521826452852,0.6525681420862214,ns
b1830,-0.28261608599999993,-0.2185719999999991,0.06404408600000083,0.22282009183527335,0.6520456511115299,ns
b0080,-0.08186651549999885,0.11291003350000081,0.19477654899999966,0.22338115616458384,0.6509534655933285,ns
b2801,-0.429047114,-0.32578832599999996,0.10325878800000005,0.22373503806836778,0.6502659978069536,ns
b4571,0.7511739455000006,0.9458331675,0.1946592219999994,0.22386473473178758,0.6500143151643619,ns
b4557,-1.1250854585000005,-1.3653628244999991,-0.2402773659999986,0.22386851730328278,0.650006977090094,ns
b0037,0.2688642969999999,0.41113599749999974,0.14227170049999982,0.2239071468967331,0.6499320439454122,ns
b0869,-0.0426676150000009,0.11207785849999924,0.15474547350000015,0.22393591164110346,0.6498762548937235,ns
b2251,0.0274888149999999,0.19633696650000004,0.16884815150000015,0.22406142379377678,0.6496329086394826,ns
b0541,1.6383803715,1.930916582,0.2925362105,0.22409305233099738,0.6495716079052931,ns
b1219,-0.17094573349999906,-0.06031638099999935,0.11062935249999971,0.2243407228211515,0.6490918851720779,ns
b1652,-0.449149046500001,-0.536975286000001,-0.08782623950000001,0.22458928326030805,0.6486109708348161,ns
b1894,-0.9325711485000003,-1.5003932835000002,-0.5678221349999999,0.22462260829861846,0.6485465340710264,ns
b2168,1.1785997629999994,1.0549414449999999,-0.12365831799999949,0.22464643585862967,0.6485004673411933,ns
b3993,-0.6259615004999999,-0.718184460999999,-0.09222296049999912,0.224835042450776,0.6481359993442684,ns
b0069,-0.4416570149999996,-0.35064623999999966,0.09101077499999993,0.22487699916868686,0.648054962727794,ns
b0676,-0.3746304479999995,-0.2714656589999995,0.10316478899999998,0.2253014390369901,0.647236034357713,ns
b4305,-0.19000701800000006,0.13451505000000008,0.32452206800000016,0.22576251159913766,0.6463481720536767,ns
b2851,-0.5556429405,-0.006909017999999892,0.5487339225000001,0.22577122467393917,0.6463314112227434,ns
b1682,-0.2438739160000005,-0.1496885910000007,0.09418532499999979,0.22637394491444007,0.6451735608364912,ns
b3438,-0.5372957720000011,-0.35402040950000124,0.18327536249999987,0.22641463539697884,0.645095503867528,ns
b2334,0.7577719685000001,0.8570487865,0.09927681799999999,0.22665435232603087,0.6446359369934233,ns
b1356,-0.08824167349999885,0.0950174175000002,0.18325909099999904,0.22674965277023082,0.6444533693178701,ns
b3024,-0.5089949445000017,-0.2589696430000012,0.2500253015000005,0.22709870328618761,0.6437853455568439,ns
b0606,-0.8000085825000016,-0.6753958970000014,0.12461268550000026,0.22720497584063684,0.6435821617089578,ns
b3917,0.3467263945000001,0.4428169829999993,0.09609058849999919,0.22744757265677049,0.6431186936434145,ns
b2119,-0.3890866160000001,-0.6348339485000001,-0.24574733249999997,0.22753246345120023,0.6429566311303934,ns
b0675,-0.2086537354999991,-0.1791084804999996,0.029545254999999493,0.22768903519067404,0.6426578831786393,ns
b0630,0.4104016070000007,0.5341066640000003,0.12370505699999956,0.22769363664447254,0.6426491064459392,ns
b3967,-0.2122341184999996,-0.034264059499999,0.1779700590000006,0.2281115941620818,0.6418526404022253,ns
b1746,-0.46970143,-0.592986314,-0.12328488400000004,0.22868907098435415,0.6407545897640471,ns
b0198,-0.16616175750000065,-0.0802253185000005,0.08593643900000014,0.22872335411619552,0.6406894888870621,ns
b2896,-0.056621476500000156,-0.2603220665000001,-0.20370058999999996,0.2287370169516202,0.6406635469939097,ns
b4217,0.315726996,0.9284164920000003,0.6126894960000003,0.2288578612089101,0.6404341650762547,ns
b3023,-0.2604291094999995,0.0568965620000004,0.3173256714999999,0.2291722693281147,0.639837934725546,ns
b0736,0.24575265150000053,0.4220878574999989,0.17633520599999836,0.2291898471857175,0.6398046249632892,ns
b3469,-0.42617965500000077,-0.12525110400000009,0.3009285510000007,0.22952921762101697,0.6391620236607956,ns
b0635,-0.10454336800000026,-0.3100852825000002,-0.20554191449999998,0.23041611846644663,0.637487143668161,ns
b2610,-0.1002626049999997,-0.2177513409999996,-0.1174887359999999,0.23053405769581437,0.63726490551627,ns
b3243,-0.35828072350000006,-0.10451236900000044,0.2537683544999996,0.2307079432325083,0.6369374525414994,ns
b2741,1.3841721519999997,1.4737146769999994,0.0895425249999997,0.2310629129956811,0.6362697558357634,ns
b2001,0.7872106310000002,0.9536790110000002,0.16646837999999997,0.23122021858065941,0.6359741925954068,ns
b2576,-0.09461452499999945,-0.1878693174999992,-0.09325479249999974,0.231813476625992,0.6348613196486487,ns
b1978,0.1163389379999997,0.3498919719999998,0.23355303400000008,0.23196012578695585,0.6345866644152603,ns
b0047,-0.15780893899999965,0.03968013199999995,0.1974890709999996,0.23223723465953366,0.6340681484614985,ns
b0005,-0.6957219195000004,-0.6751743529999992,0.020547566500001224,0.2322745652791493,0.6339983440684039,ns
b2848,0.34867117350000004,1.0507028755,0.702031702,0.23233140064085422,0.6338920893670048,ns
b1996,-0.2416492615000005,-0.05300492550000025,0.18864433600000025,0.2324350900182719,0.6336983072157669,ns
b3526,-0.044871362999998554,0.1024252865000003,0.14729664949999885,0.23246324789230519,0.6336456986846859,ns
b2938,0.0299365834999996,-0.0655788724999997,-0.0955154559999993,0.23255873930944912,0.6334673355222591,ns
b2123,0.2242760484999999,0.5540179305000001,0.3297418820000002,0.23257477560757658,0.6334373893860796,ns
b1514,-0.5252309534999999,-0.332341354,0.19288959949999995,0.2328128268076174,0.6329930959366268,ns
b2442,-0.7158511374999996,-0.6136033149999993,0.10224782250000031,0.23287149433926055,0.6328836699403573,ns
b1644,0.0379987305,-0.5615557899999999,-0.5995545204999999,0.23361286055242067,0.63150325268459,ns
b1940,-0.17325647099999994,-0.4873424114999999,-0.31408594049999994,0.23378261359185706,0.6311877904448666,ns
b0522,-0.5504714374999997,-0.40133175999999965,0.14913967750000007,0.2339651568147225,0.6308488149395206,ns
b3374,-0.4794753555,-0.15498244599999975,0.3244929095000002,0.23407426216985036,0.6306463368891068,ns
b2500,-0.29385919849999986,-0.4459240299999996,-0.15206483149999972,0.23429292135390742,0.6302408324588513,ns
b0942,0.0844396534999998,0.3084993619999998,0.22405970849999998,0.23449592565313573,0.629864698713216,ns
b4186,0.1468619744999999,0.39522846199999995,0.24836648750000004,0.23453765326038306,0.6297874246312182,ns
b2325,-0.6527160144999997,-0.5202989174999999,0.13241709699999982,0.23467739814245114,0.6295287354320146,ns
b1155,0.9850950635,1.4334680659999999,0.4483730024999999,0.23481068056691518,0.6292821527149687,ns
b1477,0.1319151940000016,0.44696496650000084,0.3150497724999992,0.23484544524576959,0.6292178584051987,ns
b2130,-0.47832568099999984,-0.1387669614999996,0.3395587195000003,0.23493647669874093,0.629049548573112,ns
b1159,0.36079468349999955,0.5926643094999999,0.23186962600000038,0.23532087114706007,0.6283395525433841,ns
b3027,0.1839140771176166,-0.3013284169243283,-0.4852424940419449,0.23571851571710684,0.6276063022531976,ns
b4273,-0.20779720399999974,0.2548991250000001,0.46269632899999985,0.23580727610074212,0.6274427983857586,ns
b1363,0.7387727164999998,1.1337132079999996,0.3949404914999999,0.23583997357663591,0.6273825824791237,ns
b0875,0.18506433549999984,0.35714468850000003,0.17208035300000019,0.2359768677504284,0.6271305677956976,ns
b0117,-0.45045269099999996,-0.24824124299999992,0.20221144800000004,0.236140810041047,0.626828951320072,ns
b2930,0.8346601610000001,0.5207284009999998,-0.3139317600000002,0.23628247340114902,0.6265684916027779,ns
b4620,-0.2383717565000001,0.5066271885,0.7449989450000001,0.23639301612913374,0.6263653581688813,ns
b2065,0.17470237449999934,0.3304694294999999,0.15576705500000057,0.2364137194849487,0.6263273242217491,ns
b0703,-0.1495920020000001,0.024846082499999846,0.17443808449999995,0.23675520645481504,0.625700461702792,ns
b3712,-0.5745641704999991,-0.6732959484999994,-0.09873177800000033,0.2367688368112369,0.6256754594302941,ns
b1779,0.0542522299999994,-0.02841451000000015,-0.08266673999999954,0.23683032084484318,0.625562696659336,ns
b2670,0.810810877,1.3152490075,0.5044381305000001,0.23703514861600733,0.625187250115833,ns
b4373,-0.2060512175000002,-0.035798099000000846,0.17025311849999936,0.23706573893526864,0.6251312063191554,ns
b2223,-0.22914821200000013,0.35562626949999987,0.5847744815,0.23711023783174337,0.625049693858831,ns
b2957,0.29174040250000033,0.39420389900000025,0.10246349649999992,0.23719284721477546,0.6248984116905376,ns
b2720,-0.5708757015,-0.131422225,0.4394534765,0.2372951299444394,0.6247111748039844,ns
b0560,0.2769733909999999,0.749725072,0.47275168100000015,0.23737508406821842,0.6245648684461556,ns
b3839,-0.6356266210000001,-0.8970350010000002,-0.2614083800000001,0.23746895429721093,0.6243931601811099,ns
b4278,0.1135133234999994,-0.0050683030000003,-0.1185816264999997,0.2375330120760361,0.6242760240763994,ns
b3639,-0.26107402099999927,-0.40011077149999963,-0.13903675050000036,0.23767117538841237,0.6240234860414237,ns
b3487,1.2623504040000006,0.9749469479999995,-0.28740345600000117,0.23790951596759533,0.6235881865900375,ns
b3569,-0.04114636400000025,0.1224332714999998,0.16357963550000004,0.2379885111677894,0.6234440078882986,ns
b2510,-0.8720994869999994,-0.6884980469999995,0.1836014399999999,0.23812457248260327,0.6231957866910162,ns
b4095,-0.1677692355000001,-0.2999312,-0.1321619644999999,0.23817915117151314,0.6230962568223645,ns
b2204,0.8087238700000001,1.2029893215,0.3942654514999999,0.23819884925138138,0.6230603409430076,ns
b2067,-0.49115934650000037,-0.11316097750000023,0.37799836900000017,0.2383137028546371,0.6228509853368807,ns
b1403,-0.0939824004999998,0.098167788,0.19215018849999982,0.23843795152186378,0.6226246179555126,ns
b4542,-1.4354483279999999,-0.749987317,0.6854610109999999,0.2385031810512119,0.6225058241552093,ns
b1612,-0.15697773349999886,-0.2951787069999989,-0.13820097350000002,0.23850690739372019,0.6224990388480292,ns
b0072,-0.029709353500000348,-0.1369158350000008,-0.10720648150000045,0.23852277704346192,0.6224701429468307,ns
b3181,-0.2413630995,-0.5187525005000002,-0.2773894010000002,0.2385735437124526,0.6223777184894149,ns
b3298,0.16766366500000005,-0.0887835150000002,-0.2564471800000002,0.2386605631555654,0.6222193389275305,ns
b0274,0.7515353039999999,0.9608705194999998,0.2093352154999999,0.23885052165306625,0.6218738058740302,ns
b2377,0.6363422435000006,0.8310956255000006,0.19475338200000003,0.23912594146449836,0.6213733070972911,ns
b3927,0.6186397809999999,0.475089871,-0.14354990999999995,0.2393071791924466,0.6210442723982822,ns
b2574,-0.0337765819999997,-0.13824204849999955,-0.10446546649999985,0.23967634610236732,0.620374824807043,ns
b1831,-0.7425890039999992,-0.8290815544999992,-0.08649255050000004,0.23983312783902,0.6200908285599692,ns
b3907,-0.2694158909999997,0.11957185300000026,0.3889877439999999,0.24019298839713715,0.6194396744721543,ns
b1196,-0.31484619899999994,0.30848239600000027,0.6233285950000003,0.2402222165909623,0.6193868300027116,ns
b3216,0.14388730150000012,0.387534292,0.24364699049999988,0.240231558499683,0.6193699412212358,ns
b4406,-0.6793252795,-0.43304201900000017,0.24628326049999982,0.240651820478922,0.6186108486304632,ns
b3199,-0.3451170424999996,-0.2226302234999999,0.12248681899999969,0.24085915357111018,0.6182368441808417,ns
b2878,-0.4839063775000002,-0.1249846335000001,0.3589217440000001,0.24094489430706584,0.6180822720926372,ns
b4109,-0.3668024475,-0.2462227985,0.12057964900000001,0.24111648448967984,0.6177730970544238,ns
b0534,0.659303352,1.3407572669999999,0.6814539149999999,0.24113209421278595,0.6177449820244962,ns
b0504,-0.2725550889999999,0.14688631450000006,0.4194414035,0.24116187136084546,0.617691354767974,ns
b1290,-0.38133579299999987,-0.11031088399999955,0.2710249090000003,0.2412374039099924,0.6175553538606415,ns
b1184,-0.04706921000000029,0.15193721699999996,0.19900642700000026,0.24174322223087444,0.6166456934145353,ns
b2212,-0.24668164800000003,0.363750094,0.610431742,0.24205708991378222,0.6160821922408631,ns
b1534,-0.741953796,-0.0874007424999998,0.6545530535000001,0.24222887682900665,0.6157740845623519,ns
b3386,0.0493606059999991,0.17529330699999907,0.12593270099999998,0.2423692221404157,0.6155225309712848,ns
b2682,-0.1376689710000005,-0.2648274335000007,-0.1271584625000002,0.24245782544023767,0.6153637942637867,ns
b1755,-0.7436523944999998,-0.46143592549999957,0.2822164690000002,0.24254743810486804,0.6152033082273424,ns
b3908,-0.3855962899999996,-0.6159182049999989,-0.23032191499999932,0.24344538837334076,0.613598447953085,ns
b0791,-0.21316776250000036,-0.5626291675000004,-0.349461405,0.24357346239387168,0.6133700303401475,ns
b0266,0.13130848699999959,0.29650394499999994,0.16519545800000035,0.2437542228894157,0.613047851684053,ns
b1043,-1.2538098474999997,-0.3828885509999995,0.8709212965000002,0.2440712152689237,0.6124834364246841,ns
b2074,-0.006595194999999601,0.18309461049999995,0.18968980549999956,0.2445250928763085,0.6116765674665683,ns
b3036,-1.4372618055000004,-1.1193274794999999,0.3179343260000005,0.24471423081712498,0.6113407744747572,ns
b2315,0.20230977649999946,0.26591317349999993,0.06360339700000048,0.24471635901104896,0.6113369975842365,ns
b3595,0.04588879449999994,0.24727974849999995,0.201390954,0.24474774210957584,0.6112813060370823,ns
b0488,-0.6022866410000001,-0.7545399740000005,-0.15225333300000043,0.24494906166801259,0.6109242198662946,ns
b1073,-0.8120440955000001,-2.262641454,-1.4505973585,0.2449922091894415,0.6108477260837643,ns
b2291,0.10028864599999915,0.3090201554999989,0.20873150949999975,0.24507170134058143,0.6107068342443299,ns
b1407,0.093188714,0.3685201385000002,0.2753314245000002,0.24508284205199593,0.6106870921056193,ns
b0156,0.5445318835000013,0.31650560050000015,-0.2280262830000011,0.24508601553867934,0.6106814686241041,ns
b1126,0.0595055379999993,-0.013431285500000301,-0.07293682349999961,0.2455377683160522,0.609881695762292,ns
b3988,0.07949759049999905,-0.006927584500001449,-0.08642517500000049,0.24565139275507974,0.6096807692286054,ns
b0780,0.11234296499999935,0.3538988524999995,0.24155588750000012,0.245899748530263,0.609241915392942,ns
b1890,0.03782925900000014,-0.3122708919999999,-0.350100151,0.24617219635456253,0.608760999543052,ns
b0851,-0.08335857649999975,-0.10145763649999925,-0.0180990599999995,0.24641168767152263,0.6083386967881798,ns
b0467,-0.0010367694999988495,0.03509530600000005,0.036132075499998896,0.24769057835727049,0.60609051277334,ns
b0508,0.8500795885000001,1.069119711,0.21904012249999982,0.24816255259985426,0.6052637523547378,ns
b4403,0.280945556999999,0.46336226949999926,0.18241671250000024,0.24816398919354948,0.6052612382650729,ns
b4263,0.5575401689999993,0.7774578139999995,0.21991764500000022,0.24826578688991932,0.6050831257482439,ns
b3045,-0.46555801350000003,-0.2739678945,0.19159011900000006,0.24852437111966155,0.604631016492794,ns
b0996,-0.03792567399999995,0.02282575200000005,0.060751426,0.24859041608488502,0.6045156187421695,ns
b3696,0.471135522,0.7814198124999998,0.31028429049999984,0.24910705396130423,0.6036139743780055,ns
b3464,0.8492109289999998,0.7837471970000003,-0.06546373199999955,0.24929980672547492,0.603278058191342,ns
b1763,-0.014583108499999203,-0.12905182499999984,-0.11446871650000064,0.24975174269774725,0.6024914727060853,ns
b2751,1.1206700185000003,1.1961909420000003,0.07552092350000006,0.24986525806005827,0.6022941251529137,ns
b3499,-0.23048398250000043,-0.4012493040000011,-0.17076532150000065,0.24987945426589647,0.602269451219567,ns
b1566,-0.43088570049999997,-0.7576985595000001,-0.3268128590000001,0.25000412044728954,0.6020528334368663,ns
b2672,0.5232065599999984,0.9433851009999987,0.4201785410000003,0.25001342238395724,0.6020366748847348,ns
b2292,0.7276568480000001,0.9474041335000001,0.2197472855,0.25004150473025233,0.6019878962110877,ns
b0965,-0.8297751515000003,-0.7018902305000001,0.12788492100000015,0.250172748311346,0.601760000408377,ns
b0146,0.7179452749999999,0.9860574584999999,0.2681121835,0.25047847430424797,0.6012295907251565,ns
b1794,-0.07718665799999955,-0.009639160499999449,0.0675474975000001,0.25050737652738414,0.6011794812220004,ns
b3096,-1.2856702525,-1.4894083939999998,-0.2037381414999997,0.25066943994704016,0.6008986092861303,ns
b3154,-0.0850375624999997,0.05573879499999985,0.14077635749999956,0.2509768313725792,0.6003663680466867,ns
b3689,-0.3557970705000004,-0.20690037700000105,0.14889669349999937,0.25097991327801783,0.6003610350990173,ns
b2231,0.3333266549999996,0.23564387399999995,-0.09768278099999964,0.25107072532496916,0.600203922774965,ns
b2763,0.5451145745000003,0.41675185750000043,-0.1283627169999999,0.2511277652901594,0.6001052679892597,ns
b2157,-0.6060330645,-0.7384084314999999,-0.13237536699999986,0.2511441280142815,0.600076971598829,ns
b2058,-0.37800376849999995,0.21737188100000002,0.5953756495,0.25126322574444304,0.5998710690076418,ns
b2306,0.27779401149999927,0.1165046589999998,-0.16128935249999948,0.2513270469599308,0.599760771600911,ns
b0593,-0.4538446330000001,-0.7732109855000004,-0.31936635250000034,0.251459352533363,0.5995322070182142,ns
b2784,0.1278884335000003,0.1755603585000007,0.04767192500000042,0.25177090181889966,0.5989944644971082,ns
b3290,-0.689734193500001,-0.5140859760000005,0.17564821750000048,0.2520029612807084,0.5985943558045086,ns
b1035,-0.315238991500002,-0.26919696700000184,0.04604202450000017,0.252010022915448,0.598582186161674,ns
b0738,0.15110429250000074,0.2722870870000009,0.12118279450000019,0.25212679581187725,0.5983809954389251,ns
b4428,-2.999880234999999,-3.2372336584999997,-0.23735342350000055,0.25226049772657627,0.5981507517120209,ns
b2882,-0.031602140999999945,0.37171106499999995,0.40331320599999987,0.252345276142704,0.5980048207672642,ns
b1389,0.4000850925,-0.1658453339999999,-0.5659304264999999,0.2524167362055546,0.5978818530699312,ns
b2811,-0.5275611449999991,-0.2106533889999995,0.31690775599999954,0.2527239142527215,0.5973536605866321,ns
b0339,-0.23750069149999997,0.14510746500000019,0.38260815650000013,0.2528660556130004,0.5971094658291208,ns
b4100,0.021866399499999953,0.4556516725,0.433785273,0.2528895773981172,0.5970690693181525,ns
b2440,0.0542175685000003,-0.049894690499999894,-0.10411225900000019,0.2529241029934397,0.5970097815758966,ns
b1288,-0.2695847449999995,-0.3871247749999993,-0.1175400299999998,0.2533246931398097,0.5963224747508219,ns
b0692,0.28252954699999994,0.608111786,0.3255822390000001,0.2533617657368162,0.596258922926784,ns
b3241,-0.42675478050000004,-0.14731076050000008,0.27944401999999996,0.25347275494835114,0.5960687148769228,ns
b1584,0.27488924149999855,0.0977109264999991,-0.17717831499999945,0.25352822822355564,0.5959736786217272,ns
b3916,0.418295917,0.5210883855000006,0.10279246850000057,0.2535921620871983,0.5958641735619253,ns
b3825,-0.26935628700000036,-0.09491339650000034,0.1744428905,0.25365446334772773,0.5957574913586622,ns
b2969,-0.41923079399999996,-0.958316714,-0.53908592,0.2539909870459462,0.5951816941897473,ns
b0424,-0.237588423,-0.03272102549999985,0.20486739750000016,0.25408715466070114,0.59501729008929,ns
b2386,-0.2864423435000001,0.09285957649999993,0.37930192,0.2542296987207201,0.5947737172079063,ns
b1024,-0.008543159000000251,-0.12197408500000015,-0.1134309259999999,0.2548013509854635,0.5937982736523211,ns
b4257,0.9035217015000001,0.7457712655000001,-0.15775043600000005,0.2548310254268342,0.593747698191452,ns
b4579,0.0444933220000001,-0.06021771549999995,-0.10471103750000005,0.2549906678063959,0.5934757136615356,ns
b2690,-1.0178753864999992,-1.120716898,-0.10284151150000076,0.2550386975808611,0.5933939181121239,ns
b1869,-0.34035070849999993,-0.11903164300000041,0.22131906549999952,0.25507548448729445,0.5933312797811009,ns
b2275,-0.06670613099999985,0.1122299664999999,0.17893609749999975,0.2552625581016564,0.5930128828156153,ns
b0245,0.31405477000000015,-0.0756009464999999,-0.3896557165000001,0.2554331059039924,0.5927228158445047,ns
b1875,-0.5650360375000001,-0.4684103689999999,0.0966256685000002,0.2554815422072966,0.5926404708994553,ns
b4174,-0.0726366040000003,-0.1620980735000001,-0.08946146949999981,0.255936086298892,0.5918684754431444,ns
b4385,-0.1265009095000002,-0.20676470750000048,-0.08026379800000027,0.25596195427970575,0.591824582634638,ns
b1683,-0.054457587499999904,0.0010657714999999998,0.055523358999999904,0.25603920101277744,0.5916935367187222,ns
b1532,0.0664116269999997,0.32397525749999984,0.25756363050000014,0.25608563635956993,0.5916147800818209,ns
b2874,-0.01476993550000015,0.07498467649999971,0.08975461199999986,0.25611406949764737,0.5915665631272163,ns
b0735,1.2106405045000002,1.5590479940000006,0.34840748950000044,0.25617241911379734,0.5914676305299761,ns
b1161,0.9111699055000004,0.5053538765000001,-0.40581602900000036,0.2565654440840282,0.5908018376502124,ns
b0360,-0.2713870835,0.300820294,0.5722073775000001,0.25673181761574,0.5905203044542306,ns
b1006,-0.1639206384999998,0.20979593400000016,0.37371657249999995,0.25686581583455215,0.5902936885800707,ns
b3191,-0.22869120550000005,-0.07137269299999979,0.15731851250000026,0.25691567300833507,0.5902094010142654,ns
b1238,1.0348372629999996,0.8456750929999992,-0.18916217000000035,0.25704862344806223,0.5899847175332297,ns
b4169,-0.09607821099999955,0.00822242199999975,0.10430063299999931,0.25722030491690073,0.5896947512793146,ns
b0293,0.1018215835,0.27467759149999965,0.17285600799999964,0.2573305077777345,0.589508723023597,ns
b2183,-0.4581326089999997,-0.3121541890000005,0.14597841999999916,0.2575285774663484,0.5891745710992886,ns
b0142,-1.0945742974999995,-1.2336629809999997,-0.13908868350000025,0.25763638834656083,0.5889927975931069,ns
b1861,-0.14603501900000015,-0.18001199050000016,-0.03397697150000001,0.2576396385417417,0.5889873188137399,ns
b1758,-0.23629299299999967,0.04445586950000014,0.2807488624999998,0.2583564844062196,0.5877806337641542,ns
b3467,-0.3652442095000001,-0.11599534999999944,0.24924885950000064,0.2587478825245726,0.5871231955897369,ns
b1244,0.6488338060000003,0.7384954669999995,0.08966166099999917,0.2589015314257672,0.5868653806667382,ns
b0938,1.212123728,0.8264730725,-0.3856506554999999,0.25898308999732594,0.5867285917511865,ns
b2146,0.23754740799999968,0.14103917449999986,-0.09650823349999982,0.25902621170370477,0.5866562860257397,ns
b0158,0.0765936680000001,-0.15126064850000004,-0.22785431650000015,0.25903683539584316,0.5866384742520584,ns
b0290,-0.09178546399999994,0.18337355100000005,0.275159015,0.2600005135313002,0.5850257942461446,ns
b1411,0.21537493300000005,0.37773570900000014,0.1623607760000001,0.2603732887845118,0.584403571288599,ns
b4119,-0.4253363689999998,-0.1438496969999998,0.281486672,0.26049014413320815,0.5842087039557672,ns
b2677,0.13865478549999954,-0.1424163845000001,-0.28107116999999965,0.26049769945537316,0.5841961077512074,ns
b3280,0.9836706785000002,1.3029859885000001,0.3193153099999999,0.2606268400762431,0.5839808614677303,ns
b3546,-0.5620040235000001,-0.37660395650000034,0.18540006699999978,0.26129908014359915,0.5828621191255722,ns
b3821,-0.10843655749999964,-0.28027653549999965,-0.171839978,0.26185499493727893,0.5819391374279225,ns
b0189,-0.5134164379999997,-0.2272892229999996,0.2861272150000001,0.26200827655177816,0.5816849895810434,ns
b4485,-0.6618804775,-0.367573473,0.2943070045,0.2620144969944729,0.5816746789454229,ns
b4328,-0.28513785599999997,-0.4769198929999994,-0.1917820369999994,0.26210607675064085,0.5815229101152914,ns
b4147,0.06452045499999935,-0.1966450260000005,-0.26116548099999987,0.26219811863454867,0.5813704288532775,ns
b4514,0.24689846799999993,1.0582368665,0.8113383985,0.262484823988331,0.5808958010147952,ns
b1550,0.4972358359999989,1.139817557499999,0.6425817215,0.2627655826593817,0.5804315197818701,ns
b3556,-2.8859692875,-2.4935320935000007,0.3924371939999993,0.26288120889685423,0.5802404567391041,ns
b3801,-0.25545054899999986,-0.20394097849999984,0.05150957050000002,0.2630629337828582,0.5799403407687859,ns
b2523,-0.3285157055000014,-0.5525656975000008,-0.22404999199999942,0.2633563928752158,0.579456134846916,ns
b3468,-0.2070180120000002,0.1198760695,0.3268940815000002,0.2635104501705318,0.5792021570684978,ns
b1213,-0.02192470800000015,0.28638784349999996,0.3083125515000001,0.2636592616401849,0.5789569684683831,ns
b1343,0.06573832899999975,0.35791551199999944,0.2921771829999997,0.26372465635969755,0.5788492648960663,ns
b3387,-0.3355798230000011,-0.26157917649999973,0.07400064650000138,0.2637400808746422,0.5788238649735481,ns
b2104,-0.17263562849999925,-0.08599958049999885,0.0866360480000004,0.2637724472487564,0.5787705713096244,ns
b3724,-0.013483442000001851,0.07214219549999785,0.08562563749999971,0.2638854583722204,0.5785845412794034,ns
b3606,0.4815496695000001,0.3546049954999999,-0.1269446740000002,0.26442231254515003,0.5777019009020427,ns
b3247,-0.18864145849999975,-0.069266870999999,0.11937458750000075,0.2648890005603089,0.5769360752820147,ns
b2586,-0.8890695024999999,-0.39345894049999997,0.495610562,0.26509668492626176,0.5765957031504733,ns
b0151,-0.5422856790000004,-0.27379826000000085,0.2684874189999995,0.26535035605525475,0.5761803252845348,ns
b4537,-1.0256977389999995,-0.8566926134999995,0.16900512550000002,0.266079048944352,0.5749893204357334,ns
b1291,-0.3208373189999998,-0.17583322499999984,0.14500409399999994,0.26628954075475325,0.5746458913218615,ns
b3558,0.2287946405000001,0.45800434600000006,0.22920970549999997,0.2663865340077237,0.5744877327823354,ns
b0612,-0.12478995699999994,0.26164870450000005,0.3864386615,0.2664644059673381,0.574360795359281,ns
b3315,-0.3480967450000003,-0.6158825750000005,-0.2677858300000002,0.26654225483838334,0.5742339326468839,ns
b1201,-0.10214599499999985,0.0032416155000001,0.10538761049999995,0.26663131836465936,0.5740888399404772,ns
b0127,-0.13981138249999997,-0.018092308500000452,0.12171907399999951,0.26711437932015347,0.5733027323780794,ns
b3676,-0.25240044500000014,0.0920961289999997,0.34449657399999983,0.26719887385346275,0.5731653765866775,ns
b3729,-0.28525871249999923,-0.36660006549999924,-0.081341353,0.2673355128501366,0.5729433457312756,ns
b0556,0.142467833,0.5820047300000001,0.4395368970000001,0.26772077709847003,0.5723179230638474,ns
b3826,-0.1741437849999996,-0.046838359999999295,0.1273054250000003,0.2683287371212733,0.5713328133330272,ns
b4396,-0.4821797075000003,-0.3591108740000002,0.12306883350000009,0.26859509239016105,0.570901926765381,ns
b0228,0.2091584814999998,0.5981740719999995,0.3890155904999997,0.2686010404254037,0.5708923094255441,ns
b0848,-0.44327311000000047,-0.3278056935000006,0.11546741649999986,0.2693648498301413,0.5696590772128279,ns
b1496,0.47752819050000017,0.7070544215000001,0.22952623099999991,0.26941767639376907,0.5695739137784613,ns
b2761,0.45896822149999994,0.6182817285,0.15931350700000002,0.2694734143044818,0.569484074968507,ns
b3431,0.5997912505000005,0.5110746130000003,-0.08871663750000014,0.26947844023961687,0.569475975039442,ns
b0565,1.033999035000002,0.9372327350000011,-0.09676630000000075,0.27013021487559247,0.5684268359538387,ns
b1781,-0.9452139369999997,-0.6781696764999996,0.2670442605000001,0.27047270880405133,0.5678765494622187,ns
b0742,-0.3422773980000011,-0.4895106525000008,-0.1472332544999997,0.2705053858388119,0.5678240835452462,ns
b2109,0.3563628824999998,0.5164209459999999,0.16005806350000007,0.2710475936766014,0.566954443973177,ns
b1198,0.044170531000000596,-0.16129882949999974,-0.20546936050000034,0.2715457553348147,0.5661569814888283,ns
b1919,-0.07703653199999966,0.051604864500000694,0.12864139650000034,0.2715926537584079,0.5660819813552118,ns
b0758,-0.42736854950000014,-0.5662582669999998,-0.13888971749999968,0.2719393846601967,0.5655278894999584,ns
b2916,-0.8867833274999999,-0.7125358609999992,0.17424746650000067,0.27230549173991186,0.5649435999075952,ns
b2707,-0.04076328450000005,0.062050222999999446,0.1028135074999995,0.2726464780508231,0.564400108000898,ns
b2955,-0.5090113450000007,-0.6613807485000005,-0.15236940349999983,0.27427734757864713,0.5618100590663943,ns
b4361,-0.5311425590000001,-0.3525287570000004,0.17861380199999966,0.27440308251705814,0.5616110142749455,ns
b2676,-0.6127139004999989,-0.36047130349999884,0.252242597,0.27457768192664384,0.5613347657518842,ns
b2603,-0.2263214714999999,-0.04117758149999995,0.18514388999999995,0.2748617459885933,0.5608856990874416,ns
b2949,-0.6669046539999997,-0.45232253349999985,0.2145821204999998,0.2749017865887188,0.56082243766435,ns
b0990,-1.202485285000001,-0.684055410500001,0.5184298745,0.2750116141167399,0.5606489649322667,ns
b4215,0.9540180475000001,1.275642932,0.32162488449999993,0.2750124069588283,0.5606477128889711,ns
b3358,-0.6643768215000008,-0.3634059905000009,0.3009708309999999,0.27517718454664003,0.5603875771089692,ns
b3802,-0.07182374800000074,-0.1627483780000003,-0.09092462999999956,0.27526905745489977,0.5602426041963774,ns
b2990,-0.9471237000000001,-0.4989738385,0.44814986150000014,0.2755293267268281,0.5598321690162223,ns
b3455,-0.2159558905000005,-0.4924819094999999,-0.2765260189999994,0.2756140601117735,0.55969863120126,ns
b0425,-0.3698006095000004,-0.18891609600000064,0.18088451349999973,0.275786689825582,0.5594266978222154,ns
b3107,-1.4994734305000001,-1.7517595149999998,-0.2522860844999997,0.2761988319876095,0.5587781623338124,ns
b4295,0.0026440125000002507,0.1013509230000009,0.09870691050000065,0.2762016927722532,0.5587736640651505,ns
b0426,0.19271197049999866,0.03303830399999885,-0.1596736664999998,0.27689032147751375,0.5576922244724473,ns
b3052,1.2852628705000004,1.1888296305000003,-0.09643324000000009,0.2770288225349056,0.5574750438717522,ns
b4398,-0.31826362999999963,-0.1456554399999996,0.17260819000000002,0.27704262739670854,0.5574534027086624,ns
b2060,-0.040588024500000056,0.2825042085,0.32309223300000006,0.27730888430926914,0.5570362164492446,ns
b3401,0.11658303899999994,-0.054357751499999996,-0.17094079049999994,0.27732946424812593,0.5570039873258501,ns
b0333,-0.20326632100000006,-0.018758986500000047,0.1845073345,0.27739315320778296,0.5569042626599059,ns
b2564,-0.1940324940000004,-0.0377121600000003,0.1563203340000001,0.27750924423720696,0.5567225453184598,ns
b1277,0.2935011974999994,0.18114872899999973,-0.11235246849999969,0.2775409555722049,0.5566729207698222,ns
b4325,-0.3530341324999999,-0.0162376369999999,0.33679649549999996,0.2775472743192353,0.556663033343571,ns
b3041,-0.5847683235000005,-0.38935045700000037,0.19541786650000015,0.2776837338317282,0.556449559623256,ns
b3219,-0.309890711,-0.19731968499999958,0.11257102600000041,0.2778179824257656,0.5562396469514408,ns
b2739,-0.34511296,-0.1914357519999998,0.15367720800000023,0.2778282850070261,0.5562235419060061,ns
b2295,-0.07595395400000046,0.07470414050000015,0.15065809450000062,0.2782785239963216,0.5555203088286641,ns
b3175,-0.1121677799999991,-0.2266854799999995,-0.11451770000000039,0.278459610791994,0.5552377882181102,ns
b2852,-0.052285354999999895,0.29813555300000005,0.3504209079999999,0.27846308811310655,0.555232364911163,ns
b2836,-0.2986706139999997,-0.3357919529999997,-0.037121338999999975,0.2789624856878188,0.554454195845394,ns
b4239,0.19298621549999995,0.0305274999999998,-0.16245871550000016,0.2790182107647247,0.55436745057396,ns
b0264,0.15930251149999997,0.6305237674999999,0.471221256,0.2790615211339203,0.5543000428065264,ns
b1523,-0.41007288949999987,0.009653023999999899,0.41972591349999977,0.2795224008787114,0.5535833820953382,ns
b0002,0.4595833100000011,0.5303556500000006,0.07077233999999955,0.2796517161817888,0.553382511125671,ns
b1716,0.4510819650000002,0.382955410000001,-0.0681265549999992,0.2796841378714885,0.5533321636972189,ns
b1132,-0.6300416380000002,-0.8077020460000006,-0.17766040800000038,0.2799685812686644,0.5528907034694048,ns
b3981,-0.2576505950000003,-0.4114489315000007,-0.1537983365000004,0.2800789575786779,0.5527195186335925,ns
b1595,-0.39498063849999987,-0.2385372910000001,0.15644334749999977,0.28022703189227705,0.5524899731351924,ns
b0506,0.2955637829999995,0.40248341050000036,0.10691962750000084,0.2804434646195474,0.5521546762204788,ns
b2734,-0.33068165699999996,-0.07038260750000004,0.26029904949999993,0.2808829582572826,0.5514746095322796,ns
b2431,-0.048382802999999946,-0.07956881699999971,-0.031186013999999762,0.28105360243655775,0.5512108437163852,ns
b4500,-0.0544547410000001,0.05459333849999985,0.10904807949999995,0.2816012637547713,0.550365400522496,ns
b0379,0.09236802899999999,1.035636503,0.9432684740000001,0.2818109977793384,0.5500420623917416,ns
b2230,-0.7865232185000002,-0.6535298135000001,0.13299340500000012,0.28185145812768986,0.5499797140629822,ns
b1820,0.2752059380000009,0.06767395550000099,-0.20753198249999993,0.28201348041128615,0.5497301316511722,ns
b4359,-0.4198325214999996,-0.6058578419999994,-0.18602532049999976,0.28206975671561313,0.5496434760411361,ns
b3165,-0.16700788500000024,-0.27277589499999966,-0.10576800999999941,0.2820799060703213,0.5496278496602804,ns
b4224,-0.5168696040000005,0.07399963299999965,0.5908692370000002,0.2820844372854199,0.5496208733891395,ns
b3328,0.24716687999999987,0.0250500799999998,-0.22211680000000006,0.28215165679469806,0.5495173952089941,ns
b1847,0.4219148195000004,0.5187946720000003,0.09687985249999986,0.2823064724675926,0.5492791646276609,ns
b4580,0.6014744514999999,0.7943816865,0.19290723500000007,0.282343548311561,0.5492221316554553,ns
b4070,-0.2026854430000002,-0.02590927700000045,0.17677616599999973,0.2825857323130669,0.5488497693598196,ns
b3940,-0.12196071800000038,-0.22597313499999977,-0.10401241699999939,0.28266641746274884,0.5487257853447909,ns
b3447,-0.3762067730000007,-0.1767633325000006,0.19944344050000012,0.283624969713258,0.5472555374829111,ns
b1739,0.09247042500000015,0.34132237499999984,0.2488519499999997,0.28399823474037594,0.5466843594068231,ns
b3057,0.12603022849999984,-0.05860966349999999,-0.18463989199999983,0.2842310159759464,0.5463285325583221,ns
b3201,-0.12915450400000014,-0.074518932000001,0.05463557199999915,0.28449938425457866,0.5459186692166363,ns
b2900,0.32112211049999967,0.5163955695000002,0.19527345900000054,0.2845086557419571,0.545904516320632,ns
b1278,0.46388325299999966,0.6071673360000003,0.14328408300000062,0.2845641094228133,0.5458198760807628,ns
b4244,-0.062096355000001255,-0.11017461000000135,-0.0480782550000001,0.28468038683213265,0.5456424527125194,ns
b2606,-0.5420305600000006,-0.6469402800000008,-0.1049097200000002,0.28480817571863276,0.5454475479757555,ns
b3430,-0.034288104999999854,-0.1321382005,-0.09785009550000015,0.2861580868430032,0.5433939763966329,ns
b0884,-0.817529113,-1.2845471539999993,-0.46701804099999933,0.28654623832011195,0.5428052884365272,ns
b2238,0.316503093,0.7732889615,0.4567858685,0.2867082865971295,0.5425597546593787,ns
b0813,-0.6379028130000002,-0.33300999100000017,0.304892822,0.286854669114805,0.542338076740954,ns
b4453,-0.8338177605000001,-1.1045111485,-0.270693388,0.28701732807388164,0.5420918828489469,ns
b0466,-0.8281947935000002,-0.46697981450000015,0.3612149790000001,0.2870240612769662,0.5420816947579851,ns
b4131,0.32183743750000005,0.28945713800000006,-0.03238029949999999,0.2874317834152231,0.5414652104584027,ns
b3890,-0.22881204400000016,0.24525222999999968,0.47406427399999984,0.28762835652254437,0.5411683002286846,ns
b0045,0.2855529619999999,0.11684660399999985,-0.16870635800000006,0.28785943631465943,0.5408195293764176,ns
b1399,-0.24911793800000034,-0.04814819199999974,0.20096974600000062,0.28801119000348646,0.5405906384131366,ns
b2452,-0.538557879,-0.21532091599999995,0.32323696300000004,0.2887243517148225,0.5395165851204408,ns
b1041,-0.8863842150000001,-0.5001574840000002,0.38622673099999993,0.28913656391974335,0.5388969844120624,ns
b0891,0.40507021600000037,0.5512819009999999,0.14621168499999948,0.2892458124522664,0.5387329198162748,ns
b3322,-0.7294304605,-0.18592993099999994,0.5435005295000002,0.28938151940762413,0.5385292074103678,ns
b0172,-0.07401265499999975,-0.1924140349999996,-0.11840137999999985,0.2895989096590284,0.5382030775921517,ns
b0920,-0.31821003700000006,-0.22609820499999994,0.09211183200000012,0.28973489629666593,0.5379991942806097,ns
b1058,-0.5859605988868927,-1.289807427241192,-0.7038468283542992,0.28974632930385835,0.5379820572562628,ns
b1339,-0.10762055099999984,-0.37305957850000016,-0.2654390275000003,0.2898637022702402,0.5378061650889633,ns
b1726,-0.0704115320000005,0.1498287759999987,0.2202403079999992,0.28988563832472813,0.5377733001704328,ns
b1104,-0.32323610950000065,-0.09984692150000105,0.2233891879999996,0.2900550686257379,0.5375195409636472,ns
b2569,-0.10846932900000006,-0.23491197449999965,-0.1264426454999996,0.29011028528675636,0.5374368738719288,ns
b1497,0.0377618279999999,0.5106631259999997,0.47290129799999986,0.2905041620524268,0.5368476410930864,ns
b4083,-0.344564493,-0.42822526699999997,-0.08366077399999994,0.29061409346082456,0.5366833282215785,ns
b0104,-0.041982760999999,-0.15031167949999874,-0.10832891849999973,0.29112544427900855,0.5359198356911844,ns
b1193,0.09348189150000105,-0.08791269799999929,-0.18139458950000034,0.29121513076276323,0.5357860639879122,ns
b2792,-0.4066989399999996,-0.6537720259999995,-0.2470730859999999,0.2914233646417575,0.5354756319476116,ns
b0588,-0.9425654065000004,-0.6596549905000004,0.282910416,0.29211936886279843,0.5344396463425828,ns
b4099,-0.14729316199999995,-0.4850821459999999,-0.3377889839999999,0.292216362917191,0.534295469011997,ns
b1687,0.3559484595000004,0.43350703300000015,0.07755857349999973,0.2930626625826201,0.5330395089830932,ns
b2298,0.5127216000000001,0.8466256235000001,0.33390402350000004,0.29314958059743773,0.5329107228141619,ns
b0452,-0.5124101495,-0.2397938669999999,0.27261628250000003,0.2933632442198877,0.5325943002829162,ns
b4117,-0.10690599099999999,0.15429356950000006,0.26119956050000004,0.2937846456340115,0.5319709059272306,ns
b2516,-0.4341043430000009,-0.34264119950000005,0.09146314350000084,0.29391521844764573,0.531777926289675,ns
b2437,-0.36459223750000036,-0.09420816250000034,0.270384075,0.2943844197249934,0.5310851787316688,ns
b1765,0.24038313849999943,0.1257180430000004,-0.11466509549999904,0.294417546329934,0.531036311022067,ns
b2675,-0.9259537065000001,-0.7367801250000001,0.18917358149999997,0.2947120220339294,0.5306021478402532,ns
b2758,0.6027974070000004,0.7559304175000003,0.15313301049999994,0.29487924051175557,0.5303558006884116,ns
b2872,0.017624504000000048,-0.031282773,-0.04890727700000005,0.29491030383861827,0.5303100534160575,ns
b2045,-0.3860076724999998,-0.1394189249999997,0.2465887475000001,0.2949883529816793,0.5301951309223221,ns
b2504,0.32342766749999985,0.7302784325000005,0.4068507650000006,0.29506773002251946,0.5300782843647571,ns
b2076,-0.23607523299999997,-0.01034252849999985,0.2257327045000001,0.2951645658502801,0.5299357802479259,ns
b3722,-0.20829151800000006,0.029540489999999954,0.237832008,0.2955982254538585,0.5292981774419967,ns
b0899,-0.02195277650000005,0.5997207279999999,0.6216735044999999,0.2961465842583219,0.528493272127604,ns
b3356,0.1202617869999996,0.3815836954999998,0.2613219085000002,0.2964101645316263,0.5281069075607728,ns
b2946,-0.14680291250000094,-0.0669618525000008,0.07984106000000013,0.296524747531227,0.5279390551909644,ns
b2063,-0.12118572699999935,-0.061653641999999495,0.05953208499999986,0.2966090204125051,0.5278156454323654,ns
b1695,0.2255336809999999,-0.07140220550000005,-0.29693588649999997,0.2967452765465763,0.5276161852161133,ns
b3872,-0.25498134099999964,-0.37849282549999974,-0.1235114845000001,0.2969921461167609,0.5272550353402019,ns
b2633,0.19029329600000006,-0.33188107099999986,-0.5221743669999999,0.2971185352574688,0.5270702545950282,ns
b3659,0.35299450199999993,0.5685565149999998,0.21556201299999989,0.2972314516802198,0.5269052374132842,ns
b0066,0.07380608100000026,-0.04069355699999995,-0.11449963800000021,0.29772776667511053,0.5261806603097924,ns
b4724,-0.34200199,-0.0756068285,0.2663951615,0.2982784039826994,0.525378189382382,ns
b4411,-0.8097162794999999,-0.27953019699999976,0.5301860825000002,0.29857461259874085,0.5249471225219439,ns
b4332,-0.3488018799999999,-0.028140784499999898,0.3206610955,0.29907659565849554,0.5242175715025033,ns
b1071,-0.5631999350000003,-0.1594580750000003,0.40374186,0.2992850403805841,0.523914990618989,ns
b2812,-0.22288489099999964,-0.019055202499999296,0.20382968850000036,0.3000999677199524,0.5227340512897335,ns
b3910,0.5673620355000004,0.7244718524999998,0.15710981699999937,0.300151695013813,0.5226591997574921,ns
b1791,-0.10698201599999965,0.12482924000000009,0.23181125599999974,0.30016487809170594,0.5226401253616122,ns
b0992,0.09655717100000005,0.5663030755,0.4697459045,0.3002534086037443,0.522512053602344,ns
b2360,0.35897275849999993,0.5964073445000002,0.23743458600000028,0.30029779188299005,0.5224478611961522,ns
b4149,-0.2863178350000002,-0.11407087649999864,0.17224695850000155,0.3004481649806632,0.5222304441426908,ns
b2217,-0.08872524950000124,0.0186918594999987,0.10741710899999994,0.30045106071365224,0.5222262584130228,ns
b0320,0.11265034249999999,0.37608758350000004,0.26343724100000004,0.30083477306025436,0.5216719657022072,ns
b2053,0.07088416599999985,0.5890210689999998,0.518136903,0.3008554345532734,0.5216421391492866,ns
b1410,-0.23427213699999982,0.04220271799999995,0.2764748549999998,0.3011451560269507,0.5212241181407027,ns
b4469,-0.6754951189999998,-0.8039783564999996,-0.1284832374999998,0.30153073361661964,0.5206684156635889,ns
b3019,-0.09465809049999935,-0.2247518894999993,-0.13009379899999995,0.30158858395238386,0.5205851018616799,ns
b4260,-0.11495116249999879,-0.2182259974999985,-0.1032748349999997,0.30177838680592217,0.5203118673670685,ns
b1059,-0.3445337369999994,-0.2538102644999993,0.09072347250000007,0.3018017120608144,0.5202783008876145,ns
b4565,-0.2998750659999999,0.4761443765000001,0.7760194425,0.3021373003568609,0.519795655596723,ns
b2100,0.2134727115000001,-0.008875077999999946,-0.22234778950000006,0.3023674694387281,0.5194649347422818,ns
b0009,-0.44694243600000005,-0.6321548925000005,-0.1852124565000004,0.30250901244242795,0.519261682182719,ns
b0550,0.824618726,0.299605561,-0.525013165,0.3025926593984407,0.5191416117438281,ns
b4470,0.2237912344999999,0.3967361839999998,0.17294494949999992,0.30265288605966456,0.5190551803544009,ns
b3678,-0.18158781899999996,0.0824865630000001,0.26407438200000005,0.30301656446309483,0.5185336300512019,ns
b3397,-0.042476666000000204,0.0707316610000008,0.11320832700000101,0.3032873036857334,0.5181457698892642,ns
b3406,-0.42018104749999985,-0.1974781095000004,0.22270293799999946,0.30329361785252873,0.5181367283658672,ns
b4550,-0.27393996600000037,0.21447921099999995,0.4884191770000003,0.30344685241259656,0.5179173629912115,ns
b1282,-0.11515187999999996,-0.13593263799999983,-0.02078075799999987,0.3034628175808487,0.517894514172618,ns
b3429,0.0212590680000004,0.06935925150000075,0.048100183500000344,0.3035644525784299,0.5177490857175878,ns
b0833,1.0913099280000003,0.9717915824999994,-0.11951834550000084,0.3042842471434652,0.5167205305723422,ns
b0173,0.7890700380000006,0.8711787825000012,0.08210874450000061,0.3046055663992401,0.5162621645771743,ns
b0068,-0.2140182624999997,-0.35428534899999997,-0.14026708650000028,0.3049383096452841,0.5157880114417528,ns
b4737,-0.9481084735,-0.301824178,0.6462842955000001,0.3051152563843277,0.5155360762059256,ns
b1556,0.32672233199999995,-0.1584045325,-0.4851268645,0.305192717410603,0.515425833843384,ns
b0687,-0.5651603204999995,-0.4780741014999989,0.08708621900000063,0.3054284610591895,0.5150904960777724,ns
b1582,-0.02163300700000015,0.5047138290000004,0.5263468360000005,0.3060439333584398,0.5142162250034369,ns
b3268,-0.4480622605,-0.5478251265,-0.09976286600000006,0.3070214908995171,0.5128312237006484,ns
b4324,-0.23622408500000036,-0.1328970814999994,0.10332700350000096,0.3080499098360377,0.5113789139853809,ns
b2901,0.19503854249999986,0.25617092400000047,0.06113238150000061,0.30806475990684146,0.5113579785844762,ns
b2248,-0.5373055824999999,-0.3232228705,0.21408271199999995,0.30807505177087274,0.5113434698652765,ns
b4393,0.01513161249999985,0.170772425,0.15564081250000017,0.30826620877700134,0.5110740787311281,ns
b2102,-0.2284702274999999,0.0665128475000003,0.2949830750000002,0.3083696047657962,0.5109284358514278,ns
b2548,0.11681832850000021,0.4173347115000001,0.30051638299999994,0.3086365105879437,0.5105526997603507,ns
b0762,-2.3858052729999986,-1.9755449224999984,0.4102603505000002,0.3087706650260689,0.510363966828766,ns
b3484,0.8374500190000002,1.1013462905,0.26389627149999983,0.30907243361180653,0.5099397282403347,ns
b0060,-0.120461034499999,-0.02398237249999895,0.09647866200000005,0.30927161584329266,0.5096599366029905,ns
b4223,-0.6206907364999998,-0.9999193245,-0.37922858800000014,0.3095779952280292,0.5092299164990731,ns
b1139,0.8085969895000007,1.2277187265000007,0.419121737,0.3098214835820385,0.5088884707677849,ns
b0889,-0.00361457500000115,0.07078872499999894,0.07440330000000009,0.3099003442170951,0.508777941374457,ns
b3439,0.033424763499999746,0.14111675000000007,0.10769198650000032,0.3099677454785157,0.5086834954866617,ns
b3808,-0.6059442024999997,-0.1918565114999997,0.414087691,0.31027453596005994,0.5082538652338128,ns
b1575,1.6700151598031958,1.4391978853107439,-0.23081727449245193,0.310498927719038,0.507939895282921,ns
b4300,-0.009342404000000054,0.2295490630000001,0.23889146700000016,0.3105056417306367,0.5079305045043911,ns
b0756,-0.5684889395000008,-0.6728376034999997,-0.10434866399999887,0.3111651960062833,0.5070089850361676,ns
b3031,-0.5474242330000005,-0.4587880925000003,0.08863614050000024,0.31123757893370496,0.5069079716494327,ns
b4460,-0.06740225000000019,0.2725362809999998,0.33993853100000004,0.31132409796557187,0.5067872615583509,ns
b1712,0.4960373349999996,0.580062625,0.08402529000000047,0.311398803390908,0.5066830606237885,ns
b0350,0.13803046900000004,0.4064323310000002,0.26840186200000016,0.31140952897623325,0.506668102370084,ns
b0740,0.038011549000000096,0.00209024499999975,-0.03592130400000035,0.3114380891406866,0.5066282739386274,ns
b0799,-0.472233412,-0.5428612349999999,-0.07062782299999992,0.31228019266780305,0.5054555613601939,ns
b2800,-0.00980432849999995,-0.27170701300000005,-0.2619026845000001,0.3126885965141933,0.5048879568167579,ns
b4062,-0.29207825549999983,0.18276765350000002,0.47484590899999984,0.3131694802872126,0.5042205684170571,ns
b0982,0.33668438450000004,0.8425957975,0.505911413,0.31327230290150165,0.5040780003585399,ns
b0526,-0.316973419,-0.37925042799999975,-0.06227700899999977,0.31365851213481505,0.50354292198599,ns
b2585,0.0460512180000005,0.13070711700000087,0.08465589900000037,0.3139042941180579,0.5032027432390419,ns
b0657,-0.2906997680000005,-0.11650141150000021,0.17419835650000032,0.3145292342449737,0.502338982392886,ns
b0048,-0.1578911024999998,-0.3307744529999996,-0.17288335049999978,0.3146995819776535,0.5021038339692677,ns
b1359,0.4778324505000002,0.7797902095000002,0.301957759,0.31511800655728384,0.5015267795456713,ns
b4194,0.21190374200000026,-0.00853527149999985,-0.2204390135000001,0.31523983260659855,0.5013589117780606,ns
b2307,0.02564155700000055,-0.30139970549999967,-0.3270412625000002,0.3153490322733056,0.5012084974089149,ns
b0661,-0.4607686005000002,-0.5107202690000006,-0.04995166850000038,0.3156889560019607,0.5007406111115928,ns
b4389,-0.0719196415000018,-0.12147986550000084,-0.04956022399999904,0.3157698721463545,0.5006293087316657,ns
b1295,-0.7925241089999999,-0.5487678135000005,0.24375629549999944,0.31580714759066286,0.5005780449291949,ns
b4559,-0.7838589570000001,-0.20307315299999995,0.5807858040000001,0.3164641380719627,0.49967549739982625,ns
b0491,0.18731238700000036,0.4299765865000005,0.24266419950000012,0.31666451449830596,0.4994006010456127,ns
b2433,0.14666291450000066,-0.17957910149999992,-0.3262420160000006,0.31684310920635805,0.4991557335953826,ns
b0143,-0.349254363,-0.4227050899999991,-0.0734507269999991,0.3172002827305394,0.4986664342539975,ns
b0509,0.054372687500000155,0.4703563515000002,0.4159836640000001,0.31736443704588624,0.4984417406563102,ns
b0153,-0.4537958630000003,-0.2614230340000003,0.19237282900000002,0.31817049073046094,0.4973401022105407,ns
b4481,-0.015199127000000699,0.04931933249999875,0.06451845949999944,0.31817740110394593,0.4973306698320853,ns
b0027,-0.1748088669999994,-0.0702497140000004,0.104559152999999,0.31818168244133516,0.49732482608363754,ns
b4473,-0.17638769149999953,0.05810374350000065,0.2344914350000002,0.31837093007492273,0.4970665938376746,ns
b2070,0.01048156400000045,0.14586940050000025,0.1353878364999998,0.31856722230148693,0.4967989112276186,ns
b2004,-0.20778503899999995,0.1951826755000001,0.4029677145,0.3187022077141071,0.49661492807087526,ns
b1932,-0.9883368729999993,-0.8141601619999994,0.17417671099999987,0.3188934365794089,0.4963544192539953,ns
b2778,0.3316605915,0.12641559600000005,-0.20524499549999994,0.31899630962721714,0.4962143411365692,ns
b3461,-0.5068552529999999,-0.6149546899999998,-0.10809943699999991,0.3191884877972515,0.4959527807808609,ns
b4464,-0.033057323999999846,0.1673046990000002,0.20036202300000006,0.31954326656706145,0.49547032949574055,ns
b3700,0.08712469600000004,-5.975099999974698e-05,-0.08718444699999979,0.3198177451368317,0.49509744302505204,ns
b2182,-0.1011717469999995,-0.0004710210000005502,0.10070072599999896,0.31983061454596917,0.49507996744400845,ns
b1027,-0.27072520199999944,-0.1068397169999997,0.16388548499999975,0.3198756201649995,0.49501885910717763,ns
b0387,0.06508720400000059,0.24082646900000035,0.17573926499999976,0.320067090063412,0.49475897858511414,ns
b3389,0.3152043065000001,0.33346460400000133,0.018260297500001244,0.3202301620230215,0.4945377649112712,ns
b4487,-0.0009456354999995004,0.33241328200000053,0.3333589175,0.3205008684209344,0.49417078939037806,ns
b2171,-0.3646159440000001,-0.6199276319999996,-0.2553116879999995,0.3205335518319445,0.4941265040146937,ns
b2352,0.7621514405000003,0.6541862055000003,-0.10796523499999999,0.32080313231962504,0.4937613999187735,ns
b4657,0.5068101710000001,1.4579140270000002,0.951103856,0.3208310084104262,0.4937236636711174,ns
b1639,-0.10127061699999995,0.21557073949999944,0.3168413564999994,0.32095869610079975,0.49355085298351026,ns
b3488,0.4752778355,0.551901277,0.0766234415,0.32123967775032647,0.4931708184251524,ns
b4047,0.8487683012731237,0.0,-0.8487683012731237,0.3213621172740968,0.4930053199450811,ns
b2113,1.1348675559999997,1.2002685019999992,0.06540094599999957,0.3214666057478843,0.4928641353142055,ns
b2246,0.4282351405,0.2105571960000001,-0.2176779444999999,0.3216334986282674,0.4926387251233092,ns
b4721,0.4827000744999999,1.4918040784999995,1.0091040039999997,0.3217087311361453,0.4925371522382461,ns
b1707,0.45613196349999985,0.6036388590000001,0.1475068955000003,0.32233303037294736,0.4916951888292741,ns
b1742,-0.7064533574999999,-0.25038756400000006,0.45606579349999987,0.32274753804594314,0.4911370618954371,ns
b1267,-0.3661707155000009,-0.26329095150000104,0.10287976399999987,0.3227786593750679,0.49109518653368467,ns
b2709,0.2468108274999996,0.44147789899999923,0.19466707149999962,0.3228531115084284,0.4909950237093445,ns
b1337,0.478419142,0.7898114360000001,0.3113922940000001,0.3229106326221279,0.49091765453968844,ns
b0437,-0.2953458980000008,-0.4000594755,-0.10471357749999921,0.32340958426290795,0.49024711389524217,ns
b3166,0.3576197369999998,0.2564837719999992,-0.1011359650000006,0.3250778677344554,0.4880125975539953,ns
b1479,-0.2742832929999999,-0.22376437800000024,0.05051891499999964,0.3253949900611753,0.48758913795581615,ns
b2636,0.43002771249999994,0.1949544774999998,-0.23507323500000013,0.3254043144923466,0.48757669310845225,ns
b1535,0.48220998199999987,0.7400195289999996,0.2578095469999997,0.32598986829422316,0.48679589751576735,ns
b0705,0.9191591835000001,1.1597988474999998,0.2406396639999997,0.32616399869352725,0.48656397717556965,ns
b2316,-0.16363046900000006,-0.20815748049999971,-0.04452701149999966,0.326232855901138,0.4864723019775516,ns
b3943,-0.3881537629999998,-0.04614410949999989,0.3420096534999999,0.32639044238621207,0.48626256707412435,ns
b0054,-0.0052739015000007,-0.05324656200000085,-0.04797266050000015,0.326533122285736,0.4860727589637088,ns
b1672,0.11934675999999975,0.4307502164999999,0.3114034565000001,0.32698638722186507,0.4854703270873776,ns
b1622,-0.3217684764999995,-0.4997771684999992,-0.1780086919999997,0.32708461946161305,0.485339877275194,ns
b2222,-0.21233213300000003,-0.10768153499999995,0.10465059800000008,0.3273470568025335,0.4849915594927562,ns
b3221,0.11231285649999959,0.46842253599999983,0.3561096795000003,0.32744983294943475,0.4848552267931493,ns
b2066,-0.13632370249999945,-0.10397097299999955,0.0323527294999999,0.3276642259703479,0.4845709718363295,ns
b3050,0.052164275000000045,0.3354199680000003,0.28325569300000025,0.3276873957898546,0.484540263055185,ns
b0133,0.17444452200000082,0.2414193869999996,0.06697486499999877,0.3277490834721885,0.48445851411088375,ns
b0592,-0.6888497084999998,-0.5714846219999994,0.11736508650000044,0.3277544723079977,0.4844513735190891,ns
b2703,0.18216116449999986,0.0803330414999998,-0.10182812300000006,0.32783515665592683,0.48434447503958183,ns
b4605,-0.7739004134388074,0.31777592595247567,1.0916763393912832,0.328043571037591,0.4840684690795446,ns
b2511,-0.07724233350000005,-0.13914457150000054,-0.061902238000000484,0.32810831910429944,0.48398275804647706,ns
b3950,0.7830767550000001,0.36281153499999996,-0.4202652200000001,0.32924841155176043,0.48247631160070953,ns
b1658,-0.49208945349999933,-0.6197205954999996,-0.12763114200000025,0.32932650332460256,0.4823733170121814,ns
b0827,0.21385909199999942,0.3289800014999988,0.11512090949999937,0.3293553820257704,0.48233523531948963,ns
b2524,-0.7518740324999995,-0.9539929330000003,-0.2021189005000008,0.3293589522662512,0.48233052755571654,ns
b2319,-0.01266841599999945,0.05341654600000065,0.0660849620000001,0.3294278967265999,0.482239626534112,ns
b0415,-0.24415751100000005,-0.3442214925,-0.10006398149999995,0.3299460901990261,0.4815570135817458,ns
b1941,-0.38921081050000006,-0.7087047060000001,-0.31949389550000007,0.33001014783875143,0.48147270532631803,ns
b2679,0.026318880499999798,-0.33442166549999985,-0.36074054599999966,0.33006521157776325,0.48140024730248754,ns
b3198,0.2857145280000002,0.21304339649999976,-0.07267113150000043,0.33066574926313486,0.48061078747630304,ns
b0680,-0.20776903500000093,-0.28410006850000163,-0.0763310335000007,0.33106403055219413,0.48008800191565076,ns
b4372,-0.6959328399999993,-0.8202991355,-0.12436629550000067,0.3313350420447431,0.47973263063817523,ns
b0417,0.6182428745000013,0.6729741890000009,0.054731314499999684,0.3315896133347368,0.4793990816864727,ns
b3369,-0.18825344500000016,-0.0012002125000001515,0.1870532325,0.3319651498174935,0.47890750676701166,ns
b4740,-0.6667255359999997,0.3334643695000001,1.0001899054999999,0.3331385771822098,0.47737507344127,ns
b3938,0.0560844635000004,0.19596876700000004,0.13988430349999964,0.3332522103607418,0.47722696136109594,ns
b4076,0.22887470100000007,0.7066975125000001,0.47782281150000006,0.33359440279554614,0.47678124477111283,ns
b0344,0.10022517100000011,-0.11924557650000005,-0.21947074750000017,0.3336578107684394,0.4766987040698328,ns
b3531,-0.5381310254999998,-0.44035771599999984,0.09777330949999996,0.3338625621315551,0.47643227807427624,ns
b1628,-0.5790776774999999,-0.7368354720000005,-0.1577577945000006,0.33407865002994874,0.4761512779400017,ns
b4735,-0.1739139144999999,-0.3625406440000001,-0.18862672950000017,0.3344813695980393,0.4756280671520536,ns
b0356,-0.0694319179999993,-0.2586309879999993,-0.18919906999999997,0.33459958040088533,0.4754746079931532,ns
b2461,0.8129446479999999,0.4060498769999999,-0.406894771,0.3347083650304764,0.47533343362017344,ns
b4303,0.5713717635,0.3539051975,-0.21746656599999997,0.3349544340223544,0.4750142687798956,ns
b2947,0.14475846900000056,0.27367008300000073,0.12891161400000017,0.3350423726533622,0.474900264468139,ns
b1025,0.34315346349999976,0.2116783584999997,-0.13147510500000006,0.3356983623672119,0.4740507773597266,ns
b4019,-0.28459041800000007,-0.3277302879999988,-0.04313986999999875,0.3358191918048772,0.47389448789783595,ns
b4356,-0.0984364020000001,0.0889447419999998,0.1873811439999999,0.33586306346574624,0.4738377550599355,ns
b4516,-0.762982283,-0.23377906099999993,0.5292032220000001,0.3359469897241493,0.47372924608205463,ns
b2421,0.1793703040000007,0.134423076,-0.0449472280000007,0.3360648624996664,0.47357689312479867,ns
b3534,-0.43922089849999946,-0.31360246699999944,0.12561843150000002,0.33614175640300203,0.4734775349896145,ns
b2813,-0.12967842700000085,-0.23226018100000134,-0.1025817540000005,0.3361422919263215,0.4734768430951001,ns
b0849,-0.21112697999999908,0.3056672839999996,0.5167942639999987,0.3361879071729723,0.47341791237930586,ns
b3637,-0.682876274999999,-0.8519124999999983,-0.16903622499999926,0.3367816760457527,0.47265154605809334,ns
b2847,0.377869075,0.6002625504999999,0.22239347549999988,0.3368134172138448,0.4726106163829823,ns
b3162,-0.6812537024999981,-0.7343928264999984,-0.053139124000000315,0.3376222611067222,0.4715689259175968,ns
b4097,0.714689391,0.4269787454999999,-0.28771064550000003,0.3376663457378133,0.4715122221264985,ns
b0463,0.9702026810000017,1.0177242700000013,0.04752158899999959,0.33816104659338936,0.4708764210548643,ns
b3989,-0.0269819345000002,0.08061192999999986,0.10759386450000005,0.33830730966249656,0.4706886184940441,ns
b1764,0.4015898564999993,0.28749146500000045,-0.11409839149999884,0.33854304971926696,0.47038609783038593,ns
b1083,-0.1616606854999998,0.09516913650000029,0.2568298220000001,0.33993370909874276,0.46860576701538864,ns
b0116,0.14620920500000076,0.0418639900000013,-0.10434521499999946,0.3399367431370089,0.46860189078846176,ns
b0355,0.1587827920000002,-0.09505816999999975,-0.25384096199999995,0.3400178810514771,0.46849824343482843,ns
b4005,0.1396959829999993,0.023346172499999297,-0.11634981050000001,0.34020053288109275,0.46826501045555785,ns
b3657,0.0314361654999998,0.4050308754999997,0.37359470999999994,0.3402626396078489,0.46818573325178053,ns
b2678,-0.22219457850000035,-0.5146343450000006,-0.29243976650000025,0.3404815929017022,0.46790636192242374,ns
b3479,-0.0411908120000002,-0.31035601850000016,-0.2691652065,0.34070915559582143,0.46761619583829106,ns
b1999,-0.38333642249999994,0.07964565200000015,0.46298207450000006,0.3407098016833195,0.4676153722855201,ns
b3085,-1.360205269500001,-0.9170017255000009,0.44320354400000017,0.34153430470813956,0.46656566797891574,ns
b1663,0.6293067950000011,0.8342599415,0.20495314649999896,0.34159250513955747,0.466491666707392,ns
b0731,0.015572776999999947,0.1832051785,0.16763240150000006,0.3418757339151125,0.46613172400822295,ns
b3282,0.15796845050000122,0.4197255600000007,0.26175710949999953,0.342012467965439,0.4659580615757579,ns
b2920,-0.5795856625,-0.276931949,0.3026537135,0.3424760440095877,0.46536980174326725,ns
b2224,0.6627738119999999,1.0560454225,0.39327161050000015,0.3426398989036374,0.46516206675063865,ns
b1946,-0.4055141775000001,-0.5298267490000002,-0.12431257150000008,0.3432710147441585,0.4643628661580385,ns
b4173,-0.2769803600000005,-0.19887785700000116,0.07810250299999932,0.3433641815490457,0.464245010767794,ns
b0566,-0.3517458460000004,-0.004026955000000262,0.34771889100000014,0.34349694721817076,0.4640771183196981,ns
b4170,-0.4260667759999994,-0.3554994504999991,0.07056732550000033,0.34362090495048647,0.4639204227556168,ns
b3432,0.3968588970000013,0.3240073685000011,-0.0728515285000002,0.34362722662947554,0.4639124330058445,ns
b4162,0.16073195749999986,0.2131069839999999,0.05237502650000003,0.34399755886291183,0.4634446393358206,ns
b3192,-0.14541291499999914,-0.0935434765000002,0.05186943849999895,0.34483438781856357,0.46238943166643526,ns
b1279,-0.24879712149999994,-0.04571661850000064,0.2030805029999993,0.34490204259597235,0.4623042336246859,ns
b1553,-0.12207984849999995,0.0759721505,0.19805199899999995,0.3449695349439725,0.4622192567815894,ns
b3194,0.4468133929999998,0.4004127584999999,-0.04640063449999987,0.3451018262492829,0.46205274245326095,ns
b2160,-0.2607333535,-0.1186547814999996,0.1420785720000004,0.34523224869277186,0.46188864292448634,ns
b2145,0.22303044449999995,0.4510292659999995,0.22799882149999953,0.3453107268306571,0.4617899303936565,ns
b3899,-0.28221469099999996,-0.11794393200000006,0.1642707589999999,0.3459848526863589,0.4609429143249397,ns
b4021,0.2785706484999997,0.42343321499999975,0.14486256650000007,0.34607697221974326,0.460827297471587,ns
b1947,-1.0897079165,-0.9244471990000002,0.16526071749999993,0.3462295833077911,0.46063582693310723,ns
b1311,-0.7400340660000001,-0.6571511190000001,0.08288294699999998,0.3464613100787568,0.46034525674471677,ns
b2154,-0.371488083,-0.31802341700000003,0.053464665999999994,0.34650142723564015,0.46029497219420523,ns
b2829,0.014476151500000298,0.0677147560000004,0.053238604500000106,0.3471720752369557,0.45945521453882243,ns
b2992,-0.6298491364999999,-0.3354859000000001,0.29436323649999974,0.34741675393412186,0.45914924183108186,ns
b1318,-0.40243285049999994,-0.0184229105,0.38400993999999994,0.3475815202292358,0.4589433216244501,ns
b1422,-0.22159935549999996,-0.3135067284999997,-0.09190737299999976,0.3477288181382204,0.4587593155296319,ns
b0441,-0.39477317499999964,-0.4408127995000002,-0.04603962450000054,0.3479970378906819,0.4584244527005644,ns
b0786,0.021562466500000245,0.19458376349999978,0.17302129699999955,0.3480586962241069,0.4583475109479793,ns
b3788,-0.09641643550000095,-0.19408178000000031,-0.09766534449999936,0.3488051881736648,0.4574170639389069,ns
b3748,-1.1484890515000008,-1.7476763190000004,-0.5991872674999996,0.3492120003938581,0.45691084052407344,ns
b2242,-0.486700267,-0.25410794299999995,0.23259232400000007,0.3492761556750789,0.4568310616918758,ns
b1135,-1.2390397894999996,-0.9775796844999998,0.26146010499999983,0.35002972574116403,0.45589507228637255,ns
b4535,-0.4292137829999998,0.01274194200000009,0.4419557249999999,0.3502797182166877,0.4555850083333995,ns
b0313,-0.2614487945000006,-0.38173266050000043,-0.12028386599999985,0.35028466175555817,0.4555788791275365,ns
b2260,0.24655790899999938,0.36597660349999916,0.11941869449999978,0.35141675480951584,0.4541775361023894,ns
b2219,-0.41458061999999984,0.0009389030000004489,0.4155195230000003,0.35157140502084183,0.45398645540338095,ns
b1866,0.12666791000000094,0.22739856550000143,0.10073065550000049,0.35182232626491156,0.4536766041452098,ns
b3740,-0.1418159119999993,-0.054614749499999296,0.0872011625,0.35196665087695955,0.4534984843237018,ns
b1233,0.039193413499999094,0.08448351549999959,0.0452901020000005,0.35229135927149535,0.4530980087254549,ns
b4078,-0.4628309749999997,-0.34389680849999976,0.11893416649999994,0.35247850233238803,0.4528673654899526,ns
b4220,-0.05562910399999895,0.009952912000000601,0.06558201599999955,0.35249565744963596,0.4528462289059934,ns
b3362,-0.01698986249999955,0.14999844849999944,0.166988310999999,0.3525300384186667,0.45280387168346414,ns
b0331,-0.606610987,-0.03732856200000004,0.569282425,0.35281668010048794,0.45245089093149377,ns
b1488,-0.4965400615000004,-0.8362464820000001,-0.33970642049999966,0.35285058000012026,0.4524091643552697,ns
b3318,-0.2296289049999993,-0.4664763849999991,-0.2368474799999998,0.35293121863113597,0.45230992429921085,ns
b0629,0.06226244399999965,-0.3501222255000003,-0.4123846694999999,0.35296827781557694,0.4522643240419438,ns
b2387,0.5395144105,0.028234220499999962,-0.5112801900000001,0.35322217411324186,0.45195204067560424,ns
b0597,-0.17725972250000094,-0.3897419695000006,-0.21248224699999968,0.35324440555113157,0.45192470749076186,ns
b2203,0.38083092249999995,0.8150364864999999,0.434205564,0.35326681616867833,0.45189715574850875,ns
b1144,0.3657688240000001,0.6705549390000001,0.30478611499999997,0.35369450317210205,0.45137168957901214,ns
b2328,-0.497789225,-0.43205483149999946,0.06573439350000054,0.35384167630997465,0.45119101618184093,ns
b1008,-0.6892156034999999,-0.3100709869999999,0.3791446165,0.353889584659544,0.45113221891504124,ns
b3933,-0.41350375749999996,-0.4910730099999996,-0.07756925249999963,0.353905446224038,0.4511127539862563,ns
b0444,0.5509304444999996,0.6329267964999992,0.08199635199999955,0.3541312892716557,0.45083569945570484,ns
b2556,-0.3853776090000003,-0.23162420849999948,0.1537534005000008,0.3541454802147905,0.4508182965178626,ns
b4102,-0.1608281839999999,-0.2759670034999999,-0.11513881950000002,0.354265970344872,0.4506705626011353,ns
b0922,0.8948870645000011,0.9454657255000005,0.050578660999999414,0.3543787585217199,0.45053231763508317,ns
b4233,0.012536909500000101,-0.0310460805000003,-0.0435829900000004,0.3547283354462115,0.45010411900924,ns
b4634,0.6492310394999999,0.22749609850000002,-0.4217349409999999,0.3550580155327146,0.44970067858675056,ns
b2790,-0.1833497100000003,-0.046236777499999854,0.13711293250000045,0.35569225547997085,0.44892559064477694,ns
b2410,-0.44855432299999975,-0.568345995,-0.1197916720000003,0.35596190829204843,0.4485964736666683,ns
b0808,-0.23730450049999988,0.20176913049999973,0.43907363099999963,0.3560978541956033,0.4484306433260735,ns
b4211,-0.2591602899999996,-0.20197488849999967,0.057185401499999955,0.3563918612289789,0.4480722223223204,ns
b2115,-0.0408487264999997,0.003743642999999951,0.04459236949999965,0.3565250714615961,0.4479099243967721,ns
b3412,0.18353623599999963,0.14102828699999964,-0.04250794899999999,0.35671412203537567,0.44767969693965964,ns
b0422,-1.471318579000001,-1.3780722180000011,0.09324636099999983,0.3571366944158926,0.4471655254341568,ns
b1563,-0.17922436149999976,0.06287657749999995,0.2421009389999997,0.3571862496855711,0.447105268150297,ns
b3974,0.04647796749999955,0.15839206599999975,0.1119140985000002,0.357386689744812,0.4468616260833775,ns
b0349,0.33583479,0.134939886,-0.20089490399999999,0.3576877951951978,0.44649587832966375,ns
b1673,-0.16225924100000005,-0.04601924300000005,0.11623999800000001,0.35808445179696635,0.44601453585874024,ns
b1991,1.8888075275000005,1.9888832250000008,0.10007569750000034,0.35834781877765104,0.44569523468743094,ns
b0281,0.5383880169999995,0.4322711519999993,-0.10611686500000017,0.358413760592452,0.4456153248060985,ns
b3152,0.7364058595000005,0.9313912060000002,0.19498534649999977,0.35868825151062256,0.44528284798995743,ns
b3813,-0.3885078579999992,-0.3368628444999997,0.051645013499999504,0.3596796683753732,0.44408411086634636,ns
b0995,0.0834389535,0.3124877695000001,0.22904881600000013,0.3599321332736025,0.4437793795753293,ns
b0185,-0.6390690175000007,-0.7217249690000003,-0.0826559514999996,0.36052262117699174,0.44306748005933344,ns
b4331,0.3498450495000003,0.5845125305000003,0.234667481,0.3612017250155557,0.4422501842639911,ns
b4544,0.44445707450000005,1.0418490165000003,0.5973919420000002,0.3612160299507528,0.4422329849236421,ns
b4672,-0.8200631465814793,0.2623223147510083,1.0823854613324877,0.3617275873381107,0.4416183682861252,ns
b0820,-0.26295520849999887,-0.3652259264999991,-0.1022707180000002,0.362683424896771,0.44047229178751895,ns
b3681,-0.2694984685000005,0.26061191049999977,0.5301103790000002,0.3627373705071141,0.4404076995368239,ns
b1115,-0.3995363855,-0.14955155250000005,0.24998483299999993,0.36278887486485123,0.4403460393045732,ns
b1185,0.1821728929999997,0.0865056984999994,-0.0956671945000003,0.36282691630748587,0.4403005022894311,ns
b3197,-0.18897352849999915,-0.13017783049999915,0.05879569800000001,0.3629161169253482,0.44019374456792054,ns
b0301,0.12876162950000006,-0.1776485979999999,-0.30641022749999997,0.3636344095301718,0.43933502764475785,ns
b2444,0.521348997,0.9631340239999999,0.4417850269999999,0.3638019387508267,0.43913499085103364,ns
b2619,0.2664444525,0.1374331109999995,-0.1290113415000005,0.3640704889524845,0.43881452294609014,ns
b4204,0.2852795064999997,-0.0038289325000001595,-0.2891084389999999,0.3642019083322445,0.438657782934311,ns
b2891,-0.2680723524999999,-0.3028838965,-0.03481154400000014,0.36426823623314053,0.43857869708117103,ns
b2926,0.33795995999999917,0.26548944999999957,-0.0724705099999996,0.3647306887065124,0.43802769329392854,ns
b1939,-0.7483948209999998,-0.8934920814999999,-0.14509726050000016,0.3651371186228562,0.43754401587612635,ns
b3926,-0.4585565804999998,-0.35693463199999975,0.10162194850000006,0.3653886431432718,0.4372449553328478,ns
b2550,-0.19967749050000025,-0.1261339955000002,0.07354349500000004,0.36544765661212925,0.437174818630697,ns
b3157,-0.025995673500000205,0.11330153950000005,0.13929721300000025,0.36552734655041885,0.43708012619812475,ns
b0327,-0.6568575245000003,0.02362164449999951,0.6804791689999998,0.36553223119376194,0.43707432263925056,ns
b0931,-0.32765318499999996,-0.2785824969999995,0.04907068800000047,0.365635863023388,0.43695121351451305,ns
b2774,-0.150007118,0.13708220550000005,0.28708932350000005,0.36568506444914156,0.4368927770417251,ns
b3129,0.8294843530000011,0.928157687000001,0.09867333399999989,0.3657868259746916,0.43677193994632846,ns
b1827,0.22162395049999972,0.2459171270000011,0.024293176500001373,0.366085976733114,0.4364169068575328,ns
b2198,0.18954690300000032,0.6683972010000001,0.4788502979999998,0.3662106337718412,0.43626904910755576,ns
b1918,0.05900893899999945,0.2283556494999992,0.16934671049999975,0.36628814594027126,0.43617713603387553,ns
b4256,0.1235855184999996,0.2602471604999996,0.13666164199999997,0.36636766480262656,0.43608286365451987,ns
b3881,0.19944572299999994,-0.09533994250000011,-0.29478566550000007,0.36642078389708466,0.4360199005177833,ns
b3368,0.2438968140000006,0.36214422950000014,0.11824741549999954,0.36689849546946224,0.43545406913980056,ns
b1307,1.4520204200000002,1.6516211075000005,0.19960068750000026,0.3669405796194628,0.4354042573629102,ns
b1111,-0.410384904499999,-0.11821451499999955,0.2921703894999994,0.36754943800979334,0.43468423695854275,ns
b2110,0.200253076,0.6304463675,0.4301932915000001,0.3675676402801349,0.4346627297842367,ns
b2704,0.1672600864999998,-0.3459387120000001,-0.5131987984999999,0.36766867977164075,0.4345433643701656,ns
b2862,1.1234810194999998,1.5626574179999997,0.4391763984999999,0.3677162456069718,0.43448718269135417,ns
b4040,-0.012559828999999752,-0.14364582649999977,-0.13108599750000002,0.36773446699696555,0.4344656626928202,ns
b4015,-0.29086137499999953,-0.3942167899999989,-0.10335541499999934,0.36802898234554293,0.434117979214744,ns
b0053,-0.6103583349999999,-0.6718894679999998,-0.061531132999999905,0.3681257329469857,0.4340038231774424,ns
b0159,-0.3363933560000003,-0.16248021949999986,0.17391313650000045,0.36826694881947064,0.43383725640825066,ns
b1904,-0.8925139849999999,0.2224115150000001,1.1149255,0.3682839695648206,0.4338171844333194,ns
b3699,0.23432079600000044,0.1941768765000011,-0.04014391949999935,0.3692544345613001,0.43267428032491567,ns
b1457,1.005178816,1.3546827945000004,0.3495039785000005,0.3694918591896627,0.4323951257345286,ns
b4387,0.8727539739999997,0.6804939595000001,-0.19226001449999952,0.36971749971650025,0.4321299926228812,ns
b1412,0.39596685549999977,0.6032095575000009,0.20724270200000117,0.37001943923179814,0.4317754593672319,ns
b4397,0.6018910295000004,0.7084728010000001,0.1065817714999997,0.3704182550580496,0.4313076184382193,ns
b0390,-0.32081698100000056,-0.21953919200000094,0.10127778899999962,0.370862581645227,0.4307869828072147,ns
b0199,-0.30562892850000084,-0.1992161130000007,0.10641281550000015,0.3709560485764744,0.430677543192079,ns
b3650,-0.5139855355000007,-0.5649877265000014,-0.051002191000000696,0.37138721794544927,0.43017304747638174,ns
b1241,-0.07054390749999935,-0.00913953650000025,0.0614043709999991,0.3720775529851287,0.4293665296794853,ns
b2732,-1.3983789155000004,-1.146665889,0.25171302650000027,0.372291173497465,0.42911726017372753,ns
b1272,0.03765077649999955,0.01004571750000015,-0.027605058999999404,0.37304425532927654,0.42823964351248844,ns
b0021,0.34999666299999965,0.6410469240000001,0.2910502610000004,0.3731397840802543,0.4281284441100669,ns
b0682,-0.11950085349999993,0.31415888300000006,0.4336597365,0.3739771849330467,0.4271548918099916,ns
b1802,-0.11657712050000006,0.23947595899999996,0.35605307950000004,0.3743957457455781,0.4266690947889461,ns
b2782,0.7022531890000003,0.7601059739999996,0.05785278499999924,0.3744814477981011,0.4265696928336405,ns
b4744,-0.8516904184999998,0.018332724999999828,0.8700231434999997,0.374638157116083,0.4263879915602826,ns
b0408,0.0480619274999991,-0.0549008450000015,-0.1029627725000006,0.3749719181746993,0.42600125557476753,ns
b0803,-0.29692411599999996,-0.05383723799999984,0.24308687800000012,0.3756145698431256,0.4252575700807183,ns
b1824,0.8938577099999998,1.0692896999999997,0.17543198999999987,0.37592931950374103,0.42489380144201133,ns
b2805,0.20046444299999994,0.0387626074999998,-0.16170183550000014,0.37660941075185606,0.4241088319918511,ns
b1872,0.21609234750000023,0.1456651500000001,-0.07042719750000012,0.3766177105333085,0.4240992610425741,ns
b3222,-0.4866026385000004,-0.2860676980000005,0.20053494049999993,0.37665972117313373,0.4240508194238337,ns
b2826,-0.1397160679999999,-0.264613848,-0.1248977800000001,0.37682625949303206,0.42385884060434437,ns
b0838,0.06078384650000104,0.1834509745000012,0.12266712800000015,0.37703150572061633,0.42362235751592375,ns
b0502,0.3255040390000006,0.5283875609999997,0.20288352199999915,0.3780777198251045,0.4224189149202362,ns
b4261,0.8775617440000003,0.7932613380000002,-0.0843004060000001,0.37879705846858025,0.4215934021498204,ns
b3553,-0.604479460499999,-0.5166839084999992,0.08779555199999978,0.37881660150744567,0.42157099644520035,ns
b0277,0.07037289850000006,0.3850960669999999,0.3147231684999998,0.37904494038708847,0.42130929608714907,ns
b3032,-0.4180460149999998,-0.3773877889999997,0.04065822600000013,0.37965074919082753,0.4206157387621708,ns
b1583,-0.4558230029999999,-0.3762321970000002,0.07959080599999968,0.37966352883988613,0.420601119964058,ns
b0918,0.6354188490000001,0.5149160390000005,-0.12050280999999963,0.3803931437925181,0.4197673193894877,ns
b3954,-0.9297907200000002,-0.8154802875000007,0.1143104324999995,0.3804729966255154,0.4196761610555307,ns
b0247,0.0628724155,-0.25411494,-0.3169873555,0.38057634267740903,0.4195582117504807,ns
b1524,-0.18943430900000008,-0.14357464699999983,0.045859662000000245,0.38063050845679625,0.4194964048996871,ns
b4133,0.3673084010000003,0.7116456360000003,0.344337235,0.3808329075406063,0.41926553154329366,ns
b3664,-0.3506868099999999,-0.038776962499999845,0.31190984750000006,0.3813004747154047,0.4187326540335615,ns
b4311,0.022247905500000012,-0.30439280500000004,-0.32664071050000004,0.38143247947483644,0.4185823289719168,ns
b1153,0.22789225400000007,0.40084695350000005,0.17295469949999998,0.3815262296912453,0.4184755992069128,ns
b4206,0.11616961249999976,0.21715701400000004,0.10098740150000028,0.38165952643789475,0.4183238929109049,ns
b2121,-0.5280951155,-0.3464159835,0.18167913199999997,0.3820180209644316,0.4179161495992585,ns
b3944,0.009058039499999955,-0.12287891600000005,-0.1319369555,0.38202066365715037,0.41791314528314666,ns
b0230,-0.05904587449999995,0.32018449649999986,0.3792303709999998,0.3824521084256268,0.4174229405069098,ns
b0180,0.4502654330000011,0.38505030750000113,-0.06521512549999997,0.3828679242313545,0.4169510162922556,ns
b3475,-0.2226132005000005,-0.1444742715,0.0781389290000005,0.3828984470467694,0.4169163950531648,ns
b0530,-0.29322857450000006,0.13647071649999998,0.42969929100000004,0.3831698957799741,0.41660861913998887,ns
b3147,-0.33847076100000034,-0.4136395879999996,-0.07516882699999927,0.3835579776199247,0.4161689799358915,ns
b2237,-0.11366679200000056,0.05509451299999975,0.1687613050000003,0.3836995431232886,0.4160087179222278,ns
b3884,-0.055442556500000094,-0.2219822524999997,-0.1665396959999996,0.38382996964812255,0.4158611183325524,ns
b0607,0.6017285805000001,0.7738519814999991,0.172123400999999,0.3845764450027092,0.4150173194699308,ns
b1011,0.02837925150000009,-0.3420491169999999,-0.3704283685,0.38463960383126417,0.414946001325105,ns
b3889,0.5011452683350086,0.7735512653317667,0.27240599699675805,0.3847033657248025,0.414874014084879,ns
b4240,0.40060899,0.23997268049999976,-0.16063630950000024,0.38529436437036135,0.4142073432858669,ns
b3270,-0.07581682800000004,0.16542555899999994,0.241242387,0.38575614363062377,0.4136871485476866,ns
b0041,-0.3604562805,-0.5330866485000001,-0.1726303680000001,0.3858180520921465,0.4136174559544683,ns
b3992,-0.252435233499999,-0.33666671949999927,-0.08423148600000024,0.3861405591256549,0.4132545789008513,ns
b3668,-0.1429800934999996,-0.06371514149999985,0.07926495199999975,0.38646948957660476,0.4128847864327148,ns
b4271,0.055548992000000304,0.23461131150000053,0.17906231950000023,0.38687591454788123,0.4124283069925013,ns
b1885,-0.34377543600000005,0.059313247499999985,0.40308868350000004,0.3869139248779887,0.412385639912131,ns
b0250,-0.6113554915000003,-0.6776769130000004,-0.06632142150000009,0.38703101623748004,0.4122542297071096,ns
b0226,0.827752394,0.9919585040000003,0.1642061100000003,0.3871320402367393,0.41214088364829105,ns
b1727,-0.3536618379999998,-0.556741358,-0.20307952000000024,0.38741940187702917,0.41181863370173116,ns
b1621,-0.6356056814999997,-0.8063064424999997,-0.17070076099999998,0.38756508659695466,0.4116553528318621,ns
b2876,-0.5080735849999999,-0.04255139750000005,0.46552218749999985,0.38757011781524,0.4116497150274477,ns
b0584,0.17315961300000102,0.02106998050000055,-0.15208963250000046,0.387675158669078,0.411532026690971,ns
b4538,0.9747992415,1.262157846,0.28735860450000006,0.3879414488582492,0.4112338165619881,ns
b0599,0.0306981820000009,-0.07411277749999895,-0.10481095949999986,0.38810094282751256,0.411055302211573,ns
b1522,-0.06636635649999985,0.1922305700000002,0.25859692650000005,0.3884385484203895,0.4106776774882039,ns
b0057,0.15877049950000055,0.39744373900000024,0.2386732394999997,0.3884420928380679,0.4106737146631377,ns
b3789,0.2908660665,0.15896175899999934,-0.13190430750000068,0.3893997664444863,0.40960431329852753,ns
b4143,0.35923641500000064,0.30575387499999973,-0.05348254000000091,0.3895394513798525,0.4094485517297256,ns
b1495,-0.0207116775,0.12522069499999985,0.14593237249999985,0.3895528446877863,0.4094336198923554,ns
b3850,0.3096089709999994,0.36841861699999967,0.05880964600000027,0.39001720579084165,0.4089162334473646,ns
b4660,0.40220674450000016,0.541229158,0.1390224134999999,0.39034305717261586,0.40855354079893935,ns
b4198,-0.8892864795,-0.6206505775,0.268635902,0.39076410602506717,0.40808533561645566,ns
b3104,0.08055686400000028,0.33438539700000036,0.2538285330000001,0.39101356719759595,0.4078081734050846,ns
b1068,0.805744342500001,0.9106534485000011,0.10490910600000003,0.3911431526955844,0.40766426805774275,ns
b1207,-0.6142545095000012,-0.6376623215000015,-0.023407812000000305,0.39121394096898965,0.4075856774579867,ns
b1762,-0.4864267410000005,-0.3799499945000004,0.10647674650000011,0.3912646170429818,0.40752942457002,ns
b2202,0.458299051,0.7710859065000004,0.3127868555000004,0.39132705634247045,0.40746012395208203,ns
b2883,-0.2429416634999999,-0.08396789299999981,0.1589737705000001,0.3914021629817283,0.4073767786564707,ns
b3235,-0.3020432400000001,-0.17262832399999928,0.12941491600000082,0.3919881847025631,0.40672702327498195,ns
b1901,-0.20634941450000022,-0.07507189750000019,0.131277517,0.3920109736035735,0.4067017755592021,ns
b0407,0.4844662375000022,0.4215394830000019,-0.06292675450000029,0.39211607477566185,0.40658535345784186,ns
b3778,-0.3991912859999997,-0.46956629650000004,-0.07037501050000033,0.3926312443231985,0.4060151436121114,ns
b3028,0.0635509899999995,0.1370408939999996,0.0734899040000001,0.39388798730201047,0.40462726399411525,ns
b0137,0.4032674404999998,0.1431712524999998,-0.260096188,0.3942547933964139,0.4042230177632776,ns
b0784,-0.019009984999999854,0.15270911299999976,0.17171909799999963,0.3943473105755827,0.4041211166895264,ns
b3614,-0.286878014,-0.31506107749999973,-0.028183063499999716,0.3945153877357404,0.4039360528388683,ns
b4309,0.03618504200000005,0.1147319139999998,0.07854687199999974,0.39462932145673646,0.4038106492567402,ns
b1397,-0.24726724649999984,-0.14473930349999975,0.1025279430000001,0.3950686754173026,0.4033274037094075,ns
b2646,0.34478118300000005,0.7537605635,0.40897938049999993,0.39541298089300253,0.40294907746629244,ns
b1789,0.1389556090000004,0.3721583500000003,0.2332027409999999,0.39547236580312106,0.4028838580538226,ns
b4362,-0.0027988235000005017,0.0765119134999996,0.0793107370000001,0.3957563820321538,0.40257207290527974,ns
b1562,-0.35713044550000017,-0.04476594799999975,0.3123644975000004,0.3966520021354968,0.4015903492330821,ns
b2300,0.1578905594999997,0.24579445099999964,0.08790389149999994,0.39667513928216847,0.4015650170980655,ns
b2798,0.15311057599999994,0.285004373,0.13189379700000003,0.3966894669564728,0.40154933091836803,ns
b4371,-0.6541104714999997,-0.7612996110000001,-0.10718913950000042,0.39678242935456276,0.4014475678770117,ns
b1275,0.12172952350000041,0.05206372300000025,-0.06966580050000015,0.3977160698922453,0.40042686080046946,ns
b2617,-0.8002793295000004,-0.6983236964999993,0.1019556330000011,0.3983517836902071,0.3997332338640973,ns
b1487,-0.30486660249999975,-0.46160109299999985,-0.1567344905000001,0.3986625043506165,0.39939460938247734,ns
b2685,-0.1624296979999999,-0.004032909500000202,0.1583967884999997,0.39873803089000537,0.39931234016408,ns
b3379,-0.41532411249999995,-0.04990551249999996,0.3654186,0.3988185533741077,0.3992246461463173,ns
b3394,0.3669775915,0.5380727210000001,0.17109512950000016,0.39982477958882934,0.39813029349653317,ns
b4231,-0.056857870999999845,0.15707769349999995,0.2139355644999998,0.39986754652055423,0.3980838420254677,ns
b3452,-0.3484880865000001,-0.12913698300000015,0.21935110349999998,0.3998736810496253,0.398077179390023,ns
b0843,-0.4486169125000003,-0.6544916475000002,-0.20587473499999992,0.39995167506269946,0.39799247997571185,ns
b2114,-0.22284437000000154,-0.14974653350000186,0.07309783649999968,0.4001455172128582,0.397782044097086,ns
b1924,0.0218787785000001,-0.1807749855000001,-0.20265376400000018,0.40054452685938374,0.3973491981953801,ns
b1809,0.5200635620000016,0.3548868030000012,-0.1651767590000004,0.4005638841240969,0.3973282103911428,ns
b3602,-0.6150193200000005,-0.7649282005,-0.1499088804999995,0.4007534583956459,0.3971227211118975,ns
b2088,-0.37576070250000004,-0.15007335100000002,0.22568735150000002,0.40079089118075495,0.39708215728773594,ns
b4288,-0.9160310285000002,-1.2539345929999999,-0.3379035644999997,0.4015279625516207,0.3962842049083305,ns
b4392,-0.3364647394999998,-0.3827725219999998,-0.046307782500000005,0.4026369183900911,0.3950864065014899,ns
b2976,-0.1060902889999999,-0.0823311025000004,0.023759186499999488,0.40266602610413493,0.3950550113111904,ns
b2225,-0.46758242799999994,-0.05835922349999985,0.4092232045000001,0.4026710774602801,0.3950495632172425,ns
b0878,-0.1977452999999993,-0.0733869784999994,0.1243583214999999,0.4029326674582504,0.39476752109082724,ns
b1498,-0.16810455750000014,-0.04767515750000031,0.12042939999999983,0.40320122083634524,0.39447816157819243,ns
b4539,-0.2237723284999995,-0.15203314399999976,0.07173918449999975,0.40342189022345365,0.3942405400713872,ns
b0115,0.6543153365000016,0.7158553965000012,0.06154005999999956,0.4037403634439625,0.3938978303650058,ns
b2438,0.05136721699999925,-0.032495819000000654,-0.0838630359999999,0.4038293597233015,0.3938021096066007,ns
b3525,-0.5095823125000001,-0.8324433675000001,-0.32286105500000006,0.40388196839591256,0.39374553579005966,ns
b2132,-0.03808581149999975,-0.12389626149999966,-0.08581044999999991,0.40404788791631174,0.3935671590842122,ns
b2991,-0.6204315829999996,-0.23628616849999928,0.3841454145000003,0.40417762723309814,0.3934277300045951,ns
b3173,-0.3930329844999998,-0.24910204799999988,0.1439309364999999,0.40438455720661776,0.39320543776948574,ns
b3714,-0.24503023700000076,-0.33787418900000077,-0.09284395200000001,0.4048737015188224,0.39268043181687523,ns
b0103,-0.7092299765000001,-0.6751801480000004,0.03404982849999971,0.4052080426477308,0.3923219432651987,ns
b3750,-0.5017465410000006,-0.6555905150000005,-0.15384397399999994,0.40754875804952145,0.3898204259789159,ns
b0280,-0.7375287460000002,-0.5313071635000002,0.2062215825,0.40762875888772543,0.38973518338581375,ns
b0963,-0.11065863099999969,0.02511379400000105,0.13577242500000075,0.4077300345516663,0.389627296005238,ns
b3371,-0.30659195349999974,-0.0894169939999999,0.21717495949999982,0.40784585153648545,0.38950395082396494,ns
b0523,-0.29660138300000005,-0.2088657025000002,0.08773568049999986,0.4079723524599992,0.3893692672554717,ns
b1943,-0.31821582000000026,-0.5882811035000002,-0.2700652834999999,0.40804603906274073,0.3892908335206925,ns
b2044,-0.10805003449999993,0.15731849600000003,0.2653685305,0.4081264434864751,0.3892052653389465,ns
b2450,-0.7326406939999996,-0.8205508879999996,-0.087910194,0.4082224921901544,0.38910307025943736,ns
b3061,-0.2795173615000001,-0.33802279850000017,-0.05850543700000005,0.40840134547108303,0.3889128358072028,ns
b3972,0.0878726719999996,0.02634322849999865,-0.06152944350000095,0.40844417935151334,0.3888672885957384,ns
b2409,-0.3964972504999999,-0.1818872015000001,0.2146100489999998,0.4097372192869591,0.38749458426073574,ns
b2567,0.20575698600000075,0.16213467850000013,-0.04362230750000062,0.40979669849559797,0.3874315447901667,ns
b3064,-0.04548778650000075,0.10710212649999955,0.1525899130000003,0.40988993050237127,0.38733275058071986,ns
b0646,-0.46239585500000013,-0.21454086950000015,0.24785498549999999,0.410280057445375,0.3869195923480209,ns
b2458,0.2646946045,0.0009039954999999502,-0.263790609,0.4103163024493219,0.3868812275538535,ns
b4594,-1.1600953957546611,-0.37420660448742954,0.7858887912672317,0.4114593293667521,0.3856730861005962,ns
b3896,-0.23370159200000024,-0.7617578960000003,-0.5280563040000001,0.41193066754165925,0.38517587435014994,ns
b1331,0.14269241750000006,0.39465824150000006,0.251965824,0.4124361659119459,0.38464325908366087,ns
b2163,-0.3778549269999999,-0.220647798,0.1572071289999999,0.41245789701054913,0.38462037688184736,ns
b0637,0.0133127530000006,-0.11356965399999944,-0.12688240700000003,0.41304396296239365,0.3840037210897244,ns
b1305,0.6646266175000002,0.8392309755000009,0.17460435800000074,0.4130979845613318,0.38394692387121687,ns
b2549,0.14604708850000014,0.2712659385,0.12521884999999988,0.41335374844803957,0.3836781196718261,ns
b0305,0.2340297835000002,0.46546118500000033,0.23143140150000013,0.4135546536677254,0.3834670877611847,ns
b4055,0.08552445800000096,0.20149699450000022,0.11597253649999927,0.4139248058624488,0.3830785462342534,ns
b3382,-0.11136901050000006,-0.48739682500000003,-0.3760278145,0.4139600645002971,0.38304155405716606,ns
b4071,-0.10601551099999995,-0.020461649500000047,0.08555386149999991,0.41407933293281984,0.38291644497992006,ns
b3835,-0.27679912300000087,-0.33865331850000047,-0.0618541954999996,0.4150854267612193,0.38186251400352933,ns
b1080,-0.0819364040000001,-0.4188585055000002,-0.3369221015000001,0.41529834923112985,0.38163979516326424,ns
b2975,0.024437234499999697,-0.10274576350000035,-0.12718299800000005,0.4156421188274851,0.3812804499321678,ns
b2933,-0.1280262669999999,0.13635201800000005,0.26437828499999994,0.41641828433485867,0.38047020948955734,ns
b2417,0.2682498200000012,0.21117599000000092,-0.05707383000000027,0.41661846121037704,0.38026148949111677,ns
b4157,-0.1874089995,-0.6438004575,-0.456391458,0.41680815233026985,0.3800637952809257,ns
b1513,-0.150818852,-0.391610703,-0.240791851,0.41763456487511763,0.37920356481106426,ns
b0952,0.3016348179999997,0.4776851500000001,0.17605033200000042,0.4186097954346784,0.37819061342338234,ns
b3709,0.2130048959999999,-0.07819792850000001,-0.2912028244999999,0.41862942733147135,0.378170246426194,ns
b1512,0.5012883124999998,0.42169310699999984,-0.07959520549999999,0.41872657693677906,0.3780694731888172,ns
b2635,0.10480078999999998,0.738630689,0.633829899,0.4188676601887437,0.3779231692252012,ns
b2184,-0.5237836965000005,-0.43517587400000046,0.08860782249999999,0.4197560009235972,0.3770030863766311,ns
b0119,-1.2010050775000005,-1.0516773045,0.14932777300000044,0.4207406003241602,0.37598557772397134,ns
b3877,-0.29632808549999984,-0.008545024499999901,0.28778306099999995,0.4215120261679619,0.375190029998014,ns
b3951,-0.1407250289999999,0.03248461799999975,0.17320964699999963,0.42205028272663053,0.3746358044653228,ns
b0967,-0.0986230460000001,-0.17318091900000038,-0.07455787300000027,0.42213187681805564,0.3745518513436617,ns
b0160,0.27661134850000074,0.41773342500000066,0.14112207649999992,0.422365621564543,0.3743114384203313,ns
b3105,0.5850678754999996,0.5087745804999999,-0.0762932949999997,0.422564562185063,0.374106927285621,ns
b2866,-0.09049560149999995,-0.18422512400000035,-0.0937295225000004,0.42294514134409544,0.37371595970909816,ns
b3425,-0.6094229685000006,-0.48100218600000044,0.1284207825000001,0.4231728223928909,0.37348223195540364,ns
b1511,0.20318212899999993,0.3994455290000001,0.19626340000000014,0.42363246519230013,0.37301076501026015,ns
b2413,-0.08921932800000046,0.0745329484999999,0.16375227650000035,0.42432089209139834,0.3723055845505262,ns
b1070,-0.4108329399999999,-0.2311566354999996,0.17967630450000033,0.4243209239418113,0.37230555195147597,ns
b1748,-0.3437230265,-0.5847822754999998,-0.24105924899999986,0.4245780541994437,0.37204245761796695,ns
b4230,0.05708439250000005,0.3266049504999999,0.26952055799999985,0.4246486979304619,0.3719702032228809,ns
b0737,-0.27442507450000114,-0.2355553394999998,0.03886973500000135,0.425018899676788,0.37159175737830147,ns
b3566,0.42369398550000015,0.1670698385000001,-0.256624147,0.42532152239094523,0.37128264028355945,ns
b4126,1.7768899564999998,1.9310502529999996,0.15416029649999974,0.42558943573314884,0.37100916092856645,ns
b2843,0.901968391,1.0391603464999999,0.13719195549999985,0.42604493940380994,0.37054458891199676,ns
b1362,0.609775443,1.1077899815,0.4980145385000001,0.4262630266869074,0.37032233566679,ns
b4306,0.0029216540000001,0.08250625450000015,0.07958460050000005,0.4265015341792899,0.3700794022821522,ns
b0989,-0.9566643314999997,-1.2470998419999997,-0.29043551049999994,0.4266232636016173,0.3699554663306986,ns
b4358,-0.2706481079999999,-0.020634871999999943,0.2500132359999999,0.42724285257369377,0.36932519394079816,ns
b0182,-0.7306652174999999,-0.7946702849999996,-0.06400506749999968,0.4272567702550012,0.36931104677904,ns
b3785,-0.05113372049999975,-0.08149358500000001,-0.030359864500000257,0.4273540097766179,0.3692122167880545,ns
b2953,-0.24451497450000081,-0.47222321100000064,-0.22770823649999983,0.42810817509883087,0.3684464788547538,ns
b1681,-0.9299084135000002,-0.8495664940000003,0.08034191949999991,0.4282312358036017,0.36832165782069054,ns
b2514,-0.312787761500001,-0.35392701900000123,-0.04113925750000025,0.4286293152601864,0.36791812956028175,ns
b3326,-0.26218760650000034,-0.3753315245000003,-0.11314391799999995,0.4287000444532304,0.3678464714560301,ns
b1010,-0.29489314199999994,-0.5860896955,-0.29119655350000007,0.42873766518006085,0.36780836145947976,ns
b1692,0.021444257999999806,-0.26809203350000005,-0.2895362914999999,0.4291314460005332,0.36740965996249664,ns
b2032,1.0846409274999997,1.263966194,0.17932526650000025,0.42954115782593766,0.36699521655844686,ns
b1147,1.2794834384999998,1.6098838135,0.3304003750000002,0.43000203207752913,0.36652949205303575,ns
b0954,0.29107228750000047,0.16304727650000037,-0.1280250110000001,0.43012738118668703,0.3664029101085873,ns
b0764,0.0538090549999999,0.1878047024999998,0.13399564749999993,0.43092413972453286,0.365599176704132,ns
b1316,0.04331370399999995,0.35480280350000004,0.3114890995000001,0.4309936771388327,0.3655291010779159,ns
b0543,0.7583882845000005,0.8684857145000007,0.11009743000000016,0.43114054648879163,0.3653811321257114,ns
b3537,-1.1119192004999991,-0.7815583024999997,0.33036089799999946,0.4314919273380775,0.3650273249669004,ns
b3128,-0.5635101655000001,-0.4318085425,0.1317016230000001,0.4315254901349509,0.36499354549225344,ns
b3898,-0.39444686149999986,-0.1318598684999999,0.262586993,0.43153423402555124,0.3649847455834362,ns
b0472,-0.6176060805000008,-0.7557163535000013,-0.13811027300000056,0.4323701296905862,0.36414431693575794,ns
b3149,-0.6467377175000002,-0.5362105320000006,0.11052718549999963,0.4325592688196934,0.36395437754525034,ns
b1886,-0.20049461399999985,-0.31524751549999996,-0.11475290150000012,0.4326225090625643,0.3638908882548745,ns
b0583,0.11770903099999991,0.21824402999999992,0.10053499900000001,0.43276064918445123,0.36375223639274196,ns
b4329,-0.658306979,-0.37211694350000024,0.2861900354999998,0.4329528507256256,0.3635593964517558,ns
b3065,-1.3673595950000008,-1.560495135,-0.19313553999999922,0.43309586316509446,0.36341596453418995,ns
b3384,0.1653920710000003,0.22049147650000028,0.055099405499999976,0.4333150598140974,0.3631962168495293,ns
b2715,0.11154429050000075,0.23930025100000057,0.12775596049999982,0.43370420331590165,0.3628063687941576,ns
b3634,-0.33875942749999943,-0.6013120289999998,-0.26255260150000037,0.43405516381537623,0.3624550727497198,ns
b0316,-0.3951646694999995,-0.2548736059999996,0.14029106349999992,0.43428543855531,0.36222473214156153,ns
b1459,0.3315550869999999,0.175012532,-0.15654255499999992,0.43476925447793513,0.3617411754475009,ns
b3500,-0.0413339494999993,0.0728821919999998,0.1142161414999991,0.4353467867754919,0.36116465665025743,ns
b0023,0.010241774999998999,-0.15201956500000063,-0.16226133999999964,0.4353658767433211,0.3611456132435479,ns
b0145,-0.48874324200000174,-0.5885095460000009,-0.0997663039999992,0.4353803703142655,0.361131155580581,ns
b2545,0.0848832960000001,0.3708048414999998,0.2859215454999997,0.43543275216641564,0.3610789075177514,ns
b4226,-0.4797549349999999,-0.58728464,-0.10752970500000014,0.4357798310099956,0.3607328738689329,ns
b1853,-0.00023913050000070116,-0.041450848500000206,-0.04121171799999951,0.4358207770382432,0.3606920693215917,ns
b2079,-0.5181365469999997,-0.3360501605000006,0.1820863864999991,0.4358538143377547,0.3606591489702962,ns
b1803,0.0145743074999998,0.1944037959999998,0.1798294885,0.43609095815228227,0.36042291783306024,ns
b1997,-0.1979115080000002,-0.08091128000000006,0.11700022800000015,0.4362605677628247,0.3602540397680228,ns
b4266,0.34431423399999983,0.07384777349999984,-0.2704664605,0.43630933559334384,0.360205494431702,ns
b3539,-0.1523799804999999,-0.3418197075,-0.1894397270000001,0.4363858531446529,0.36012933691229254,ns
b3564,1.2037669930000001,1.389916552,0.18614955899999996,0.4365527037379249,0.3599633176838568,ns
b0516,0.059219370500000146,0.20810475349999996,0.14888538299999982,0.43727174822430315,0.3592485811656501,ns
b0352,0.12297565799999964,0.37327540299999956,0.2502997449999999,0.4372749772661578,0.3592453741213186,ns
b0083,-1.1536035454999993,-1.0686811635,0.08492238199999935,0.4373725198812845,0.3591485071667712,ns
b0639,-0.3482111135000001,-0.29560600600000075,0.05260510749999936,0.43743298841083,0.35908846833870417,ns
b4252,0.018576855000000045,0.13630081450000014,0.1177239595000001,0.4374804833658317,0.359041316711575,ns
b3782,-0.9453419385000004,-0.832470829500001,0.11287110899999941,0.43761906467514905,0.3589037664212811,ns
b4087,0.5502733830000002,0.27932072849999995,-0.2709526545000002,0.43793945333842876,0.3585859280772424,ns
b2033,1.507039743,1.4172417619999997,-0.08979798100000025,0.4380389175570386,0.358487302899019,ns
b2650,-0.0739418395,0.1346059655,0.208547805,0.4386988523581493,0.3578335017135296,ns
b2320,-0.2587870759999999,-0.33537061499999954,-0.07658353899999965,0.43871512670456686,0.3578173910542167,ns
b2699,0.1170647385000016,0.039437953500000206,-0.07762678500000139,0.4390659879703893,0.35747020399988627,ns
b2158,0.10837998999999945,0.20009054899999995,0.0917105590000005,0.4393222491495852,0.357216801655672,ns
b0681,-0.0192965315000001,-0.095675885,-0.0763793534999999,0.43938663531961364,0.35715315700862554,ns
b2842,0.7988668624999999,0.8858275675,0.08696070500000008,0.4395174273509768,0.35702389999337264,ns
b3307,0.35952450499999955,0.16293938499999955,-0.19658512,0.43961772461519133,0.3569248059041648,ns
b0006,0.08757286050000031,0.0212720550000003,-0.0663008055,0.43976313265197153,0.3567811823352601,ns
b2618,0.2850451585,0.1963900855,-0.088655073,0.44015957244903015,0.3563898488080747,ns
b3132,-0.28264438900000005,-0.575586896,-0.29294250699999996,0.44024113919065017,0.35630937639267246,ns
b1192,-0.2862966589999995,-0.1189064969999997,0.16739016199999981,0.44051461456295343,0.35603967880979903,ns
b2754,0.35816537550000005,0.5582040280000005,0.2000386525000004,0.44052242713223555,0.35603197662347036,ns
b1289,-0.1493303029999997,0.05580406899999994,0.20513437199999962,0.4408334778469604,0.3557254316423963,ns
b2912,-0.6052396584999995,-0.5099473410000002,0.09529231749999933,0.440964017487123,0.35559684736742075,ns
b1158,0.2521021160283422,0.4712222383146487,0.2191201222863065,0.441058881731507,0.3555034279832727,ns
b4205,-0.9168885165,-0.771576216,0.1453123005,0.44153781284437965,0.3550320979607923,ns
b1542,0.3599970710000002,0.4911408310000003,0.13114376000000005,0.4417642040246109,0.3548094777457329,ns
b2194,0.14638785849999975,0.2825746689999999,0.13618681050000014,0.44180989639902624,0.35476456029946146,ns
b3822,-0.45878331149999996,-0.4034414645000006,0.05534184699999933,0.44186400542077303,0.3547113749568893,ns
b1247,0.44840109299999975,0.48875694249999935,0.040355849499999596,0.44216162701643114,0.3544189503555423,ns
b2262,0.0949584359999997,0.23901298800000026,0.14405455200000056,0.442231022522126,0.3543507949151511,ns
b4059,0.10195309599999895,0.061173430499997544,-0.04077966550000141,0.44239420004137314,0.35419057543423216,ns
b4180,-0.33445857300000004,-0.41493347650000034,-0.0804749035000003,0.44239459159664707,0.35419019104804544,ns
b2788,0.955874969,1.1931280790000003,0.23725311000000027,0.4425329856776551,0.3540543521664389,ns
b4301,-0.6321254065000002,-0.31933756500000027,0.3127878414999999,0.44266146893479896,0.3539282791444139,ns
b3082,-0.19463706400000014,0.06432582000000005,0.25896288400000017,0.4433567321346286,0.3532466926199649,ns
b0768,0.008796239499999942,0.23274079899999997,0.22394455950000003,0.4435579298982597,0.35304965206182404,ns
b0191,-0.7928929490000001,-0.7012886219999999,0.09160432700000021,0.4436083050472631,0.3530003317689657,ns
b2147,0.06437957950000014,0.19088763550000015,0.126508056,0.44416102142588587,0.35245955682405544,ns
b2575,-0.9958671624999997,-0.8687606354999997,0.12710652700000002,0.4443426785312763,0.35228197134056755,ns
b4709,-1.261228028,-1.835736791,-0.5745087630000001,0.4444222396355598,0.35220421636183136,ns
b4145,0.5668617145000006,0.37899445200000037,-0.1878672625000002,0.4453038980822515,0.35134350314364315,ns
b1660,-0.3423920534999998,-0.09493880399999985,0.24745324949999994,0.44533255874620803,0.3513155519675761,ns
b0013,0.291010149,-0.012856138499999899,-0.3038662874999999,0.44595732495675394,0.3507066982890561,ns
b1156,-0.9347058740000004,-0.5370114810000003,0.3976943930000001,0.44657960047710976,0.35010111915658265,ns
b0621,0.17364915599999992,0.2570179035,0.08336874750000006,0.4466937497824706,0.34999012421044046,ns
b3904,-0.435588538,-0.2686059495,0.16698258850000003,0.44678903751652776,0.34989749134086706,ns
b3557,-0.4928072859999999,-0.13185871700000001,0.3609485689999999,0.44692833783936214,0.34976210768672217,ns
b3193,0.04467002049999945,-0.06883846000000121,-0.11350848050000066,0.44703446720831286,0.3496589906459248,ns
b1483,-0.4749954854999997,-0.22373142899999984,0.25126405649999983,0.4471174463783514,0.34957838377092626,ns
b2349,0.06722433050000019,-0.045382798499999946,-0.11260712900000014,0.4471559270045562,0.349541008346076,ns
b0323,-0.2131109515000001,-0.08142615500000006,0.13168479650000003,0.4473143014894598,0.34938721638431897,ns
b1029,0.4481298815,0.6144166165,0.16628673500000002,0.44760019073115764,0.34910973708231213,ns
b3939,0.5117019335000008,0.4422075370000007,-0.06949439650000011,0.44783807078141014,0.3488789897487431,ns
b0614,-0.060879366999999907,0.05292031850000005,0.11379968549999996,0.4479581513430849,0.34876255629134834,ns
b1351,0.048754277488511494,-0.5345823029272628,-0.5833365804157743,0.4482025746834877,0.34852565300484045,ns
b3188,-0.5642390439999998,-0.4419944159999998,0.12224462800000002,0.4484865326548471,0.3482505936042814,ns
b1152,0.5061644815000002,0.749581592,0.2434171104999998,0.44863591064524644,0.3481059666628148,ns
b0531,-0.20955054500000003,-0.11524791799999999,0.09430262700000004,0.4487224140262462,0.3480222365850573,ns
b3080,-0.16819972649999987,0.06565789200000015,0.23385761850000003,0.4487876339279996,0.34795911830898635,ns
b1179,-0.1159246949999999,-0.0039689519999996994,0.11195574300000019,0.44879392244929506,0.347953032911891,ns
b3604,0.3097899719999999,0.5604454410000002,0.25065546900000024,0.4488396769939501,0.3479087588421699,ns
b4110,-0.8037599715,-0.5044670389999999,0.2992929325000001,0.4488502490887703,0.3478985294694001,ns
b4084,-0.6681327615000001,-0.49737638149999985,0.17075638000000026,0.44900981509991944,0.3477441654618338,ns
b0307,-0.12414458349999985,0.12621303600000022,0.2503576195000001,0.4494141398169941,0.3473532675913656,ns
b3121,-0.0941334534999999,0.025255828499999952,0.11938928199999985,0.449578173180456,0.3471947817303406,ns
b0867,-0.31758808149999984,-0.16696982049999937,0.15061826100000048,0.4496936841957939,0.34708321191655245,ns
b0570,-0.5347270434999989,-0.44170121249999905,0.09302583099999984,0.45088758107212445,0.3459317264280131,ns
b2742,1.9680254060000015,2.0781819635000014,0.11015655749999986,0.4514928744267308,0.3453490994403335,ns
b0059,-0.583695241,-0.6433546000000003,-0.0596593590000003,0.45211029888306875,0.3447555998067974,ns
b3144,-0.008623692999999898,0.10699582999999994,0.11561952299999984,0.45219496702865447,0.344674275701068,ns
b1969,0.4004457330000002,0.31204867199999997,-0.08839706100000022,0.4526121504703977,0.3442737914961464,ns
b2580,-0.3726924819999997,-0.27464344899999865,0.09804903300000106,0.45303805444966766,0.343865316434476,ns
b3567,-0.06827754349999995,0.19076395299999993,0.25904149649999986,0.45371305378264826,0.34321872546350235,ns
b0110,-0.1211995684999984,-0.22240902899999915,-0.10120946050000075,0.45446372427025405,0.3425007768600612,ns
b4155,-0.38457904450000013,-0.22205621799999964,0.1625228265000005,0.45464208593042865,0.3423303643845899,ns
b0512,-0.39789126099999983,-0.16821814099999985,0.22967311999999998,0.45474770415731636,0.34222948484133586,ns
b3834,-0.33536211650000064,-0.44703950250000046,-0.11167738599999982,0.45493482664595397,0.3420508153326892,ns
b2554,-0.7446781695000002,-0.6320219045000002,0.11265626500000003,0.45508327093832124,0.34190912905680504,ns
b1842,-0.5276048584999993,-0.345658983499999,0.18194587500000026,0.4553380896295379,0.3416660188681293,ns
b2659,-0.8417075084999994,-0.6985116229999995,0.14319588549999995,0.45589611912748507,0.34113410476818895,ns
b0623,0.7901820100000014,1.0406816800000014,0.25049966999999995,0.4565651815083368,0.34049721167052865,ns
b2937,0.21982679849999975,0.08189384449999926,-0.1379329540000005,0.4571473316414898,0.3399438108556362,ns
b0603,0.3838070625000001,0.2716747159999998,-0.11213234650000026,0.4571628518819861,0.33992906672409867,ns
b0694,-0.5041923665000003,-0.41807011150000006,0.08612225500000026,0.45724919197231795,0.339847053314145,ns
b4533,1.7295436684999999,2.093618579,0.3640749105000003,0.4576631228526521,0.3394540803339563,ns
b3941,-0.16391493099999893,-0.08896055649999995,0.07495437449999898,0.4588099095479995,0.33836721061484587,ns
b4621,-0.17238209600000004,0.31578611650000005,0.4881682125000001,0.45927084160131215,0.3379311263949014,ns
b1187,-0.6738095520000007,-0.6337582485000008,0.04005130349999986,0.4594884810207249,0.3377253715288854,ns
b4729,-0.5265695079999999,-0.39407507699999983,0.13249443100000008,0.4597710070871551,0.3374584185801367,ns
b0642,0.0541285980000001,0.024077215500000148,-0.03005138249999995,0.460540144227237,0.33673250736400917,ns
b2355,-0.6585500275,-0.4152865935000001,0.24326343399999995,0.46081013795141956,0.3364779748801418,ns
b2453,-0.0793044285000001,0.17395051949999996,0.25325494800000004,0.46085222355937083,0.3364383127477238,ns
b0263,-0.7852920285000001,-0.2977782495000001,0.48751377900000004,0.46123652234040924,0.3360763110414617,ns
b1590,0.2103566655000004,0.3267146115000003,0.1163579459999999,0.46163684663724913,0.33569953422713733,ns
b0089,0.2798928374999998,0.41662455899999973,0.1367317214999999,0.46204158110191473,0.33531893866354917,ns
b0525,0.39274429499999997,0.44030616499999997,0.047561870000000006,0.4621386782824344,0.33522768207278125,ns
b2229,-1.1012895024999998,-0.8609679805,0.2403215219999998,0.4621852996961518,0.33518387184343407,ns
b3568,-0.19866364399999978,-0.023727446499999957,0.17493619749999983,0.462187019954735,0.33518225539777846,ns
b0717,-0.4707892304999999,-0.6007267704999999,-0.12993754000000002,0.4627233807188754,0.3346785556964504,ns
b4212,0.1871069064999999,0.3815175259999992,0.19441061949999933,0.4629897021067795,0.33442866852402864,ns
b2887,-0.14641292450000004,0.00742593150000005,0.15383885600000008,0.46314420361586695,0.3342837669000836,ns
b2533,-0.5788526505000005,-0.7136367715,-0.1347841209999996,0.46387128176467385,0.3336025137869092,ns
b0238,0.6208150929999992,0.6758243734999994,0.0550092805000002,0.46404536817863795,0.33343955783639234,ns
b1950,-0.0412962265,0.06926186999999999,0.11055809649999998,0.46414665710704406,0.33334477309000166,ns
b2846,1.7282752419999998,1.5430593525,-0.1852158894999998,0.46423875567501194,0.3332586065056496,ns
b1863,0.501338910999999,0.40895793949999915,-0.09238097149999991,0.464276742418526,0.33322307143243496,ns
b3463,0.908111134499999,0.9778473889999995,0.06973625450000043,0.46436195902001487,0.3331433652994907,ns
b0719,-0.016675596000000042,0.23987210749999996,0.2565477035,0.46491176130855494,0.33262946692339707,ns
b3035,-0.4624307690000009,-0.4213270395000004,0.04110372950000052,0.4650452414082736,0.33250479519990783,ns
b4566,-0.9947231730000001,-0.4355290194999999,0.5591941535000002,0.4651685667491095,0.33238963992087844,ns
b3117,0.12631211150000005,-0.07246054499999996,-0.1987726565,0.46532152063385135,0.3322468613365,ns
b1012,-0.1547436234999999,-0.4249347350000001,-0.2701911115000002,0.4658619596851964,0.33174275075224235,ns
b0949,-0.12831602800000041,-0.1871039795000002,-0.058787951499999797,0.4659721375711098,0.3316400508226222,ns
b1009,0.05865907800000014,-0.22385150699999995,-0.2825105850000001,0.4662933257540929,0.33134080073446903,ns
b1617,-0.03322380100000026,-0.31529744700000006,-0.2820736459999998,0.46647490367562805,0.3311717163084214,ns
b1420,-1.9261130844999994,-1.6345594129999999,0.29155367149999956,0.4665886951352963,0.3310657878308136,ns
b3590,-0.06343187400000035,-0.1735011485000006,-0.11006927450000024,0.46806893471541944,0.3296901816227619,ns
b1099,-0.6346608805000002,-0.5010629775000002,0.13359790300000007,0.4680938325281775,0.32966708097600866,ns
b3794,-0.1429564119999997,-0.16615715949999948,-0.023200747499999785,0.4681146581377357,0.3296477595376644,ns
b0025,-0.1871622765,-0.13687268200000074,0.05028959449999926,0.46863583693543415,0.32916450364301447,ns
b2517,-0.27842799150000047,-0.45369059950000024,-0.17526260799999976,0.46920853135692153,0.32863409995047704,ns
b2810,-0.3080752899999996,-0.1930445214999996,0.11503076850000002,0.4695012555196815,0.32836324202504696,ns
b3150,-0.2932102249999997,-0.202572918,0.09063730699999972,0.46990377885490026,0.3279910624696375,ns
b0892,-0.43214662699999895,-0.37412880249999914,0.058017824499999815,0.47026219885264675,0.3276599298006046,ns
b0632,-0.038785741499999894,-0.1200018954999997,-0.08121615399999982,0.4709801712664232,0.326997376715795,ns
b0517,-0.1938811334999999,-0.333452993,-0.13957185950000006,0.47153941140235395,0.3264820029494315,ns
b0042,-0.09918174049999989,-0.032406594999999996,0.0667751454999999,0.4728187013390943,0.3253053541916303,ns
b1527,0.07174075649999986,0.5040126815000001,0.4322719250000002,0.4729766559099261,0.3251602936378527,ns
b0991,-0.21800667599999946,-0.1626127679999993,0.05539390800000016,0.4735734800392146,0.32461262595386703,ns
b1637,0.6345348720000006,0.6752454830000003,0.04071061099999973,0.473928268599945,0.3242873859812966,ns
b4150,-0.5203012015000006,-0.5940808525000003,-0.07377965099999972,0.4752537234206624,0.32307447192761557,ns
b0299,0.14632467549999995,-0.023250440000000053,-0.16957511549999998,0.4762026434018325,0.3222081981549042,ns
b0144,-0.8706684004999996,-0.8080852409999997,0.06258315949999993,0.4763086916695538,0.32211149342083695,ns
b4541,0.4074031325707127,0.2466388409027323,-0.1607642916679804,0.4763412866647911,0.3220817745799265,ns
b2331,0.10497403299999945,0.2156525579999995,0.11067852500000004,0.4768557393863361,0.321612985874644,ns
b4197,0.1795048969999999,0.06500660349999965,-0.11449829350000026,0.47694492742901806,0.32153176581211085,ns
b3619,-0.6948172555000003,-0.7457588645,-0.050941608999999666,0.4769801807473664,0.3214996661818501,ns
b2645,-0.208646854,-0.311124079,-0.102477225,0.4772347311318274,0.3212679577300457,ns
b1470,0.45143859057668145,0.3529977789186926,-0.09844081165798885,0.4772951001394836,0.321213024031634,ns
b1627,-0.16390776049999944,-0.3509130849999988,-0.18700532449999935,0.4773143884974995,0.32119547376096913,ns
b4366,0.2740832175,0.013686860500000009,-0.26039635699999997,0.47743435786276156,0.321086330839748,ns
b3083,0.6559802509999999,0.3127361289999999,-0.343244122,0.47796885078238965,0.3206004054257927,ns
b2609,-0.3312701900000006,-0.4164257850000004,-0.0851555949999998,0.47872432908839624,0.31991450082314776,ns
b1851,0.1388227894999998,0.2044545279999998,0.06563173850000001,0.4801630684422923,0.31861124658746315,ns
b1560,0.1587476035,-0.020866985999999997,-0.1796145895,0.48019955766452826,0.31857824432885196,ns
b3900,-0.12183940249999986,0.1413176985000001,0.26315710099999995,0.4804261783043188,0.31837333602484336,ns
b2314,-0.2841947809999996,-0.17836955400000004,0.10582522699999958,0.48061975394368994,0.3181983832357502,ns
b0338,-0.6065879284999993,-0.5151351074999995,0.09145282099999985,0.4809067196596624,0.31793915453209226,ns
b0688,-0.3362536690000004,-0.31254704050000015,0.02370662850000027,0.48121280808272615,0.3176628218857571,ns
b1680,-0.5158229729999997,-0.42953787899999973,0.08628509399999995,0.48133004070439445,0.3175570323492071,ns
b2383,-0.2226231865000001,-0.0932695385000002,0.1293536479999999,0.48147786717751595,0.3174236719529437,ns
b4090,0.7580163409999999,1.018671774,0.26065543300000005,0.4816582184327297,0.31726102503932607,ns
b0787,0.5923491169999999,0.7656910549999998,0.17334193799999986,0.48175073578736183,0.3171776133655098,ns
b2412,-0.08123249250000075,0.005523084999999199,0.08675557749999996,0.4821860299846236,0.3167853762656535,ns
b1033,0.06359272550000035,0.10278840850000029,0.03919568299999994,0.48220574993604226,0.3167676152970015,ns
b2981,-0.23764882000000004,0.009634920000000102,0.24728374000000014,0.48243625571418225,0.3165600618444004,ns
b2980,-0.3654885124999989,-0.43126842099999907,-0.06577990850000015,0.48314408154197686,0.31592333614823087,ns
b3021,0.44975343950000024,0.5247447605000004,0.07499132100000017,0.4842241517994633,0.31495355291235866,ns
b2786,-0.4135433810000002,-0.3638234955000006,0.049719885499999616,0.4844150970448755,0.3147823303078621,ns
b1698,-0.1573510720000002,0.22404252149999998,0.3813935935000002,0.48450276122756897,0.3147037435203793,ns
b1788,-1.2831584925,-0.6193659810000003,0.6637925114999996,0.4848178516091275,0.31442139727287494,ns
b3871,-0.31845525900000116,-0.3579549325000002,-0.039499673499999055,0.48496336138623275,0.31429107077678037,ns
b3433,0.7264402250000002,0.7492022499999997,0.022762024999999575,0.4852983990256572,0.31399114139740686,ns
b0448,-0.3870934789999998,-0.2944032399999996,0.09269023900000017,0.4865233892813471,0.31289627648164103,ns
b2944,-0.5434420315000001,-0.7795272990000002,-0.23608526750000003,0.4871584597103428,0.3123297513434165,ns
b0097,-1.2163056564999999,-1.2763721019999998,-0.060066445499999954,0.48774564099140705,0.31180660322885756,ns
b0613,-0.012719395500000008,0.15730132249999995,0.17002071799999996,0.48789641538549167,0.3116723726727708,ns
b3636,0.2625474450000018,0.030777755000000802,-0.23176969000000103,0.4881978140325447,0.3114041695229451,ns
b2173,-0.1286429735000003,-0.015809933000000748,0.11283304049999957,0.48861626478926123,0.3110320805663116,ns
b3325,-0.2128105865,-0.12153438650000001,0.0912762,0.48899638614929825,0.310694350449422,ns
b2176,-0.8644258390000004,-0.7125566560000007,0.15186918299999963,0.4901067236845933,0.3097093394398557,ns
b0568,-0.16177499250000024,-0.07977059500000025,0.08200439749999999,0.4902307626231254,0.30959943968066966,ns
b0195,-0.6108132829999993,-0.4978466279999991,0.11296665500000014,0.49025090913387537,0.30958159229259186,ns
b3200,-0.2221367299999994,-0.1383298254999991,0.0838069045000003,0.49056456003868154,0.30930382982630544,ns
b1659,-0.18046030849999983,0.010939295500000048,0.1913996039999999,0.49064061123220215,0.30923650728312824,ns
b4136,-0.29399849049999993,-0.24321968599999974,0.05077880450000019,0.4910372549880133,0.30888555671220935,ns
b3575,0.25901992500000004,0.1200940155000001,-0.13892590949999994,0.49112806251204166,0.30880525005504994,ns
b3338,-0.13222115850000035,-0.20468445700000035,-0.0724632985,0.4913299071842162,0.3086267996149004,ns
b2445,0.9132778922725038,0.6291886882410302,-0.28408920403147353,0.49239039739029444,0.3076904252798601,ns
b1460,0.4103887989999998,0.3233498994999999,-0.08703889949999988,0.493450720738303,0.3067562123561482,ns
b0306,-0.3949103494999999,-0.2346784574999998,0.16023189200000013,0.49346542256561143,0.30674327321736167,ns
b3935,-0.6478234685000004,-0.5093074304999998,0.13851603800000056,0.49356994746774485,0.30665129153207277,ns
b1206,-0.1963554660000008,-0.020880342000000746,0.17547512400000007,0.4948826466281372,0.30549777473153217,ns
b2167,0.7656774970000004,0.6937780225000001,-0.07189947450000034,0.49490441748521974,0.305478669686737,ns
b0718,-0.40263711950000003,-0.26525235599999997,0.13738476350000006,0.4952129729227678,0.30520798677676175,ns
b3180,-0.9806625180000009,-0.9174800230000013,0.06318249499999962,0.4954358015805851,0.3050126132788628,ns
b4127,1.0113414929999998,1.2784999495,0.26715845650000025,0.495461935974143,0.304989704713261,ns
b3471,-0.2815183050000005,-0.447544728,-0.16602642299999948,0.4957927273233511,0.30469984809361633,ns
b1571,0.6482971555000001,1.0313746560000001,0.3830775005,0.4970446171737526,0.3036046251044029,ns
b2674,-0.9102533450000001,-0.7914818545000002,0.11877149049999991,0.49718263867043144,0.30348404507720217,ns
b3443,-0.367252174025219,-0.09050054876971533,0.2767516252555037,0.49731172400271684,0.30337130226050013,ns
b2553,0.3931300244999987,0.47751320599999847,0.0843831814999998,0.4973314758964532,0.30335405358588224,ns
b1308,-0.4152501039999996,-0.5061609870000003,-0.09091088300000072,0.49755631905188435,0.30315775377427384,ns
b1212,-0.2864552020000004,-0.20750352550000034,0.07895167650000007,0.4976538897601741,0.3030725970506667,ns
b4297,0.5359601665000002,0.5710229205000001,0.03506275399999992,0.4980574496268445,0.3027205596159678,ns
b1807,0.1445443495000011,0.09024478000000075,-0.054299569500000366,0.4996865386055246,0.3013023501533431,ns
b4748,0.0,0.7001355435,0.7001355435,0.49999999999999956,0.3010299956639816,ns
b4612,0.0,0.5681300656809327,0.5681300656809327,0.49999999999999956,0.3010299956639816,ns
b3444,-0.341609338,0.029485577000000013,0.371094915,0.49999999999999956,0.3010299956639816,ns
b3044,0.2527595165,0.0,-0.2527595165,0.49999999999999956,0.3010299956639816,ns
b0298,0.1644048735,0.0,-0.1644048735,0.49999999999999956,0.3010299956639816,ns
b4733,0.298206876,0.0,-0.298206876,0.49999999999999956,0.3010299956639816,ns
b0601,0.41569995800000004,0.32609664349999984,-0.0896033145000002,0.5001628618095022,0.30088855872704723,ns
b2637,-0.0337548704999997,-0.17336929799999962,-0.13961442749999992,0.5008774973552385,0.30026847917886834,ns
b0850,-0.35473372850000023,-0.28856063299999984,0.06617309550000039,0.5012906104290905,0.2999104299910232,ns
b0778,-1.0119085584999996,-1.1036602324999993,-0.09175167399999973,0.5019986541779857,0.2992974471654546,ns
b0930,-0.24499278399999985,-0.1949393634999996,0.05005342050000025,0.5022474443372769,0.2990822644613302,ns
b0269,-0.30964172299999965,-0.4576763154999999,-0.14803459250000023,0.5024808691035163,0.2988804684367032,ns
b3413,-0.6645074685000001,-0.4966014004999999,0.16790606800000019,0.502894588064043,0.29852303804494956,ns
b0154,-0.11548158350000025,-0.044082306000000855,0.07139927749999939,0.5029604712623369,0.2984661457337864,ns
b3395,0.5772851869999998,0.702323783,0.12503859600000022,0.5030524944737446,0.298386693133484,ns
b2766,-0.6435492060000001,-0.8726685065000002,-0.22911930050000007,0.503960434111193,0.29760355863719384,ns
b2838,0.9605844860000001,1.0076478930000001,0.047063407,0.5046256717127717,0.2970306594870916,ns
b3811,-0.29627989349999906,-0.22945117349999886,0.0668287200000002,0.5048486797811973,0.29683877511683626,ns
b2165,0.421120991,0.12637687449999996,-0.29474411650000004,0.5055080062882558,0.2962719616174418,ns
b2745,0.07032287450000035,0.08417988050000111,0.013857006000000754,0.5057576649568563,0.2960575266031457,ns
b2669,0.32216369499999953,0.19541935500000024,-0.1267443399999993,0.5059310471595555,0.29590866869116567,ns
b3281,1.2621280269999997,1.3680958524999998,0.10596782550000006,0.5064352941526765,0.29547603537296413,ns
b3062,0.501937592,0.38184467199999994,-0.12009292000000005,0.5067732315004012,0.2951863332493199,ns
b4108,0.1944067234999997,0.3659177840000001,0.17151106050000037,0.5079025993399529,0.29421956453681003,ns
b4476,-0.39719307049999997,-0.3121485335,0.08504453699999998,0.5083744045128586,0.2938163233002766,ns
b2644,0.0243009441160673,-0.11185984489001234,-0.13616078900607964,0.5088300178394598,0.29342727590231266,ns
b0636,-1.1366131530000008,-1.2713389885000006,-0.13472583549999984,0.5089828880295458,0.29329681836907007,ns
b2719,-0.6179724624999995,-0.2745712839999997,0.3434011784999998,0.5094354494572929,0.29291083760557535,ns
b0440,-0.373135125000001,-0.47454365499999973,-0.10140852999999872,0.5095228045179696,0.29283637366995646,ns
b2398,-1.0316076490000001,-0.9023487365000001,0.1292589125,0.5097976593086191,0.2926021628873167,ns
b3653,0.4445062955000001,0.6041750179999998,0.15966872249999975,0.5100498952383957,0.292387337300522,ns
b0910,0.6764976985000004,0.5930458209999996,-0.08345187750000083,0.5101343339366744,0.29231544585237657,ns
b2038,0.9483569350000005,0.8772473125000007,-0.07110962249999986,0.5103002891887611,0.2921741855516651,ns
b1865,0.22582480449999925,0.3135237990000004,0.08769899450000113,0.5103938717377582,0.2920945487979702,ns
b1558,0.0506299260000003,-0.6043991344999996,-0.6550290604999999,0.5106648450085431,0.2918640386479116,ns
b2268,-0.3322019750000002,-0.4449273315000002,-0.11272535649999998,0.5111027840644878,0.2914917533618219,ns
b0225,-0.3256922464999996,-0.2295522369999996,0.09614000950000001,0.5116299978211191,0.29104399995130203,ns
b1390,0.1225250564999999,0.3464478835,0.2239228270000001,0.5120998954282165,0.2906453128493633,ns
b2051,-0.724563909,-0.35009885949999997,0.37446504950000004,0.5127680587946533,0.29007903559780057,ns
b4148,0.12244738799999941,0.19680347849999963,0.07435609050000022,0.5130066764495479,0.2898769827900757,ns
b3179,0.8058338849999993,0.8524095329999986,0.04657564799999925,0.5132501396257487,0.2896709238108845,ns
b2791,-0.45585341099999965,-0.5491652884999998,-0.09331187750000014,0.5137867033965833,0.2892171392993613,ns
b2042,0.08159764149999921,0.03591253649999965,-0.04568510499999956,0.514715862677567,0.2884324473177737,ns
b3190,0.26547934700000025,0.39458317100000073,0.12910382400000048,0.5149627346629104,0.28822419759149515,ns
b4218,-0.21981028149999998,-0.3030546380000003,-0.08324435650000034,0.5150998912628877,0.28810854179857626,ns
b1414,-0.30516582150000054,-0.24531121200000022,0.05985460950000032,0.5151489189873676,0.28806720718113993,ns
b3561,0.17065797049999995,0.249318385,0.07866041450000005,0.5157199671118382,0.28758605370358264,ns
b3441,-0.5143543245000002,-0.38622596750000016,0.12812835700000003,0.5157649638104738,0.28754816305225495,ns
b2979,-0.09421137250000021,-0.00461224500000015,0.08959912750000006,0.5158424908100059,0.2874828871607171,ns
b2211,-0.219468172,-0.2952274429999995,-0.07575927099999949,0.5158565369843185,0.2874710616654286,ns
b0520,-0.06278527749999985,0.06732696750000008,0.13011224499999993,0.5164469617929612,0.2869742731441529,ns
b0193,-0.7149149835000003,-0.43645947450000033,0.27845550899999993,0.5170119578947794,0.2864994120556504,ns
b0340,-0.049016196999999595,0.2510384170000002,0.3000546139999998,0.5173954501770739,0.2861773946602145,ns
b3560,-0.517457116500001,-0.5718562940000016,-0.05439917750000056,0.5178675655384761,0.2857812883425351,ns
b3828,0.3017809065000008,0.4277673810000011,0.12598647450000033,0.5181789516680855,0.28552023195238935,ns
b3701,-0.5454085975000007,-0.4686368269999992,0.0767717705000015,0.5183292515173321,0.28539428138988415,ns
b1246,0.48531334849999874,0.5283546319999988,0.04304128350000003,0.51883343676441,0.2849720431231495,ns
b3385,0.6258621525000003,0.6988149175000005,0.07295276500000014,0.5196588490524534,0.2842816728962836,ns
b0908,0.1934923230000018,0.22510937750000254,0.03161705450000074,0.5201603776068654,0.2838627325747279,ns
b0561,0.15610700800000005,0.4034076675,0.24730065949999996,0.5203054418566284,0.28374163180923767,ns
b3334,-0.11962084949999971,-0.1912277874999997,-0.07160693799999998,0.5209045387795859,0.2832418584276579,ns
b0732,0.019849686999999804,0.11160395499999959,0.09175426799999978,0.5209920901625495,0.2831688702222306,ns
b3803,0.04392052700000045,-0.0037298904999993505,-0.047650417499999806,0.5213227115177606,0.2828933545435667,ns
b4610,-0.20327416999999995,0.13452495949999993,0.3377991294999999,0.5214723034236415,0.2827687529895196,ns
b0300,-0.034553181999999995,0.0524678345,0.08702101649999999,0.5215894102759624,0.2826712345794356,ns
b0303,0.025612675296236898,-0.28979068462717716,-0.31540335992341406,0.5227073224535772,0.281741415955611,ns
b4360,-0.4789870229999993,-0.416849091,0.062137931999999285,0.5232762167579856,0.2812690037764696,ns
b3428,-0.015289660500000048,0.00468428399999965,0.0199739444999997,0.5233696681316675,0.28119145048626876,ns
b0354,0.29204834549999914,0.312643363499999,0.020595017999999854,0.5241418051145509,0.28055119994918576,ns
b2908,-0.09407358249999959,-0.04706000500000005,0.047013577499999536,0.5245513124786532,0.28021202198647316,ns
b0252,-0.084149673,-0.3823598569999999,-0.29821018399999993,0.5248736480490146,0.279945230992935,ns
b2124,0.376051778499999,0.41787800699999966,0.04182622850000067,0.5250478981747817,0.2798010757099834,ns
b0357,-0.35418769500000025,-0.47776321899999985,-0.1235755239999996,0.5251270124247827,0.27973564112011934,ns
b3094,0.0758083700000007,0.13625185650000035,0.06044348649999966,0.525396906955908,0.2795124882609029,ns
b1572,0.5996193950562736,1.0673106232234817,0.4676912281672081,0.5255257878537367,0.27940596803195217,ns
b3818,0.0113974775000001,0.41677040350000016,0.4053729260000001,0.5255495770476459,0.27938630908837786,ns
b4086,0.40887432499999987,0.4999587324999999,0.09108440750000002,0.526026969382815,0.2789919890137931,ns
b4038,0.40091313100000003,0.2746900474999999,-0.1262230835000001,0.5261455270433273,0.27889411734704517,ns
b3249,-0.3228369034999998,-0.23394306750000024,0.08889383599999959,0.5261601378810477,0.2788820573412696,ns
b4282,0.3656581139999997,0.20672298349999968,-0.15893513050000002,0.526209259806294,0.2788415138189336,ns
b4004,1.6752558155000004,1.7642717865000002,0.0890159709999998,0.5262696831222835,0.2787916477139294,ns
b3867,-0.5942895099999994,-0.4980458885000001,0.09624362149999932,0.5263897131076336,0.2786926064462352,ns
b0554,-0.07107158449999985,-0.504651505,-0.43357992050000016,0.5267903193353043,0.27836221453388416,ns
b0044,-0.2512882390897815,-0.07808271042687609,0.1732055286629054,0.5269565386855031,0.2782252022208677,ns
b1684,-0.18164082399999998,-0.09808215299999955,0.08355867100000043,0.5272059065133832,0.278019732799858,ns
b1050,-1.3071407030000002,-1.6482931765000002,-0.3411524735,0.5273518335493667,0.2778995396525603,ns
b0496,0.24980197900000006,0.16336778599999996,-0.0864341930000001,0.5274107276795578,0.2778510407832882,ns
b1884,0.45101416800000005,0.5276408385000001,0.07662667050000005,0.5279909651174948,0.277373508968438,ns
b3360,0.9438518330000001,0.8028310615,-0.14102077150000003,0.5283749239478671,0.27705780167349775,ns
b1705,-1.0083526955,-1.153799243,-0.14544654749999997,0.5297357099300113,0.27594074992108236,ns
b0940,-0.0504257599999998,0.16527965700000016,0.21570541699999995,0.5301826965110991,0.27557445037202355,ns
b4363,-0.6632255355000005,-0.3482318325000004,0.3149937030000001,0.5310067440867905,0.2748999630972898,ns
b0633,-0.7365078915000018,-0.694327626000002,0.04218026549999987,0.5314748302017489,0.27451729814600295,ns
b1245,0.21826626950000033,0.18894906200000025,-0.02931720750000008,0.5320734872390228,0.27402838105397065,ns
b4192,0.4411308265,0.33984633350000015,-0.10128449299999986,0.5323448220070837,0.273806965856494,ns
b1694,0.4979722474999999,0.3870858574999999,-0.11088639,0.5324341042207703,0.2737341342632459,ns
b2547,0.49615187049999987,0.6570803285000001,0.16092845800000022,0.5325537036783609,0.27363659064011087,ns
b2998,-0.0038744439999998034,0.141778349,0.1456527929999998,0.5327442509660937,0.27348122821568166,ns
b3936,-0.419963235,-0.588927515,-0.16896427999999997,0.5331970337348843,0.27311227530498067,ns
b4289,-0.8711050639999999,-0.6962057739999998,0.17489929000000004,0.5341047144988389,0.2723735885319034,ns
b3503,-0.4600360130000001,-0.5193046335,-0.059268620499999924,0.5343532613100144,0.2721715356426384,ns
b1768,0.48324062150000113,0.4435374234999996,-0.03970319800000155,0.5345214103068368,0.2720348943992839,ns
b0960,-0.2634877115000007,-0.3422810970000007,-0.07879338549999998,0.5346232733408103,0.271952139362711,ns
b1846,-0.9212770395000003,-0.7202543040000005,0.20102273549999983,0.5358642182166125,0.2709452415566764,ns
b3421,0.43512912949999993,0.5397166789999996,0.10458754949999971,0.5368335491972531,0.2701603509315579,ns
b3148,-0.00692660849999965,0.0858637420000004,0.09279035050000005,0.5377961039833958,0.2693823483095216,ns
b1286,-0.435834636500001,-0.47031008600000135,-0.034475449500000366,0.5383407910809557,0.2689427116385369,ns
b3250,-0.4834175094999993,-0.5710342889999995,-0.08761677950000024,0.5384178732963211,0.26888053172403836,ns
b1094,0.09714011499999925,0.17888566999999875,0.0817455549999995,0.5390616500163492,0.26836156369855557,ns
b1605,-0.30853029800000015,-0.26207197650000014,0.04645832150000001,0.5391404059018594,0.2682981187322479,ns
b1150,0.33241460453008675,-0.11379756025366397,-0.4462121647837507,0.5394109407849622,0.2680802490689836,ns
b1676,0.15971521500000024,0.11175745850000045,-0.047957756499999796,0.5395493638940185,0.2679688151404133,ns
b0807,-0.400171153,-0.3505629940000001,0.049608158999999874,0.5396367026491167,0.26789852005293185,ns
b3182,-0.3943999959999997,-0.42811113399999984,-0.03371113800000014,0.5399297988055453,0.26766270309054935,ns
b0870,-0.09958873300000001,-0.014349811499999844,0.08523892150000018,0.5399383641373425,0.2676558135896585,ns
b3973,0.34417775599999967,0.3163688224999994,-0.027808933500000244,0.539973627709664,0.2676274505841683,ns
b2961,-0.2303485804999998,-0.29703768749999915,-0.06668910699999936,0.5402890428791353,0.2673738399110752,ns
b0887,0.6203082010000003,0.5631158360000001,-0.057192365000000134,0.5403997107310887,0.2672848921221121,ns
b3622,0.7568918594999992,0.8701969680000001,0.11330510850000097,0.5406030373521435,0.26712151856779676,ns
b2323,0.6151436119999998,0.6536843230000002,0.03854071100000045,0.5413145733694951,0.266550280596438,ns
b0528,-0.9828078764999999,-0.8884646500000004,0.09434322649999949,0.5422033496847327,0.2658378037140322,ns
b2322,0.5260168975000001,0.37227430750000035,-0.1537425899999998,0.542319554685323,0.2657447357105521,ns
b0641,-0.6586824425000013,-0.6100738375000017,0.04860860499999964,0.5427256525907269,0.26541965047634875,ns
b4042,-0.2485832915000001,-0.2198292355000002,0.028754055999999917,0.5429251232093436,0.2652600614227177,ns
b0254,-0.24701759399999965,-0.05904358899999984,0.1879740049999998,0.542972981888415,0.2652217801877698,ns
b1374,-0.04399723549999954,0.20832254900000025,0.2523197844999998,0.543252321095573,0.2649984094403033,ns
b2768,0.1989565550000001,0.0067537470000000495,-0.19220280800000003,0.5433256727777928,0.26493977355580284,ns
b0234,-0.7573527450000002,-0.4929238439999999,0.26442890100000027,0.543755352899659,0.2645964546840348,ns
b1456,-0.04618865800000024,0.1178098769999995,0.16399853499999972,0.5438087013546082,0.26455384764947815,ns
b4178,0.9109372769999999,1.0608473419999993,0.14991006499999937,0.5438170026007796,0.2645472181897438,ns
b2208,0.018520971,0.3168081725000001,0.2982872015000001,0.5442667389880695,0.2641882053032013,ns
b0460,0.47054068600000143,0.545558616000001,0.07501792999999957,0.5442987680315934,0.26416264866599876,ns
b0539,-0.38220201100000006,-0.10308874450000019,0.2791132664999999,0.5457194544296833,0.26303056371573746,ns
b1022,0.35267647999999996,0.1872055050000001,-0.16547097499999985,0.5465999740885856,0.26233039323096247,ns
b2570,-0.5203914340000004,-0.3720972220000007,0.1482942119999997,0.5470647892921592,0.26196123680034444,ns
b0532,0.08459217900000005,0.30017404800000014,0.2155818690000001,0.5471368345522247,0.261904046501487,ns
b2481,-0.06406815349999995,-0.2272402635,-0.16317211000000006,0.5473134549643195,0.26176387518120897,ns
b4098,0.3865511195,0.152631131,-0.23391998849999998,0.5474493137182671,0.26165608432615167,ns
b3287,-0.1597548660000001,-0.07906153399999916,0.08069333200000095,0.5482185179654728,0.26104629875932217,ns
b1700,0.2527871740470626,0.030577148458203002,-0.22221002558885958,0.5488072904217771,0.26058012804307146,ns
b0248,0.02346085449999995,-0.090361869,-0.11382272349999994,0.5489304122135676,0.26048270747553054,ns
b4221,0.031193114499999747,0.10829178499999956,0.07709867049999981,0.5497535038774322,0.25983199396392564,ns
b3647,-0.009979402000000151,0.07948820849999991,0.08946761050000006,0.5498502282779085,0.2597555903063675,ns
b3257,-0.694066088,-0.6019320240000001,0.0921340639999999,0.5505802616843228,0.2591793621312762,ns
b2566,-0.032111597000000054,-0.00526270599999985,0.026848891000000204,0.5511060720232066,0.2587648039416038,ns
b1689,-0.4690267684999999,-0.04453919250000005,0.42448757599999987,0.5514934621775407,0.25845963164998736,ns
b1327,0.42909713000000016,0.36435246700000024,-0.06474466299999992,0.5518953655081735,0.25814325286837936,ns
b2906,0.11182722549999989,0.15459407949999976,0.04276685399999987,0.5519602713092937,0.25809218055355426,ns
b0233,0.20778029250000024,0.15081670549999998,-0.05696358700000026,0.5519663439160071,0.2580874025193081,ns
b1134,-0.0668814585000001,0.014940161999999799,0.0818216204999999,0.5520672628584278,0.2580080054073616,ns
b0135,0.5518964245,0.6507900245,0.09889360000000003,0.5530780215718214,0.25721359934990873,ns
b0397,-0.3966655899999991,-0.45719323149999935,-0.06052764150000023,0.5539074080147861,0.25656282651529616,ns
b2144,-0.6968456275000001,-0.54554977,0.15129585750000007,0.554230097034385,0.2563098938893265,ns
b3480,-0.09867290349999995,0.11639671100000004,0.2150696145,0.5544491188530487,0.2561383023827187,ns
b1255,0.09622479749999921,0.06892311599999965,-0.027301681499999564,0.5554595831756733,0.2553475360793002,ns
b3644,-0.37430267899999903,-0.3046470460000003,0.06965563299999872,0.5562489272022577,0.25473081360308203,ns
b0229,0.2149969874999999,0.314768582,0.09977159450000012,0.5573365900374357,0.2538824438813385,ns
b1324,-0.44299074500000213,-0.3000924250000008,0.14289832000000136,0.5576163837416035,0.25366447439347717,ns
b4479,-0.08152193200000024,0.0008297139999994992,0.08235164599999974,0.5583455136381941,0.25309696911129465,ns
b1620,-0.011067339000000448,0.1403354649999995,0.15140280399999995,0.5595527556262122,0.2521589611512665,ns
b2583,-0.6004423629999995,-0.7147391055000003,-0.11429674250000077,0.559999276914295,0.25181253376582524,ns
b4491,0.19069225950000043,0.1208809565000004,-0.06981130300000003,0.5601708663325059,0.2516794819459493,ns
b1988,-0.3111295154999998,-0.40293013150000023,-0.09180061600000045,0.5616961283756552,0.2504985695916942,ns
b4586,0.540639874638444,0.18108387780684687,-0.3595559968315971,0.5617921407559069,0.25042434069552344,ns
b1494,0.0596620275000002,-0.019775151999999796,-0.0794371795,0.5618405151435863,0.25038694639314657,ns
b3562,-0.5982153130000001,-0.36915244999999997,0.22906286300000012,0.5622515593483535,0.2500693314184375,ns
b3753,0.19566093300000006,0.1114770314999993,-0.08418390150000077,0.5625220211250941,0.24986047149941518,ns
b0886,-0.5258047894999991,-0.4531764779999996,0.07262831149999949,0.5635459255792532,0.24907068580612973,ns
b4101,-0.0159852635,0.1570628135,0.17304807700000002,0.5638715215574843,0.2488198389863186,ns
b2304,-0.09405072549999974,-0.13687654199999993,-0.0428258165000002,0.5658089137326258,0.24733021496598606,ns
b2902,0.49567995699999967,0.3716121464999995,-0.12406781050000015,0.5659003173485004,0.24726006251870283,ns
b0442,-0.40173902549999974,-0.2096879124999995,0.19205111300000025,0.5659898844729594,0.2471913305729168,ns
b3187,-0.5043279495000004,-0.5418381949999995,-0.03751024549999915,0.5665927117766079,0.2467290162179106,ns
b2632,-0.33657524000000016,-0.17984893950000025,0.15672630049999992,0.5669496897991596,0.24645547798896625,ns
b2330,-0.47230703749999847,-0.4342671069999997,0.038039930499998764,0.5671948476649151,0.24626772288997478,ns
b0267,-0.17073981700000002,-0.05416353000000005,0.11657628699999997,0.5680577887063969,0.24560748112052677,ns
b3873,-0.11863973550000015,-0.21576504750000008,-0.09712531199999994,0.5687143976798206,0.24510577692851002,ns
b1157,0.07892592199999995,-0.1953510165,-0.27427693849999996,0.5687885753402827,0.2450491354085686,ns
b2723,-0.3704561350000001,-0.309128041,0.061328094000000055,0.5691472281135337,0.24477537492923915,ns
b1601,0.36178137900000035,0.5138055320000003,0.152024153,0.5700115769373888,0.2441163237152847,ns
b0494,-0.4425865524999999,-0.3521419739999998,0.0904445785000001,0.5710142567916636,0.24335304837647492,ns
b0577,0.1762935165000003,0.1334018450000003,-0.042891671500000006,0.5710883052739217,0.24329673321118028,ns
b2235,-0.5396797309999997,-0.5074355859999993,0.03224414500000039,0.5727090698601723,0.24206593901163345,ns
b2457,-0.9874079250000001,-0.758173899,0.2292340260000001,0.5728714365714855,0.24194283117792925,ns
b3196,0.3209961214999999,0.40364847049999986,0.08265234899999996,0.572997324780005,0.24184740566959764,ns
b0459,0.3067193989999994,0.345817284999999,0.03909788599999958,0.5731197510788948,0.24175462445663115,ns
b3563,1.2021937464999999,0.833060714,-0.36913303249999985,0.5731832785161108,0.241706487768952,ns
b3446,0.7943906934999998,0.971277802,0.17688710850000022,0.573271670564133,0.24163951927828956,ns
b2594,-0.08142804900000025,-0.13014834749999954,-0.04872029849999929,0.5738475223113118,0.24120348916257875,ns
b2205,1.5664901880000004,1.7100866985,0.14359651049999966,0.5746576209337297,0.24059082944236979,ns
b3849,0.0172967864999998,-0.04492344500000065,-0.06222023150000045,0.5747997401425056,0.24048343687514914,ns
b3271,-0.22181350850000014,-0.04525563350000025,0.1765578749999999,0.5752596904410867,0.24013605676250172,ns
b1775,0.6846125365,0.4623276565,-0.22228487999999996,0.575599642503233,0.2398794844694863,ns
b4503,-0.3931699639999999,-0.3552567555,0.037913208499999906,0.5756959561813189,0.23980682111687754,ns
b4296,-0.2237622360000001,-0.020761032,0.2030012040000001,0.5757907072961126,0.23973534849334283,ns
b0527,-0.30141062000000013,-0.5194640670000001,-0.218053447,0.5758875076617134,0.23966234222443955,ns
b2152,-0.519619730000001,-0.409025314,0.11059441600000097,0.5761869352935913,0.23943659332083844,ns
b1194,-0.6169004065000001,-0.35310678399999984,0.26379362250000027,0.5768019323591382,0.23897329334496398,ns
b3442,0.09233185199999991,0.29129962749999994,0.19896777550000003,0.5770042189222631,0.23882101137120115,ns
b0369,-0.13289019849999967,-0.059359206499999956,0.07353099199999971,0.5780640091948543,0.2380240693632552,ns
b1580,0.3999540564999997,0.21701009199999974,-0.18294396449999997,0.5782172029505976,0.23790899146962208,ns
b4747,0.5966086915184942,0.1941873756940972,-0.402421315824397,0.5782715445654756,0.23786817781960212,ns
b0590,-0.9865107419999999,-0.8208799694999995,0.16563077250000036,0.578360523425106,0.2378013579053196,ns
b3928,0.30607998149999904,0.3898066464999985,0.08372666499999948,0.5784851901547994,0.23770775497736338,ns
b4082,0.1944963904999999,0.3961361735,0.20163978300000013,0.5791916323632412,0.2371777210593924,ns
b2197,0.04756288649999975,0.19392280749999943,0.14635992099999967,0.5801584882449067,0.23645334925128147,ns
b3894,0.3490132274999991,0.47643442399999936,0.12742119650000028,0.5804011902654844,0.23627170559818556,ns
b0693,-0.2213023195,-0.08071137550000007,0.14059094399999994,0.5811569858267365,0.23570653737023547,ns
b1114,-0.29510354750000056,-0.2384708310000003,0.05663271650000026,0.5814150952514073,0.23551369685302714,ns
b1336,0.11482559750000015,0.191012035,0.07618643749999984,0.5818015227939641,0.23522514637505415,ns
b2870,-0.09452768049999999,-0.28125091250000006,-0.18672323200000007,0.5821583532904043,0.23495886654253118,ns
b2877,-0.04998649550000019,-0.18219163000000035,-0.13220513450000015,0.5821908201456263,0.23493464670127912,ns
b2170,-0.5114807909999997,-0.29452913849999973,0.21695165249999993,0.5822274992372034,0.23490728621267587,ns
b0125,-0.087742133999999,-0.0528403854999992,0.0349017484999998,0.5823192850493735,0.23483882683884413,ns
b3995,0.4338110354999989,0.49640954599999976,0.06259851050000087,0.5826480479223185,0.23459370424815162,ns
b0924,-0.1704494529999993,-0.14229461149999958,0.028154841499999722,0.5828555578020327,0.2344390579712806,ns
b4118,-0.6502502825,-0.619665949,0.030584333500000005,0.583041639605498,0.234300427736482,ns
b0653,-0.035273211999999846,-0.058870515999999797,-0.02359730399999995,0.5830957743511307,0.23426010586524623,ns
b0947,0.21751737549999994,0.28151072600000004,0.0639933505000001,0.5833430133231887,0.234075999293999,ns
b2939,-0.36362685400000005,-0.4401129250000002,-0.07648607100000016,0.5836475551763457,0.23384932933983282,ns
b4407,-0.6900949535000018,-0.8063618125000014,-0.11626685899999956,0.5847250067359373,0.23304833244081505,ns
b1633,-0.6477526560000006,-0.7235244920000006,-0.07577183599999993,0.5848937463864866,0.23292302203616458,ns
b2483,-0.38081935,-0.23149555450000006,0.14932379549999994,0.5858707252687345,0.23219820223464877,ns
b2081,-0.3993793214999992,-0.44128221599999984,-0.04190289450000062,0.5860378400367385,0.23207434099798016,ns
b2047,-0.2720620214999999,-0.21028905949999993,0.06177296199999999,0.5861845999393467,0.23196559539812336,ns
b3013,-0.30608439949999977,-0.5462979849999999,-0.24021358550000016,0.5871054478426736,0.23128388971766206,ns
b0535,-0.28869548949999996,-0.0756325225,0.21306296699999996,0.5871238301061219,0.23127029217631123,ns
b2108,0.6785173739999999,0.745116745,0.06659937100000013,0.5873402223481572,0.23111025669883595,ns
b1745,-0.07090867699999985,-0.16072066799999996,-0.0898119910000001,0.5881231509660576,0.2305317246297312,ns
b1876,-0.2642057979999999,-0.3285577129999999,-0.06435191500000004,0.5884124054013045,0.23031817968934262,ns
b2244,-0.4399902059999996,-0.5394373185000001,-0.09944711250000049,0.5886749803795861,0.23012442199994315,ns
b4014,-0.02687592000000015,-0.003256630000000099,0.02361929000000005,0.5887815481663399,0.23004580881849632,ns
b4337,-0.16567618099999978,-0.0348138775,0.13086230349999978,0.589077316394148,0.22982770032379635,ns
b2705,0.33245349149999964,0.17633199399999966,-0.15612149749999998,0.5891406969762389,0.22978097580121035,ns
b2718,-0.36952192200000056,-0.2831516445000004,0.08637027750000015,0.5893299420640749,0.22964149316098462,ns
b0576,-0.0956369370000001,-0.17442174500000052,-0.07878480800000041,0.5893448711778455,0.22963049159947196,ns
b3591,-0.012361021500000749,-0.0738889690000004,-0.06152794749999965,0.5894659733714069,0.22954125927719005,ns
b0650,-0.12008899299999995,0.023082635500000004,0.14317162849999995,0.5903023649095083,0.22892547687521,ns
b3925,-0.2212198424999987,-0.29323999699999964,-0.07202015450000093,0.5903314479127744,0.2289040805917883,ns
b1154,0.5436290414999999,0.854193669,0.31056462750000013,0.5906914980948877,0.22863927995828148,ns
b3437,-0.33477373750000017,-0.4425017855000002,-0.10772804800000002,0.5925840147123986,0.22725006803624545,ns
b2484,0.031800660999999945,-0.08094267800000005,-0.112743339,0.5927019542648682,0.2271636407970048,ns
b2616,-0.012575269500000548,-0.0561371065,-0.04356183699999945,0.5928168857915912,0.22707943441188058,ns
b2327,-0.5114596090000005,-0.44281816250000045,0.06864144650000009,0.5928647769365257,0.2270443510321806,ns
b0261,-0.12756476449999885,-0.08896137249999955,0.03860339199999929,0.5931192062344112,0.22685801252614804,ns
b1434,-1.2035188159999997,-1.2854518319999997,-0.08193301600000003,0.5931981764066072,0.22680019273766275,ns
b2486,-0.6483029695000001,-0.2814889304999999,0.3668140390000002,0.593237036171256,0.22677174351231585,ns
b2187,-0.3712689814999992,-0.2238120969999988,0.1474568845000004,0.5933163146515312,0.2267137095325634,ns
b1920,0.8591960304999997,0.8863988954999993,0.027202864999999576,0.5934290632412716,0.22663118788735434,ns
b1174,0.1956751030000001,0.24199739600000034,0.046322293000000236,0.5936131400136353,0.22649649423129783,ns
b3646,-0.6388981085000004,-0.8090830475000003,-0.17018493899999987,0.5939781997872267,0.22622949422057723,ns
b1772,0.14089338200000004,0.2840979110000002,0.14320452900000016,0.5944350035620867,0.22589562487623524,ns
b4159,-0.1847132035000003,-0.24321714800000024,-0.05850394449999993,0.5957733187124898,0.22491895025726535,ns
b1777,0.7008768874999998,0.6787876279999994,-0.022089259500000402,0.5963247316277441,0.22451717860206286,ns
b4527,0.14221704800000012,0.5828105225000002,0.4405934745000001,0.5963700854794451,0.22448414931870592,ns
b4390,-0.22083418199999946,-0.1975265054999999,0.02330767649999957,0.5991971614282043,0.22243025268340194,ns
b0063,-0.27915141950000005,-0.1887729285,0.09037849100000006,0.5994536488779246,0.22224439190587889,ns
b4052,-0.1015429340000002,-0.07348246800000074,0.02806046599999945,0.5994913052064401,0.2222171113612089,ns
b3535,1.2265795049999997,1.3395363760000003,0.11295687100000062,0.5995373510133899,0.22218375529456416,ns
b2625,0.13325317500000003,0.01648476600000005,-0.11676840899999998,0.5997964104116045,0.22199613768135554,ns
b2983,-0.3864798159999999,-0.22253193099999996,0.16394788499999996,0.600116229918692,0.22176462774345873,ns
b0004,0.03806851899999935,0.0725130739999997,0.034444555000000356,0.6004900656053007,0.22149417308786531,ns
b0429,1.0782133514999996,1.115988483499999,0.03777513199999927,0.6006004287481337,0.22141436210892895,ns
b1386,0.040635766999999684,0.19675364949999996,0.15611788250000028,0.6006686354036634,0.2213650446411918,ns
b3392,0.19069616569445427,0.45802793102749473,0.2673317653330405,0.6014350478986213,0.22081126751340432,ns
b4232,-0.5269352905,-0.5054364325000007,0.021498857999999288,0.6015855875283,0.22070257689099407,ns
b0689,-0.1674073200000001,-0.2772223370000002,-0.1098150170000001,0.6016499804462131,0.2206560930773597,ns
b0760,-0.3242219640000008,-0.2904919070000011,0.0337300569999997,0.6017635114223505,0.22057414971052694,ns
b3133,-0.28867869549999997,-0.37343645549999993,-0.08475775999999996,0.6017925235806072,0.22055321205598494,ns
b2161,0.18642677949999992,0.34277671249999986,0.15634993299999994,0.6022902993995262,0.2201941316014331,ns
b1569,0.08731624695776,0.4071529006380752,0.3198366536803152,0.6023966729800787,0.22011743539696918,ns
b2181,-0.5948727554999995,-0.6806800764999994,-0.08580732099999988,0.6034068485283497,0.21938976499100604,ns
b1912,-0.009622457499999897,0.07840714149999915,0.08802959899999904,0.6034083997116511,0.21938864854779042,ns
b3170,0.08342295099999839,-0.06612387850000175,-0.14954682950000014,0.6035673075674189,0.21927429197064705,ns
b1952,0.28882658550000023,0.4685209749999997,0.17969438949999944,0.6036200622691934,0.21923633419132935,ns
b0969,-0.22101911400000013,-0.2542160335000005,-0.033196919500000366,0.6037446488896643,0.2191467054627746,ns
b0090,0.0249972604999997,0.08676021049999956,0.06176294999999986,0.6037850140781065,0.21911767035225835,ns
b1433,0.009255647499999409,-0.13028607400000025,-0.13954172149999966,0.6037882036243436,0.21911537616038615,ns
b1926,0.20824270350000007,-0.1492056190000002,-0.35744832250000025,0.6038744565949348,0.219053340311348,ns
b1392,0.24685981949999997,0.38283877550000023,0.13597895600000026,0.6039170333631732,0.2190227210270351,ns
b3885,0.04738148400000105,0.0005760400000012003,-0.04680544399999985,0.6046727765926825,0.21847958363767983,ns
b0347,-0.7373228369999999,-0.5452100704999999,0.19211276649999998,0.6048417380722598,0.21835824728690062,ns
b2962,-1.598396724500002,-1.6498841535000013,-0.05148742899999936,0.6053095587973412,0.21802246783507614,ns
b4615,0.04916438700000014,0.5440467110000001,0.494882324,0.6055812406774295,0.21782758660650212,ns
b3020,-0.7798208684999997,-0.6999880015000008,0.07983286699999881,0.6058509585387482,0.21763420066075503,ns
b3352,-0.4562880049999998,-0.4945837434999998,-0.03829573850000001,0.6059938502964467,0.21753178308762502,ns
b1471,0.12206883378664235,0.0789779787176305,-0.04309085506901185,0.6060757464763495,0.21747309494105393,ns
b1801,0.18265424849999995,0.4223233405,0.23966909200000003,0.6064435264273397,0.2172096355276864,ns
b2078,0.13218924049999994,0.21746918049999991,0.08527993999999997,0.6067827658171461,0.21696676278445845,ns
b2269,0.05425881049999995,0.2070228070000001,0.15276399650000014,0.6068502056895896,0.21691849652080172,ns
b2959,0.3320854455000015,0.4051370475000011,0.0730516019999996,0.607295973240568,0.21659959851715177,ns
b3139,0.2607857555,0.47242355550000004,0.21163780000000004,0.6075235182727463,0.21643690512326805,ns
b4316,1.7516150280000002,1.8236067504999989,0.07199172249999863,0.6077016004879547,0.2163096198610565,ns
b2744,-0.19249965449999926,-0.15312508349999995,0.0393745709999993,0.6077561562006146,0.216270633323104,ns
b1887,0.1196666819999996,0.023107235499999698,-0.0965594464999999,0.608357358072142,0.2158412347948905,ns
b1774,0.8522169030000001,0.7290061250000001,-0.12321077800000002,0.6084276942167243,0.215791026092134,ns
b4399,-0.1689720074999996,-0.09073221599999995,0.07823979149999966,0.6085415205036511,0.21570978471338087,ns
b3075,-0.22508380250000032,-0.3178428285000008,-0.09275902600000047,0.6089281235802526,0.21543396742411344,ns
b4504,0.21429339,0.7121447305,0.4978513405,0.610058498452551,0.2146285185350761,ns
b4106,0.1729650905,0.0451581065,-0.127806984,0.6105125755438445,0.21430538588281792,ns
b4379,0.4326127900000001,0.6867563965000001,0.2541436065,0.610728922314542,0.2141515126155908,ns
b2850,-0.4670326484999999,-0.16787483999999994,0.29915780849999996,0.6108498628048865,0.2140655193282045,ns
b0821,-0.563352244999999,-0.6086722694999995,-0.0453200245000005,0.6110569559265381,0.21391830777417137,ns
b0998,0.6315745805000001,0.5123732835000001,-0.11920129700000004,0.6112786031538668,0.21376080573948378,ns
b2356,0.09616518620839493,0.4025082615782961,0.3063430753699012,0.6112958749982237,0.21374853480330605,ns
b0698,0.042366527499999945,0.1731114855000001,0.13074495800000016,0.6118083755235513,0.2133845819136753,ns
b4348,0.28595416750000036,0.2220310319999998,-0.06392313550000056,0.6123319148939914,0.21301310443632435,ns
b2855,0.8800491559273879,1.102931170328271,0.22288201440088307,0.6123588984183908,0.2129939668783,ns
b0684,0.042695207000000346,0.07884598949999955,0.0361507824999992,0.6128148923562322,0.21267068921496562,ns
b2966,-0.05959366000000015,0.05129182499999966,0.11088548499999981,0.6128620357041834,0.21263728058106707,ns
b1310,0.04917002749999995,0.1505022544999999,0.10133222699999996,0.6132051666532369,0.2123941945881489,ns
b3652,-0.7905918745000005,-0.7322501355000006,0.05834173899999984,0.6132938005765811,0.21233142531575105,ns
b1146,0.6186284195000002,0.9361638535,0.3175354339999997,0.6137447474102592,0.21201221166001633,ns
b4079,0.2936266045,0.26112891999999976,-0.032497684500000235,0.6139628246058759,0.21185792455478025,ns
b4089,-0.41127825100000015,-0.5040545944999999,-0.09277634349999975,0.6146507653601359,0.21137157326074402,ns
b4314,1.5297955585,1.4915892435,-0.038206315000000046,0.6156067413399323,0.21069663297521968,ns
b3226,0.13308722899999956,0.18390838999999953,0.050821160999999976,0.6156198880239603,0.21068735843194272,ns
b1355,0.7816143625,1.4212927265,0.6396783639999999,0.6158072485924083,0.21055520337507969,ns
b3163,-0.2807809720000014,-0.26049498100000074,0.02028599100000067,0.6167218707104665,0.20991064998386222,ns
b1036,-0.34587984149999945,-0.28587550899999936,0.06000433250000009,0.617974372869874,0.20902953454220344,ns
b3786,-0.3526212545000002,-0.3184994144999993,0.0341218400000009,0.6187928692199597,0.20845469962080637,ns
b1508,0.17201952350000074,0.3553810230000014,0.18336149950000066,0.6188059912720337,0.20844549011845606,ns
b0469,-0.26324326750000004,-0.2399668660000005,0.023276401499999544,0.6188808622561379,0.20839294685163848,ns
b1675,0.3819482320000009,0.2938615390000003,-0.0880866930000006,0.6190041622221146,0.20830643074721722,ns
b1850,0.2903063609999989,0.37699202399999887,0.08668566299999997,0.6206759107379486,0.20713510983709096,ns
b0260,-0.33052246499999954,-0.41843960950000003,-0.08791714450000049,0.6210847971032547,0.20684910127284098,ns
b0943,0.4461804570000001,0.32849894699999993,-0.11768151000000016,0.6213028446585038,0.2066966579486701,ns
b2385,-0.244460358,-0.425928121,-0.181467763,0.6215529238097189,0.20652188626617413,ns
b2305,0.4355721850000003,0.5108595950000003,0.07528741000000005,0.6224372724487821,0.20590440905473265,ns
b4351,-0.25906380649999905,-0.24799646150000004,0.011067344999999007,0.6226749327910202,0.2057386174481283,ns
b0638,-0.1185237989999996,-0.19807962949999955,-0.07955583049999995,0.6227643112167716,0.20567628352480216,ns
b4502,-1.6962104015000004,-1.9097007150000003,-0.21349031349999992,0.622790938927881,0.2056577146688627,ns
b4340,-0.0628837999999993,-0.1355074949999992,-0.0726236949999999,0.6235159807816846,0.20515241102848558,ns
b3790,-0.2971199380000002,-0.37088477449999985,-0.07376483649999965,0.6236985388049086,0.20502527340871857,ns
b1319,0.779677793,0.9008984579999999,0.12122066499999995,0.6238303467046011,0.20493350247758316,ns
b4003,0.31513203400000034,0.2188934965000004,-0.09623853749999994,0.6240401641148347,0.20478745760587524,ns
b0022,-1.3078488260000005,-1.5637848210000005,-0.25593599499999997,0.6249189511849296,0.2041763047929175,ns
b2069,-0.2855252289999998,-0.4306567629999998,-0.14513153399999995,0.6253177405978207,0.20389924997846187,ns
b0343,0.4318038795,0.5540736859999998,0.12226980649999986,0.6253282014386886,0.20389198479602713,ns
b0029,0.0538237459999999,0.08963192150000004,0.03580817550000014,0.6255733005587658,0.20372179522224998,ns
b3574,-0.4796143065000007,-0.5047989270000004,-0.0251846204999997,0.6257173499206983,0.20362180271729305,ns
b3780,-0.27199263349999914,-0.29733059049999877,-0.025337956999999633,0.6270637224139639,0.20268832378399607,ns
b4548,0.46393273050000006,0.046806813500000044,-0.417125917,0.6272707368871367,0.20254497247362954,ns
b2898,-0.10511307950000055,-0.06692577250000115,0.03818730699999941,0.6276556876937078,0.20227853132924514,ns
b1021,0.26495521200000005,0.0298331595,-0.23512205250000004,0.6281597381699828,0.20192990310300452,ns
b0416,0.1687758539999997,0.1446877165,-0.02408813749999969,0.6286369226931927,0.20160011448772316,ns
b1557,-0.7742701725000006,-0.5887775235000001,0.1854926490000005,0.6288548024768181,0.20144961808794623,ns
b0235,-0.2569996724999999,0.01767874100000008,0.2746784135,0.6297741688083405,0.20081515661478883,ns
b0585,-1.0742179800000002,-0.9637012705000001,0.11051670950000014,0.6301946949938408,0.2005252570563363,ns
b3723,0.29329520649999996,0.39471121499999995,0.10141600849999999,0.6302384373366865,0.20049511335788262,ns
b1578,0.526575898,0.7486453545,0.22206945649999998,0.6307526625009447,0.2001409075848184,ns
b0162,1.1505682679999996,1.0529000229999996,-0.09766824499999993,0.6309896353895511,0.19997777440102235,ns
b3459,-0.32228751699999986,-0.2188669610000002,0.10342055599999966,0.6315160119259724,0.19961563354422188,ns
b4041,-0.2235729520000005,-0.23353127450000016,-0.009958322499999672,0.6316833079712046,0.1995005990463893,ns
b0432,0.2353122200000008,0.2607596200000008,0.02544740000000001,0.6319924841719997,0.19928808643602647,ns
b3848,0.22133148649999912,0.180140844999999,-0.041190641500000125,0.6321349490021329,0.19919019806143645,ns
b3980,0.3034759749999995,0.18932556000000028,-0.11415041499999923,0.6329364494453846,0.1986398935225013,ns
b0730,0.17073979500000022,0.26245029250000007,0.09171049749999985,0.6330171350802116,0.1985845339477902,ns
b3589,0.14142596949999994,0.27654893599999997,0.13512296650000002,0.6335039100118678,0.1982507002890829,ns
b4650,1.3649126573481216,1.480873322016961,0.11596066466883936,0.6335886993852777,0.19819257737560705,ns
b2793,-0.5297693124999996,-0.4838362985,0.045933013999999606,0.6339005993009696,0.19797883763805563,ns
b3398,-0.44213143450000025,-0.4755615955000003,-0.03343016100000007,0.6340879976602328,0.19785046728183422,ns
b3663,-0.5555397154999997,-0.43527109999999974,0.12026861549999995,0.6343148473110192,0.1976951230187727,ns
b1552,-0.3171920479999999,0.16928469600000004,0.48647674399999996,0.6343339595513307,0.19768203769451304,ns
b2059,-0.10439870700000001,0.11635966850000004,0.22075837550000005,0.634335200646563,0.19768118798392206,ns
b2986,0.28218403099999995,0.01913248200000006,-0.2630515489999999,0.6347879183984958,0.19737134754856467,ns
b4031,-0.22932786700000005,-0.3117929785000001,-0.08246511150000005,0.6354669396737402,0.19690703880115346,ns
b3613,-0.6258780449999999,-0.6807170914999991,-0.05483904649999927,0.6358174088612086,0.19666758515221025,ns
b1645,-0.37365662850000037,-0.21773477449999995,0.15592185400000041,0.6365903583352972,0.19613994339878382,ns
b0081,0.1363549050000001,0.19398167950000061,0.057626774500000505,0.6370989997452194,0.19579307676613422,ns
b3492,0.477720524,0.5040184994999999,0.026297975499999904,0.6382652730354501,0.1949987841764236,ns
b2622,0.05206244300000005,0.011698710499999699,-0.040363732500000346,0.639107080541603,0.19442637096167245,ns
b3476,-0.0759645295000001,0.017769270499999906,0.0937338,0.6392186053063993,0.19435059279245367,ns
b3465,-0.07161966399999956,-0.0098802404999998,0.06173942349999975,0.6392441067348061,0.19433326709412097,ns
b1348,0.7177140547917564,0.47772169018769234,-0.2399923646040641,0.6394285889440254,0.19420795026159623,ns
b1136,-0.0765371699999999,-0.04975017499999975,0.026786995000000154,0.6395430842229552,0.19413019299922793,ns
b2593,-0.5399599909999999,-0.5922499539999997,-0.05228996299999977,0.6397518045123187,0.19398848044876865,ns
b3251,0.06856286399999954,0.09150043099999915,0.022937566999999603,0.6403788217643729,0.1935630392495466,ns
b0471,-0.8695098144999989,-0.845831412499999,0.02367840199999982,0.6405581575742981,0.1934414336523575,ns
b2706,-0.9019949675000003,-0.6713957405,0.23059922700000035,0.6417149481340629,0.1926578441176821,ns
b0739,-0.2712710380000005,-0.2352293230000004,0.03604171500000011,0.6419112967234739,0.19252498128487952,ns
b2831,0.060601726999999904,0.1354420604999999,0.0748403335,0.6420850281698385,0.19240745663549097,ns
b4569,0.26778748200000013,0.4266704645000001,0.1588829825,0.6426283543948195,0.1920401161864026,ns
b1900,-0.062108661999999794,-0.12779798949999985,-0.06568932750000006,0.6429192648242292,0.19184356057930016,ns
b3127,0.1814266835,0.096126984,-0.08529969949999999,0.6438103436142653,0.19124205011310805,ns
b2423,-0.2309145869999991,-0.1767105119999987,0.05420407500000038,0.6444525267105954,0.1908090692291082,ns
b4308,0.6984408839999998,0.7707265029999999,0.07228561900000008,0.6458389352808833,0.18987577649456747,ns
b3136,-0.10684401999999996,-0.31556802,-0.20872400000000005,0.6458808954526208,0.1898475612878049,ns
b4081,-0.25673007699999995,-0.3713188455,-0.11458876850000005,0.647369987086031,0.1888474389233511,ns
b3857,0.11662572049999964,0.24109443999999985,0.12446871950000021,0.6476551614308323,0.18865616905269056,ns
b1172,0.5554888339999997,0.44030165249999964,-0.11518718150000007,0.6482686582088966,0.18824497468887863,ns
b4477,-0.25681018599999983,-0.0633188184999998,0.1934913675,0.6489586698334849,0.1877829611885589,ns
b2503,-0.41018611999999977,-0.29647580499999954,0.11371031500000023,0.6492626793572688,0.18757956034151374,ns
b3299,-0.02139914499999926,-0.12611813000000005,-0.10471898500000079,0.6496638559019772,0.18731129456905266,ns
b0586,-0.4833756755000005,-0.5155737260000008,-0.03219805050000035,0.6505797370434465,0.18669946737949664,ns
b0804,-0.3560672420000004,-0.43183902250000017,-0.07577178049999977,0.6506590208453522,0.18664654470484401,ns
b0445,-0.5060919744999999,-0.39403054950000005,0.11206142499999983,0.6508495256835651,0.1865194073136632,ns
b0311,0.08594295950000005,-0.02540961450000004,-0.11135257400000009,0.6526349963091373,0.18532964170898167,ns
b0149,-0.16664177150000054,-0.19750117099999986,-0.03085939949999933,0.6531657779403492,0.18497657782546678,ns
b3592,-0.5278023014999991,-0.48188306149999954,0.04591923999999953,0.6538013088172494,0.1845542143589837,ns
b3792,0.21968524349999985,0.3094762114999993,0.08979096799999947,0.6541476984193384,0.18432418230810005,ns
b0335,0.2716761639999999,0.38044867849999997,0.10877251450000008,0.6553783716720526,0.18350789499281026,ns
b3068,-0.2599274584999995,-0.22880262049999928,0.03112483800000021,0.6553987466226341,0.1834943934928469,ns
b3134,0.19882265500000007,0.006076198500000213,-0.19274645649999986,0.655456073135113,0.18345640822143933,ns
b3051,-0.20678087650000002,-0.06414996599999989,0.14263091050000012,0.6557802802371828,0.18324164700325024,ns
b2555,-0.8371474995000008,-0.7534868460000008,0.08366065349999996,0.6559796676399211,0.1831096215521343,ns
b0351,1.0528168764999999,0.9931127270000002,-0.05970414949999969,0.6560820950005484,0.1830418143209912,ns
b1320,0.023584784000000497,0.12068569900000045,0.09710091499999995,0.656711196484105,0.18262557922053513,ns
b0647,-0.07981904999999966,0.13349512600000013,0.2133141759999998,0.6571023880158374,0.18236695451057064,ns
b3380,-0.13316746849999994,-0.3193245684999999,-0.18615709999999996,0.6572655435880771,0.18225913452595957,ns
b3605,0.04193522850000025,0.12253569200000006,0.0806004634999998,0.6574940841861016,0.18210815039241024,ns
b4536,-0.2071365915000003,-0.13922333250000024,0.06791325900000006,0.6575606648118385,0.1820641741269263,ns
b2430,-0.2023133579999998,-0.3110666074999999,-0.10875324950000012,0.6576111069473006,0.18203086024113926,ns
b2451,-0.560491985,-0.450191459,0.11030052599999995,0.6582736088768302,0.18159355604101415,ns
b2649,0.24810104149999995,0.35566393049999995,0.107562889,0.6584695214520728,0.18146432240533925,ns
b1679,-0.9326512925000006,-0.8990559170000001,0.03359537550000047,0.6586650112027796,0.18133540600611175,ns
b0031,0.0031499370000008034,-0.0356625844999989,-0.038812521499999704,0.6590037382507368,0.18111212182926445,ns
b0409,0.44701924850000063,0.3998352795000008,-0.047183968999999826,0.6590185935042238,0.1811023320791798,ns
b0222,0.058497002000000194,-0.01791022799999985,-0.07640723000000005,0.6590697770950169,0.18106860330719082,ns
b4395,-0.3696287055000007,-0.4284351175000003,-0.058806411999999586,0.6598158645210024,0.18057724654893634,ns
b1848,-0.5644160199999995,-0.6311465869999999,-0.06673056700000046,0.6604161230977383,0.18018233261259903,ns
b1992,2.3072805880000002,2.3505069745,0.04322638649999977,0.6611338632980821,0.17971059769177739,ns
b0769,0.2712644576945138,0.4844384720537319,0.21317401435921812,0.6611901515705156,0.17967362387015176,ns
b1506,0.7183218001163956,0.9136207274740543,0.19529892735765875,0.6615174813004538,0.17945867463292925,ns
b2546,0.25345324850000006,0.39941466150000005,0.14596141299999998,0.6625751748330964,0.17876484016394986,ns
b4623,0.40896594300000005,0.4868700400000001,0.07790409700000006,0.6629241147510108,0.1785361826526897,ns
b3330,-0.3562392491142755,-0.03359074071350496,0.32264850840077053,0.6632057660218648,0.17835170661249847,ns
b0961,0.009947979000001,-0.03517713749999895,-0.04512511649999995,0.6636622659533421,0.17805287446902313,ns
b1063,0.0319703020000004,0.06987685200000054,0.03790655000000014,0.663855388785122,0.17792651504854562,ns
b0101,-0.4053991189999997,-0.5299653429999998,-0.12456622400000006,0.664098100721997,0.17776776181376214,ns
b2822,-0.12445178749999945,-0.08922686549999964,0.03522492199999981,0.6644935300155699,0.17750924330246132,ns
b4255,-0.06804790249999915,-0.1129195725,-0.04487167000000085,0.6646187588879768,0.1774274049072011,ns
b2713,0.4163627539999999,0.2017709074999998,-0.2145918465000001,0.6650806512123679,0.17712568664777945,ns
b0342,-0.06721766999999981,0.09806422100000026,0.16528189100000007,0.6659044070868259,0.17658811085132659,ns
b2950,1.489927571,1.5608714125,0.0709438415000001,0.6662216673992424,0.1763812469391888,ns
b3635,0.0777194849999998,-0.007969483500000596,-0.08568896850000039,0.6667543676743901,0.176034130717691,ns
b3754,0.08811612650000004,0.127429304,0.03931317749999995,0.6670148589170787,0.1758644913101133,ns
b3071,-0.5051189419999997,-0.4510202425000003,0.05409869949999946,0.6677518241752609,0.17538491689226124,ns
b1345,-0.013203616000000196,-0.13553400850000025,-0.12233039250000005,0.6681020903352504,0.17515716943827006,ns
b2243,-0.3168797710000001,-0.15700492250000006,0.15987484850000003,0.6699710039290017,0.17394399297997037,ns
b3072,-0.0977318985000002,-0.005785938500000108,0.0919459600000001,0.6701049081666263,0.17385720107337393,ns
b0818,-0.0014088789999999948,0.06703247899999985,0.06844135799999984,0.6701521180595378,0.17382660545538425,ns
b2263,0.8771876444999998,0.919409286,0.042221641500000295,0.6703794826356346,0.17367928601632776,ns
b2435,-0.3186731350000005,-0.3466186860000007,-0.02794555100000018,0.6705838063057211,0.17354693840642776,ns
b3017,-0.22913935399999993,-0.2562577965000008,-0.027118442500000867,0.6708057260919335,0.17340323885140857,ns
b1485,-0.5470707960000003,-0.5876528520000002,-0.040582055999999866,0.6708095359300418,0.1734007722848537,ns
b0036,0.4266277115000001,0.5418813195000002,0.11525360800000006,0.6712278563549801,0.17313002832623325,ns
b4511,-0.8017524590000005,-0.6826911940000004,0.11906126500000003,0.6712307661248849,0.17312814566558046,ns
b3820,-0.1471347054999983,-0.051970040499999204,0.0951646649999991,0.6715342040036494,0.17293186202470104,ns
b0278,0.6656620299999996,0.7864611404999995,0.12079911049999992,0.6715930530123493,0.1728938048716998,ns
b3138,0.9139038231670606,0.6988276922698805,-0.21507613089718014,0.6719727920002516,0.17264831105833284,ns
b0040,-0.216761254,-0.10926898699999996,0.10749226700000003,0.6719778643753873,0.1726450328062316,ns
b1554,-0.5042229485,-0.318962011,0.18526093750000006,0.6721786419814537,0.17251529105868882,ns
b2888,0.003939790000000047,0.1056526695000001,0.10171287950000005,0.6721852448303047,0.1725110249803614,ns
b2789,-0.11382621800000003,-0.29726194650000004,-0.1834357285,0.6724407445645815,0.1723459796414571,ns
b4501,-0.2553990660000012,-0.08470969700000054,0.17068936900000065,0.6733332906501459,0.17176991280334564,ns
b2036,2.1236945269999996,2.1788984744999995,0.055203947499999906,0.673915889435829,0.17139430381089307,ns
b3232,-0.23877796549999974,-0.1984976459999998,0.04028031949999994,0.6741814262217145,0.1712232165147396,ns
b0405,-0.3551715505000006,-0.29692983800000006,0.05824171250000054,0.6745653661735066,0.17097596030936496,ns
b4072,0.2416236265000001,0.0814999645000001,-0.160123662,0.6746751769247078,0.17090526838767675,ns
b2240,0.1472161500000001,0.25769086499999977,0.11047471499999967,0.6748694946792387,0.170780202310373,ns
b1973,1.144672015,1.157946999,0.013274983999999934,0.6750591547764868,0.1706581686988229,ns
b2626,1.568102683,1.3657992925000002,-0.2023033904999998,0.6752475034999716,0.17053701279499597,ns
b2055,0.24016305450000008,0.42660341849999994,0.18644036399999986,0.6753240632450696,0.17048777516007718,ns
b2399,-0.1244118885000001,-0.21713902300000051,-0.09272713450000042,0.6754729532191858,0.1703920359873619,ns
b3897,-0.22737227850000014,-0.10728905550000015,0.12008322299999999,0.6765252252370564,0.16971600545657886,ns
b4572,-0.23613677499999994,-0.13227195099999978,0.10386482400000016,0.6768438479230114,0.1695115141916012,ns
b3623,0.22844161600000001,0.13568052849999954,-0.09276108750000048,0.6769468802543566,0.16944540888874182,ns
b4655,0.20566524849999995,0.569267003,0.36360175450000004,0.677179201094986,0.1692963892937483,ns
b0346,-0.42035964700000017,-0.4359136314999996,-0.015553984499999451,0.6773976784012445,0.16915629611662686,ns
b1085,-0.0679068665,0.08429826050000006,0.15220512700000005,0.6783405109711051,0.16855224578940323,ns
b0640,-0.45659087200000004,-0.44893208750000024,0.007658784499999793,0.6784524790034796,0.1684805663230742,ns
b0404,-0.5363414205000003,-0.6230037705000004,-0.08666235000000011,0.6785582648585788,0.16841285541741793,ns
b3620,-0.5488002065000002,-0.5953702520000008,-0.046570045500000656,0.6791154860674814,0.16805636607725244,ns
b3645,0.7163985030000002,0.6222247235,-0.09417377950000017,0.6793321136619892,0.16791785477988783,ns
b3533,-0.048845877500000245,-0.1354574840000002,-0.08661160649999997,0.6802934324770586,0.16730372167906343,ns
b1759,-0.17980537749999964,-0.08723654699999984,0.0925688304999998,0.6803092305773561,0.1672936364014576,ns
b1843,-0.11166087299999855,-0.17114352299999866,-0.05948265000000011,0.6803304675301869,0.16728007940846318,ns
b0099,-0.020519123000000104,-0.08408931199999964,-0.06357018899999953,0.6808168869091518,0.1669696805960512,ns
b3879,-0.434379203,-0.2197276625,0.2146515405,0.6808512195646413,0.16694778027722829,ns
b3691,-0.06809625999999985,-0.08613144849999985,-0.018035188499999993,0.6809601506852245,0.1668783019548832,ns
b0177,0.24478846199999982,0.22960981800000008,-0.015178643999999741,0.6815892231038657,0.16647728500122197,ns
b1142,-1.0476245794999999,-0.7602888374999999,0.287335742,0.682693128461179,0.16577446844817753,ns
b2828,-0.3108939939999993,-0.27236100549999914,0.03853298850000014,0.6827406792733595,0.1657442201047846,ns
b1149,0.68494776,0.5450474999999999,-0.1399002600000001,0.6829084310118521,0.16563752556052025,ns
b0291,0.23081562700000002,0.30454949099999995,0.07373386399999993,0.6831938913206632,0.1654560254829685,ns
b0447,-1.3366464930000004,-1.2342470365000007,0.10239945649999971,0.6835066489018689,0.16525725641825453,ns
b0702,0.198598187,-0.06204502600000006,-0.26064321300000004,0.6837820395307936,0.16508231072735688,ns
b2740,-0.4721482550000001,-0.32762724300000023,0.1445210119999999,0.6840529654939151,0.16491027001792272,ns
b1081,-0.3153621695,-0.39933356100000017,-0.08397139150000016,0.6846389619952182,0.16453838930851042,ns
b1001,0.5341529695,0.6270176655000002,0.09286469600000014,0.6850508369263892,0.16427719875956387,ns
b0545,0.7373673089999997,0.8175640604999996,0.08019675149999994,0.6851323365348677,0.1642255343821773,ns
b0348,-0.8724999049999999,-0.9831926974999996,-0.11069279249999975,0.6852032755475397,0.16418056959908184,ns
b2490,-0.817158516,-1.065321928,-0.24816341199999992,0.6867508579431812,0.1632007893522397,ns
b3909,-0.2464743789999999,-0.12858396149999995,0.11789041749999996,0.6869566398326907,0.16307067440433007,ns
b1589,0.4539468175000001,0.5838944610000001,0.1299476435,0.6870271093124553,0.16302612583343146,ns
b4286,0.470231606,0.2517286430000001,-0.21850296299999994,0.6874012063146662,0.1627897100583465,ns
b3155,-0.18581331049999955,-0.07789586249999965,0.1079174479999999,0.6874581197323363,0.1627537541132018,ns
b2832,-0.44574460299999963,-0.5205098465,-0.07476524350000036,0.687675693973704,0.16261632560656927,ns
b1475,0.9370800530000001,1.0652076959999999,0.1281276429999998,0.6887921762560771,0.16191179452204205,ns
b0217,0.08445679599999978,0.2727422849999998,0.18828548900000003,0.6889372279329451,0.16182034674877716,ns
b2541,-0.393326372,-0.32748150899999984,0.06584486300000014,0.689504524611944,0.16146287958595204,ns
b3626,1.2463112384999993,1.3185933484999999,0.07228211000000062,0.6897203797399386,0.1613269413623191,ns
b1530,-0.16688705749999894,-0.0894339554999992,0.07745310199999973,0.6907121317283853,0.16070291594054037,ns
b0322,0.03510759299999999,0.22622073599999995,0.19111314299999996,0.6909583157773547,0.16054815200920716,ns
b2151,-0.3140056009999998,-0.396470436,-0.08246483500000018,0.6911653274435172,0.16041805652112656,ns
b1328,0.0018730230000008063,0.09963455850000086,0.09776153550000005,0.69123762387582,0.16037263135531793,ns
b2965,-0.21813496099999916,-0.1871726919999989,0.030962269000000264,0.6916060626661757,0.16014120832621617,ns
b3381,-0.02556598949999995,0.0258016830000001,0.051367672500000044,0.6919398780772736,0.15993163929123444,ns
b0414,-0.3016681984999994,-0.2699871729999992,0.03168102550000018,0.6919932400011108,0.15989814809317726,ns
b3687,0.6853699019999997,0.6216212065,-0.06374869549999973,0.6920068413801752,0.15988961196091314,ns
b2250,0.9153133090000001,0.9608068849999993,0.04549357599999926,0.6920374938108066,0.15987037532066423,ns
b2164,-0.17063748200000006,-0.012317076000000204,0.15832040599999986,0.6928865122226588,0.15933789259108933,ns
b1007,0.24644774349999993,0.49085641199999996,0.24440866850000004,0.6932586996215926,0.15910467180571397,ns
b0402,-0.045457397999999496,0.035774370000000395,0.0812317679999999,0.6934202559795234,0.15900347601731638,ns
b3632,0.02614647050000005,-0.007049382000000402,-0.033195852500000456,0.6939416394651018,0.15867705220223882,ns
b3947,-0.25942136050000003,-0.33760842500000005,-0.07818706450000001,0.6940885620797559,0.1585851122992333,ns
b1841,-0.1248570030000002,-0.08968255300000069,0.03517444999999951,0.6941950774752319,0.1585184702280229,ns
b2098,0.06734821399999964,-0.0174196795000003,-0.08476789349999994,0.6946283043986381,0.15824752423041738,ns
b2886,-0.5271261094999998,-0.287797483,0.2393286264999998,0.6949181808073168,0.15806632593602468,ns
b2735,0.050396467499999244,0.13267628849999946,0.08227982100000023,0.6951568708798491,0.1579171803452469,ns
b3110,0.1901581989999998,0.27920223099999997,0.08904403200000016,0.6952182343666244,0.15787884562015927,ns
b1671,-0.15313171950000004,-0.2566606475000001,-0.10352892800000008,0.6952363592845514,0.1578675233491883,ns
b3843,-0.0871302220000007,-0.11388796350000024,-0.026757741499999543,0.6952545564550803,0.15785615624040975,ns
b2434,0.2882385325000003,0.2999739585000007,0.011735426000000382,0.6959765718068174,0.15740537950764322,ns
b3581,0.0017929040000001003,0.0322722925000002,0.0304793885000001,0.6969790269873988,0.15678029019565345,ns
b4146,-0.3842936215000003,-0.3651080550000003,0.019185566499999973,0.6974624284552529,0.1564791823970817,ns
b3120,-0.15540157200000002,-0.05395553950000005,0.10144603249999996,0.697848137172657,0.15623907646513527,ns
b2759,0.029608152,-0.14125731050000018,-0.17086546250000018,0.6984311572200753,0.155876394865308,ns
b0514,0.9950522500000003,0.9120417419999998,-0.08301050800000054,0.6984918331322713,0.1558386673541285,ns
b3911,-0.1521350925,-0.12267742299999981,0.0294576695000002,0.6990828111886916,0.15547137602529687,ns
b3765,0.04228878049999985,0.00400771149999985,-0.038281069,0.6992776988320049,0.15535032193656434,ns
b1236,-0.01210109099999905,-0.03826594299999895,-0.026164851999999898,0.6999981191315496,0.15490312691700975,ns
b3795,0.17867702950000014,0.14935111600000045,-0.02932591349999969,0.700615809844104,0.15452006677484334,ns
b4715,-0.09842406899999975,0.056767401000000446,0.1551914700000002,0.7013921386014196,0.15403910612083632,ns
b1734,0.2742873229999998,0.3633639839999998,0.089076661,0.7014746571184536,0.15398801454642116,ns
b3214,0.120765044500001,0.16740873200000106,0.04664368750000006,0.7017830254691364,0.1537971405866165,ns
b1418,-0.22150249600000116,-0.20193426950000143,0.01956822649999973,0.7030023401045316,0.153043229328976,ns
b3618,1.3706537440000002,1.3755695760000006,0.004915832000000453,0.7031008140510292,0.1529823992376435,ns
b4142,0.7516061669999985,0.7207402519999988,-0.03086591499999969,0.7035151161423321,0.15272656662060183,ns
b1141,0.3578093719999998,0.7188886409999999,0.36107926900000015,0.7036700235636062,0.15263094958111117,ns
b1708,0.4712826539999999,0.4332732359999998,-0.03800941800000013,0.7039933355427903,0.15243145215148274,ns
b1737,0.14783383599999994,0.07963318800000005,-0.06820064799999989,0.7040381240091516,0.1524038229622793,ns
b1730,0.16193007200000029,0.011232305500000192,-0.1506977665000001,0.7040522275367002,0.15239512311687067,ns
b3177,0.0219875535000007,0.0735273980000008,0.0515398445000001,0.7040652697159708,0.1523870781255962,ns
b3470,-0.6636433380000004,-0.5765122285,0.08713110950000047,0.7054016440715493,0.1515635324621645,ns
b3333,0.43983055999999987,0.35782249850000003,-0.08200806149999984,0.7057271690970264,0.151363162767386,ns
b1396,0.22973104900000013,0.09892748300000023,-0.1308035659999999,0.7069016591011882,0.15064099904651632,ns
b4073,0.506094756,0.4387927164999999,-0.06730203950000008,0.7071921457984915,0.15046257131980884,ns
b4298,0.9392416250000002,1.033937447,0.09469582199999982,0.7073048205441066,0.15039338202985159,ns
b0010,-0.7231835985000001,-0.8538612475000005,-0.13067764900000034,0.7088056364079538,0.14947283760641847,ns
b3784,-0.41339825549999976,-0.39169797049999877,0.021700285000000985,0.7088660138351583,0.14943584514278585,ns
b4302,-0.573182691,-0.4668432039999999,0.10633948700000007,0.7093288139555969,0.14915239812728892,ns
b3224,-0.3322058725,-0.27096335049999987,0.06124252200000013,0.7108775785720682,0.14820518341698458,ns
b2005,-0.10070273049999989,0.045392846499999945,0.14609557699999984,0.7111698179292527,0.148026683119007,ns
b0239,-0.24639801549999915,-0.2209504569999998,0.025447558499999356,0.7112943509698317,0.1479506404127529,ns
b4251,0.5325404360000001,0.46407208850000004,-0.06846834750000008,0.7113314061548472,0.14792801624430776,ns
b1237,0.11526077999999894,0.19038819499999876,0.07512741499999982,0.7115470469606726,0.14779637940272786,ns
b3862,0.5205278105000004,0.42592446550000007,-0.09460334500000034,0.7117764673018518,0.14765637470516615,ns
b3093,-0.7286325994999998,-0.8087260149999997,-0.08009341549999993,0.7118922035010733,0.14758576334197487,ns
b3662,-0.22741689650000024,-0.16051170600000025,0.06690519049999999,0.7121671231818164,0.14741807917382335,ns
b3791,-0.4853563500000009,-0.45601057449999954,0.029345775500001336,0.7130919585032551,0.14685446103828004,ns
b1983,0.8416034664999996,0.8103302569999995,-0.03127320950000012,0.7132792260003054,0.14674042446496782,ns
b1880,-0.9903357589999999,-1.1014297085,-0.11109394950000007,0.7139095189297084,0.1463568273269004,ns
b1735,0.25900343549999993,0.33528356399999953,0.0762801284999996,0.7140661959037145,0.14626152606257448,ns
b0106,0.062220706,0.1820326765,0.11981197049999999,0.7141045515656154,0.1462381988065768,ns
b0367,0.2225124385000002,0.3243100705000001,0.10179763199999992,0.7146794972679842,0.14588867676423017,ns
b4462,0.1750504109999999,0.028591665499999946,-0.14645874549999996,0.7149205100063467,0.1457422434922684,ns
b3807,0.14206897500000035,0.1006064470000001,-0.04146252800000025,0.7160860291806214,0.14503479926471738,ns
b1654,0.8114562219999986,0.8522675169999987,0.040811295000000136,0.7172519364929173,0.14432827053814676,ns
b1091,0.4012792414999993,0.41449772699999876,0.013218485499999488,0.7193865202611214,0.14303770417536063,ns
b1883,0.1794223255000001,0.36485283100000016,0.18543050550000006,0.7194296371090297,0.1430116752639763,ns
b1517,0.7319949355000002,0.6267034840000001,-0.10529145150000008,0.7195039460937045,0.1429668198482636,ns
b1211,-0.259636204,-0.2246466714999995,0.034989532500000475,0.7196198397276204,0.14289687177805294,ns
b1321,0.5398157005000006,0.5783981980000004,0.03858249749999976,0.7200355347886639,0.14264606998287532,ns
b2776,0.35126090049999975,0.38895171249999994,0.037690812000000185,0.7201604818297231,0.14257071383694495,ns
b2539,-0.8280962304999999,-0.712476449,0.11561978149999996,0.7206002150659256,0.1423056125965605,ns
b1518,-0.45801362,-0.3551659659999997,0.10284765400000029,0.720776854333668,0.14219916791767584,ns
b1651,0.11671260849999934,0.135031026,0.018318417500000655,0.7210086116423249,0.14205954808721905,ns
b3902,-0.0446508310000001,-0.01611347750000015,0.02853735349999995,0.7220977598285027,0.14140400231957004,ns
b3324,0.19776015849999976,0.3086888134999998,0.11092865500000007,0.7225956632558573,0.141104649230358,ns
b4246,-2.4896427490000006,-2.413541114,0.07610163500000056,0.723327684089391,0.1406649127306516,ns
b2366,-0.18992968299999985,-0.16719587699999966,0.02273380600000019,0.7238404801336064,0.14035713301690275,ns
b3466,-0.8682458575000003,-0.9219208520000004,-0.05367499450000013,0.724011263119956,0.14025467762495505,ns
b1382,0.07104172399999921,0.18326928599999934,0.11222756200000013,0.7244840890240345,0.13997114797740498,ns
b1778,0.25325795249999844,0.22832371099999804,-0.024934241500000398,0.7245402301356505,0.13993749529860236,ns
b4682,0.698598667,0.3648959415,-0.33370272549999996,0.7245433210739596,0.13993564257251154,ns
b2921,0.05226444900000035,0.1378797340000004,0.08561528500000004,0.7255987829898156,0.139303454367546,ns
b1313,0.6172957415,0.6995028815000002,0.08220714000000018,0.726030432697871,0.1390451747878532,ns
b3145,0.2106812784999998,0.33340687849999995,0.12272560000000016,0.7266817524037731,0.13865574517325724,ns
b0964,-0.07662341550000056,-0.15169944050000006,-0.0750760249999995,0.72771863578043,0.13803650330724737,ns
b4478,0.4168840624999996,0.4986442454999995,0.08176018299999993,0.7283645686365062,0.1376511886595343,ns
b1610,-0.38429028349999944,-0.4539678924999997,-0.06967760900000025,0.7283684130425745,0.1376488964009493,ns
b3651,-1.1552342549999985,-1.1194731954999981,0.035761059500000414,0.7289965935892859,0.1372745010219878,ns
b4524,-0.6163192620311508,-0.2876710108594476,0.32864825117170327,0.7293437646032956,0.137067725617793,ns
b0253,0.023442213500000003,0.09033853300000019,0.06689631950000019,0.729387917423507,0.137041435208912,ns
b0014,0.5322884144999991,0.5418371344999988,0.009548719999999733,0.7295337432927893,0.13695461578294243,ns
b0888,0.12186417349999965,0.08680830050000035,-0.035055872999999294,0.7296734775279305,0.13687143937513083,ns
b0232,-0.7366199179999984,-0.8160534559999992,-0.07943353800000086,0.7304623726398805,0.13640215040148015,ns
b1811,-0.309035116,-0.1814142255000002,0.1276208904999998,0.7307371219871128,0.1362388296129711,ns
b1835,-0.3295052114999994,-0.35935829899999927,-0.029853087499999875,0.730997325146858,0.13608421220231035,ns
b4272,1.2224771035000002,1.3026390735000002,0.08016197000000003,0.732015550731169,0.13547969281455896,ns
b3686,1.1687261565,1.1108002980000005,-0.05792585849999954,0.7320234922497012,0.1354749812493954,ns
b2605,-0.13023325249999956,-0.04431497099999994,0.08591828149999962,0.7322121350528286,0.1353630777724213,ns
b4318,1.7267605365,1.8099156019999998,0.08315506549999974,0.7322263634142175,0.1353546386350394,ns
b4144,0.0288763129999996,0.0678290649999997,0.038952752000000104,0.732411455763124,0.13524487144871114,ns
b0270,0.21608884699999995,0.16659761999999986,-0.04949122700000008,0.7326002069692914,0.1351329629774956,ns
b2196,0.02318389749999985,-0.040703509000000304,-0.06388740650000016,0.7328583450773074,0.13497996246187785,ns
b0476,-0.28003009649999994,-0.3840830140000002,-0.10405291750000029,0.7337558408970296,0.13444842862780032,ns
b2892,-0.3090677970000004,-0.26992402500000073,0.03914377199999969,0.7337965364256926,0.13442434247753524,ns
b3532,-0.10275323649999965,-0.1239516649999996,-0.02119842849999995,0.7343334317984198,0.13410669933533942,ns
b2487,-0.4091244840000001,-0.3407224255000001,0.06840205850000003,0.7344669226745769,0.13402775824456076,ns
b0256,-0.28621437849999953,-0.34670191299999953,-0.060487534499999995,0.7345477434493892,0.13397997108849083,ns
b4177,-0.236420155000002,-0.26719453000000115,-0.03077437499999916,0.7346238032737904,0.133935003756888,ns
b1473,0.3454208685000002,0.40187370499999986,0.05645283649999966,0.7354515426768504,0.13344593672480332,ns
b2897,0.1566547425000007,0.08576028600000014,-0.07089445650000055,0.7356182394537918,0.13334751108712664,ns
b3773,1.1498915750000003,1.1847889830000002,0.03489740799999996,0.7362407553234467,0.13298014543026918,ns
b3116,0.33764732399999997,0.2687717129999998,-0.06887561100000017,0.7367004763231954,0.13270904934632605,ns
b4001,-0.4218362780000011,-0.4753375730000009,-0.05350129499999978,0.7375971896398054,0.13218074668090468,ns
b0470,-0.30155422099999996,-0.2758012310000004,0.02575298999999953,0.7376788337150968,0.13213267761334846,ns
b2982,-0.17544643750000014,-0.3484309009999999,-0.17298446349999977,0.738476226882887,0.13166348098813507,ns
b2427,-0.15380868099999995,-0.2523516489999997,-0.09854296799999973,0.7390038091162631,0.13135332307484873,ns
b2035,1.8794536230000003,1.9142840840000002,0.03483046099999987,0.7422343119523857,0.12945897299027184,ns
b3875,0.38873166049999996,0.2498528150000001,-0.13887884549999988,0.7423287290154463,0.12940373140280337,ns
b3237,-0.0770995960000005,-0.12294521200000115,-0.045845616000000644,0.7429614998163586,0.12903369074888008,ns
b4495,0.04056192499999995,-0.03189945299999995,-0.07246137799999991,0.7430281510108596,0.12899473186920368,ns
b1306,1.1704582070000003,1.2510278149999996,0.08056960799999935,0.7445903130787108,0.1280826181361979,ns
b2578,-0.11217603399999976,-0.00472743349999985,0.10744860049999991,0.744880507328348,0.1279133905673655,ns
b2340,0.7076393065,0.7538739979999995,0.04623469149999959,0.7458757858263425,0.12733349159146615,ns
b2002,-0.13975129650000015,-0.03993243800000014,0.09981885850000001,0.746772093368117,0.12681191986421136,ns
b3629,0.5380961534999997,0.5825409694999997,0.04444481599999994,0.7472124640315507,0.12655589237890302,ns
b2721,0.27833171250000005,0.17776829200000005,-0.1005634205,0.7472264962714142,0.12654773664353539,ns
b1137,1.4612570870000003,1.364784562,-0.09647252500000025,0.7473541598970035,0.12647354378142495,ns
b2424,-0.26600055349999957,-0.22045851949999967,0.0455420339999999,0.7479621168874233,0.12612039791546806,ns
b0108,-0.4201788155000001,-0.6170729779999999,-0.19689416249999986,0.7490949845609551,0.12546311066466367,ns
b3140,-0.044803204000000055,0.0464021795,0.09120538350000006,0.7491447753300396,0.12543424498261468,ns
b0262,-0.4967018274999998,-0.4368955569999998,0.05980627049999998,0.7497664587291977,0.12507399191479862,ns
b3376,0.3101518840000004,0.29575157600000024,-0.01440030800000014,0.7513165904288271,0.12417702104691844,ns
b4139,-0.06064630800000084,-0.09846867900000064,-0.0378223709999998,0.7525895495500177,0.12344181658255346,ns
b2507,0.2621396894999988,0.24581302349999928,-0.01632666599999949,0.7527167274752294,0.12336843261795596,ns
b0914,0.0851701805,0.06539457949999945,-0.019775601000000545,0.7528703192257811,0.12327982392527628,ns
b3283,-0.39184723199999993,-0.37880701449999993,0.013040217500000006,0.7537160440635784,0.12279223997019256,ns
b4622,-0.12791479500000003,0.03141357150000007,0.1593283665000001,0.7542645876965927,0.12247628169010401,ns
b2462,0.5114239906315418,0.32232727937623734,-0.18909671125530442,0.7554880299977348,0.1217724122609117,ns
b0292,-0.19099048700000004,-0.052832021500000104,0.13815846549999994,0.7556761683145391,0.12166427386888774,ns
b1674,0.590369614,0.7257561335,0.13538651950000002,0.7559285090097945,0.12151927541238519,ns
b3142,0.42986329049999994,0.23148064999999995,-0.19838264049999998,0.7560995419541158,0.12142102503374723,ns
b2174,-0.5642526724999994,-0.5396133614999994,0.024639311000000053,0.7561790978499665,0.12137533148800332,ns
b3719,0.5634615744999999,0.5976276040000001,0.03416602950000025,0.7566475252274645,0.12110638403742578,ns
b2345,1.1729583890000004,1.2513618000000004,0.07840341100000003,0.7567397781015626,0.12105343669985792,ns
b4468,0.2455881154999999,0.2667458804999998,0.021157764999999912,0.7567871618221931,0.12102624393854554,ns
b2835,-0.5116574665,-0.5501367684999998,-0.038479301999999826,0.7575813429315801,0.12057072930789173,ns
b2919,0.28750604699999993,0.3641280064999998,0.07662195949999989,0.7580441456030494,0.12030550197541859,ns
b3607,-0.7594455779999989,-0.7860164949999993,-0.02657091700000036,0.7582304100205166,0.12019880149853227,ns
b2582,0.4543122445000005,0.5217155055000005,0.06740326099999994,0.7584757493131902,0.12005830031934764,ns
b2034,1.3451374000000005,1.3107450599999995,-0.03439234000000102,0.7589814128449749,0.11976885967461791,ns
b3704,-0.5543212254999998,-0.6174931064999996,-0.06317188099999971,0.7592851209069817,0.11959511055446514,ns
b3262,-0.418525107,-0.47470864300000004,-0.056183536000000034,0.7596607387019751,0.11938031851567912,ns
b0214,-0.34060350900000014,-0.26986700949999953,0.0707364995000006,0.7599359259825307,0.11922302372618775,ns
b0279,0.48480827257438264,0.587118987637025,0.10231071506264233,0.7600380106299142,0.11916468746390795,ns
b1565,0.23144368499999995,0.420156708,0.18871302300000004,0.7605184293782186,0.11889025737654745,ns
b4124,-0.09213077799999961,-0.13786091999999955,-0.045730141999999946,0.7613512896247661,0.11841491229166215,ns
b1388,-0.3787666614999998,-0.13808692699999991,0.2406797344999999,0.7621092327815436,0.11798277696173091,ns
b0439,0.24158519000000123,0.2563275035000005,0.014742313499999271,0.7636091275661646,0.11712888904221726,ns
b4357,-0.3735244820000003,-0.4713337550000003,-0.09780927299999997,0.7644566864737634,0.11664711634496348,ns
b1254,-0.2542117774999997,-0.30069989599999974,-0.046488118500000064,0.7661804648370676,0.11566892533861242,ns
b3718,-0.008667349000000005,0.042020939500000354,0.05068828850000036,0.7667271226923582,0.11535917346310819,ns
b4755,-1.7919935105,-2.038807763,-0.2468142524999999,0.7667780433554353,0.11533033161309425,ns
b2785,0.9325282009999998,0.9699762580000001,0.03744805700000031,0.7674067367397228,0.114974392633082,ns
b3721,0.1683395589999997,0.12067482499999979,-0.0476647339999999,0.7674114896705885,0.11497170284009894,ns
b3892,-0.18293937350000083,-0.2914177165000002,-0.10847834299999937,0.7674621619028744,0.11494302729295806,ns
b2534,-0.041583630999999954,0.015147810999999942,0.056731441999999896,0.7675530525684661,0.1148915967739678,ns
b3353,-0.37199716850000053,-0.32626522150000076,0.04573194699999977,0.7679656743577643,0.11465819112755503,ns
b3048,-0.13920788000000003,-0.18652997599999988,-0.04732209599999984,0.7689376562261299,0.11410887041255656,ns
b2195,0.28599371399999995,0.35709699299999986,0.07110327899999991,0.7693221853097418,0.11389174342514753,ns
b1228,0.074273068,0.2787641900000001,0.20449112200000008,0.7693982616931663,0.11384879923263269,ns
b0113,-0.19983286599999991,-0.2342914470000003,-0.03445858100000038,0.7700323074495952,0.11349105320058507,ns
b2803,0.5109255769999999,0.5020402069999998,-0.008885370000000004,0.7701262050516826,0.11343809863757087,ns
b3583,-0.5105883379999998,-0.5926511084999997,-0.08206277049999988,0.7701456331412652,0.11342714276356103,ns
b3504,-0.1298924685,-0.22123048800000006,-0.09133801950000006,0.7704561045901712,0.11325209942098723,ns
b1352,0.8104074590000001,0.5054475005,-0.30495995850000013,0.7708717585023328,0.11301786475991128,ns
b0062,0.07409837799999994,0.10335138999999974,0.0292530119999998,0.7711927124802103,0.11283708302714625,ns
b0495,0.41626660149999983,0.37287156349999945,-0.043395038000000385,0.7712134058680099,0.11282542977444335,ns
b1062,-0.05188885949999905,-0.0662280229999989,-0.014339163499999849,0.7726230702477129,0.11203232812015225,ns
b3115,0.2867043844999999,0.3728696774999998,0.08616529299999987,0.772815786470882,0.11192401507707646,ns
b1586,-1.2725609469999997,-1.2075161285,0.06504481849999966,0.7732671449439324,0.11167044200438815,ns
b1915,0.3716680744999996,0.3904662345000003,0.018798160000000674,0.774057989276139,0.11122650252220312,ns
b0296,0.6071415914999998,0.5770592799999998,-0.03008231149999996,0.774702961418271,0.11086478387430425,ns
b0844,0.16573767649999954,0.1389682614999996,-0.026769414999999935,0.7751631219233601,0.1106068968527477,ns
b0140,0.390911939,0.32613099250000005,-0.06478094649999994,0.7752681929141889,0.11054803355302173,ns
b4183,-0.1390353850000001,-0.060574754500000064,0.07846063050000003,0.775486317674329,0.11042586027585477,ns
b0547,0.49214192600000006,0.5956961625,0.10355423649999995,0.7762297585184116,0.11000971161842335,ns
b2807,0.4661550989999994,0.5145914304999999,0.048436331500000485,0.7769451632976365,0.10960963257316843,ns
b0231,-0.2916226919999998,-0.308817688,-0.017194996000000184,0.7775381477826104,0.10927829430747663,ns
b4195,-0.019424849000000202,0.07691411349999955,0.09633896249999975,0.7778661376453218,0.10909513396653944,ns
b3683,0.08628305949999995,0.10442343549999995,0.018140376,0.77797850240269,0.10903240354614381,ns
b2914,-0.196182524000001,-0.23238137400000086,-0.036198849999999866,0.7786423317082218,0.10866198910034228,ns
b1445,-0.45790396449999937,-0.5089317179999995,-0.051027753500000106,0.779142867875587,0.1083829004262187,ns
b2830,0.10586262150000175,0.12525785900000125,0.019395237499999496,0.7793304778399933,0.10827833916065799,ns
b0558,0.22668024900000006,0.397853728,0.17117347899999996,0.779582535638393,0.10813789859601695,ns
b1704,-0.4938805325000004,-0.527943550499999,-0.03406301799999856,0.7799467791492458,0.10793503104077588,ns
b4050,0.8422518554999998,0.7429128594999999,-0.09933899599999996,0.7825866800256075,0.1064675482582461,ns
b3906,0.1315179755000002,0.05892452700000006,-0.07259344850000013,0.7827189078261015,0.10639417497613295,ns
b2449,0.11785269099999995,0.16508810400000007,0.047235413000000115,0.7834061966506859,0.10601299755639941,ns
b2407,0.24788350750000004,0.368321878,0.12043837049999995,0.7839719264669456,0.1056994888446273,ns
b2247,0.23812486099999994,0.312657285,0.07453242400000007,0.7843322971396189,0.10549990129652208,ns
b3673,-0.37301617749999993,-0.28326700250000003,0.0897491749999999,0.7851032161593314,0.10507324355831463,ns
b3656,-0.01737229500000035,0.01203384699999985,0.029406142000000197,0.7872311532381658,0.10389772782402294,ns
b1026,-0.15508810000000034,-0.1287247745000006,0.02636332549999973,0.7875130285557406,0.10374225254399949,ns
b0461,0.5660353780000005,0.5150104755000005,-0.051024902500000024,0.7875211772877854,0.10373775873764474,ns
b0430,0.8471007154999999,0.8301141154999998,-0.016986600000000074,0.7875507556952954,0.10372144743287494,ns
b0921,-0.04597902900000055,-0.0382939835,0.007685045500000549,0.788687523186181,0.10309502953565046,ns
b0288,0.5911135334999984,0.5369669334999987,-0.05414659999999971,0.7895329240999753,0.10262975488076295,ns
b2869,0.27671293350000004,0.2669691090000001,-0.009743824499999942,0.7897918142236375,0.10248737180981558,ns
b0825,0.5768038689999999,0.6244292880000002,0.04762541900000028,0.7899303298690107,0.10241121084591197,ns
b2708,-0.6471058369999994,-0.6037763019999995,0.04332953499999981,0.7899654393943822,0.10239190846732438,ns
b0985,-0.1821054660000001,-0.2081622925,-0.026056826499999908,0.7910417020891071,0.10180062078830615,ns
b2207,-0.11251558900000001,0.09042047600000003,0.20293606500000005,0.7911746476175893,0.10172763771041025,ns
b4474,0.36148643550000026,0.2935656270000001,-0.06792080850000015,0.7912614881758113,0.10167997148941589,ns
b4472,-0.2983434065000003,-0.33158069400000034,-0.033237287500000046,0.7918732377837095,0.10134433424024972,ns
b3891,-0.9761154845000006,-0.9592681770000002,0.016847307500000408,0.7919512697207677,0.10130154056008703,ns
b4723,0.4033669124999997,0.5705233184999996,0.16715640599999992,0.7919994416420206,0.10127512458711616,ns
b3391,0.012452485500000152,0.12962712900000006,0.11717464349999991,0.7925828923552107,0.10095530600626292,ns
b3178,0.2920354939999994,0.3068692764999996,0.014833782500000225,0.7929882618280952,0.10073324125870872,ns
b3603,-0.0870135705000003,-0.0037398425000004093,0.0832737279999999,0.7930876465263395,0.10067881482695697,ns
b0443,-0.09237769699999986,-0.004820665000000002,0.08755703199999985,0.7935057234066496,0.1004499364139076,ns
b0824,0.3433584975,0.3221530905,-0.02120540700000001,0.7936231330806183,0.1003856815509061,ns
b0295,-0.7979766364999998,-0.5200589554999997,0.27791768100000014,0.7936959456783547,0.10034583813208087,ns
b3578,0.04686589199999995,0.030716088000000003,-0.016149803999999948,0.7945051174092023,0.09990330115588329,ns
b3453,-0.01344273349999935,0.0032810365000007,0.016723770000000047,0.7945545578606229,0.0998762767268126,ns
b4558,-0.5417470965000009,-0.4812597895000006,0.06048730700000027,0.794715046032343,0.09978856457595416,ns
b2890,-0.3641676354999994,-0.34726468949999933,0.016902946000000085,0.7953312519330156,0.0994519519425759,ns
b3625,0.7648329020000002,0.7272744220000003,-0.03755847999999995,0.7953662883936926,0.09943282053493345,ns
b1069,-0.392990160500001,-0.4258427255000003,-0.03285256499999928,0.7954581725870757,0.0993826518341326,ns
b3997,0.0022859950000002523,-0.01646851400000045,-0.018754509000000703,0.7962677088119176,0.09894089593913637,ns
b3143,-0.1088010945,-0.2495415555,-0.140740461,0.79634970900174,0.0988961743009224,ns
b4066,0.7191092549999999,0.7480625675,0.028953312500000106,0.7974666584041488,0.09828746547929951,ns
b1133,-0.11810864600000001,-0.13118511949999995,-0.013076473499999935,0.7983785385808122,0.09779114594563565,ns
b4705,-1.3217868484999995,-1.2239402884999997,0.0978465599999998,0.798558403444733,0.09769331576065628,ns
b3335,-0.5110517305000001,-0.56552364,-0.054471909499999915,0.7990130705445209,0.09744611628183865,ns
b4096,1.0965563569999999,1.0422942695000001,-0.05426208749999972,0.7997639471170016,0.09703817749813924,ns
b1949,0.12099458650000006,0.2678112160000001,0.14681662950000002,0.8003392995823149,0.09672585713741344,ns
b1604,1.0169018375000007,1.039135915000001,0.022234077500000282,0.8009723582764621,0.09638247125052125,ns
b2166,0.07874063499999985,0.1146587929999998,0.03591815799999995,0.802338702111379,0.09564225839202067,ns
b3679,0.0949979475,0.1274486034999999,0.0324506559999999,0.802722028904035,0.09543481862259097,ns
b3720,0.07311977749999996,0.11202045300000005,0.03890067550000009,0.803139802239732,0.09520885066575428,ns
b0909,-0.052886144500000155,-0.006004833500000046,0.046881311000000106,0.8033905079743576,0.09507330374538682,ns
b0212,0.14888087750000029,0.1108856674999998,-0.03799521000000049,0.803751395941251,0.09487825979206875,ns
b1048,-0.07107376649999961,-0.05421882349999935,0.01685494300000026,0.8040908580022634,0.09469487550577804,ns
b2220,-0.16403954099999996,-0.12261586499999995,0.041423676000000006,0.8042365048239974,0.09461621787348161,ns
b4410,-1.0740906620000001,-0.9647054225000002,0.1093852394999999,0.8047277188632302,0.09435103913282407,ns
b1271,0.11152581800000044,0.09881235750000035,-0.012713460500000093,0.8048058233702973,0.09430888983233725,ns
b1942,-0.836314349,-0.703155458,0.133158891,0.8048507409641164,0.09428465178855412,ns
b1502,-0.4210637555000002,-0.5244058715000002,-0.10334211599999998,0.8055529447886035,0.09390591039821582,ns
b3349,0.19209094999999896,0.2175413899999991,0.025450440000000157,0.8057488077921443,0.09380032840908252,ns
b2724,-0.4868080855,-0.35734565799999995,0.12946242750000003,0.8059216767292722,0.09370716293078399,ns
b2491,0.18882252500000013,0.2491628725000001,0.060340347499999974,0.8060477653436864,0.09363922170540669,ns
b0815,-0.40380384650000023,-0.36882875550000027,0.03497509099999996,0.8062446922150046,0.09353313145661055,ns
b1441,0.0903248460000003,0.13177225650000013,0.04144741049999982,0.8062977964335111,0.09350452710139656,ns
b0817,-0.1693063890000008,-0.12860469450000078,0.040701694500000024,0.8066207901265456,0.09333058852617222,ns
b0271,-0.19793139800000034,-0.13444757100000015,0.06348382700000019,0.8072831434446335,0.09297411575070845,ns
b0249,0.35682233049999995,0.2358850235,-0.12093730699999994,0.8074932694334542,0.09286108888551942,ns
b1822,-0.4815701280000009,-0.44449843500000025,0.03707169300000063,0.8076932970982412,0.09275352123570217,ns
b0544,0.7576832450000001,0.813187684,0.055504438999999905,0.8081566491814438,0.09250444952097743,ns
b2925,-0.12676379999999904,-0.1455446,-0.018780800000000958,0.8091152171870225,0.09198963088997554,ns
b1543,-0.23441627449999997,-0.27980562700000006,-0.04538935250000009,0.81005966840165,0.0914829901297865,ns
b3291,0.21677110899999968,0.1760983194999985,-0.040672789500001194,0.8102055772741392,0.09140477155597805,ns
b0685,0.3168752584999992,0.37647541699999953,0.05960015850000033,0.8105913325670124,0.09119804436245256,ns
b4498,-0.17656304050000043,-0.2132915960000003,-0.03672855549999987,0.8106279788632734,0.09117841064092107,ns
b1484,-0.4183528365,-0.3646058779999999,0.05374695850000011,0.8108125312241848,0.09107954784353378,ns
b0798,-0.4946090030000001,-0.5451181039999999,-0.050509100999999834,0.811227433021184,0.09085737136345898,ns
b3717,0.22646772150000016,0.2727315694999998,0.04626384799999966,0.8116969720902614,0.09060607409812041,ns
b3018,-0.1109090574999998,-0.0867512069999998,0.024157850499999994,0.8117469327923406,0.09057934369226332,ns
b2871,-0.2948458989999999,-0.365488824,-0.07064292500000008,0.8120127926093639,0.0904371287441789,ns
b1013,-0.1305081509999999,-0.0982519484999993,0.03225620250000061,0.8121939411791496,0.09034025459269046,ns
b1859,0.31823560149999963,0.26086226349999947,-0.05737333800000016,0.8122240781444895,0.0903241401226535,ns
b4105,-0.06135043599999998,-0.1689253964999999,-0.10757496049999993,0.8127424643906227,0.09004704851746122,ns
b2532,-0.03374151800000105,-0.02191577099999975,0.011825747000001302,0.8129231588438605,0.08995050393516425,ns
b1409,0.237631816,0.2071956735,-0.030436142499999985,0.8144794839046023,0.0891198507529411,ns
b4160,0.11694951249999885,0.1289403609999988,0.011990848499999957,0.8148597079008886,0.08891715608101237,ns
b1928,-0.41940212950000033,-0.3496493219999999,0.06975280750000046,0.8152168491653509,0.08872685277013369,ns
b1937,-0.6891167830000005,-0.5922246445000003,0.09689213850000011,0.8165290124618225,0.0880283795394061,ns
b2362,-0.34115234299999986,-0.22320968149999998,0.11794266149999988,0.8169452928467436,0.08780702524271224,ns
b2577,0.051836111500000046,0.020204745000000253,-0.03163136649999979,0.817145512617366,0.08770059989389606,ns
b3347,0.2622108265000013,0.27557626500000243,0.013365438500001103,0.8172606456271807,0.08763941359613536,ns
b2760,1.242292832,1.2923671445,0.05007431250000005,0.8176370765649855,0.08743942324838928,ns
b1862,-0.0837567980000001,-0.045092527000000104,0.038664271,0.8181206202963254,0.08718266103868101,ns
b4185,-0.13303529950000004,-0.04099082650000002,0.09204447300000002,0.8202191768306277,0.08607008106857576,ns
b4482,-0.808541008,-0.8911439624999997,-0.08260295449999977,0.8206295090141068,0.08585287029431682,ns
b3805,-0.1918582475000003,-0.1603804240000004,0.03147782349999989,0.8209450554825499,0.08568590853128687,ns
b3577,0.3344419675,0.36823322449999996,0.03379125699999996,0.8220423671637729,0.0851057988209242,ns
b2103,0.09014339749999985,0.057893677499999595,-0.03224972000000025,0.8224774851295044,0.08487598178874876,ns
b1269,0.22172575300000075,0.24316702049999955,0.021441267499998806,0.8226608923714469,0.08477914768100916,ns
b1877,0.38483054800000027,0.3417007795000002,-0.043129768500000054,0.8228890831985167,0.08465869917549565,ns
b4402,0.6693402690000001,0.7475684380000001,0.07822816899999996,0.824605040470538,0.0837540148634859,ns
b2482,-0.0804002239999998,-0.039394729499999795,0.0410054945,0.8247317520048076,0.0836872848657242,ns
b0012,-0.0646677255,0.027296567999999993,0.09196429349999999,0.8254165432362939,0.08332683111617917,ns
b4249,-0.10343161550000016,-0.03269579050000006,0.0707358250000001,0.8254778167046334,0.08329459316098972,ns
b4184,0.021890756999999955,-0.1569973345,-0.17888809149999996,0.8256396334959355,0.08320946761191597,ns
b3323,0.4237594039999999,0.39721918649999993,-0.026540217499999963,0.8267595289340716,0.08262079086283897,ns
b2823,-0.5718638839999997,-0.4944716739999997,0.07739220999999996,0.8268287582683183,0.08258442640851932,ns
b2446,0.2963021504999994,0.3348466809999999,0.03854453050000051,0.827054513336952,0.08246586401314168,ns
b1121,-0.7712927169999997,-0.8222777719999997,-0.05098505500000006,0.8277874942855359,0.0820811389449341,ns
b3554,-0.03174124450000004,-0.0099450505000007,0.021796193999999346,0.8284535962091227,0.08173181250078773,ns
b3809,0.8953333170000013,0.9058617529999999,0.010528435999998642,0.8289739322166672,0.08145912599068629,ns
b3608,-0.23265558650000034,-0.2480407980000003,-0.015385211499999968,0.8289908409975625,0.08145026767191205,ns
b2614,-0.1273456729999988,-0.1453751599999995,-0.018029487000000705,0.8292094774003976,0.08133574280686261,ns
b1387,0.24349709850000012,0.2668414545,0.0233443559999999,0.829489686588995,0.08118900938083086,ns
b3804,-0.1657043054999989,-0.1829983224999996,-0.01729401700000069,0.8296976565120774,0.08108013657530341,ns
b3710,-0.5064960069999997,-0.5689513729999998,-0.06245536600000001,0.8297144404722605,0.08107135131779503,ns
b2825,-0.4353514009999999,-0.456029394,-0.02067799300000006,0.829800064784038,0.08102653560086463,ns
b1840,-0.14975549750000056,-0.16991030450000055,-0.020154806999999997,0.830107435164567,0.08086569620265224,ns
b4386,0.8736395149999998,0.8577128189999996,-0.015926696000000184,0.8301188983980534,0.0808596989251156,ns
b3842,0.2931827334999992,0.26840418449999914,-0.02477854900000004,0.8303291505329153,0.08074971494515824,ns
b2689,0.022911556500000454,-0.005517634499999403,-0.028429190999999857,0.8305072100383285,0.08065659287391332,ns
b2017,-0.06413601299999926,-0.1198072234999992,-0.05567121049999994,0.8309791438891535,0.08040987610460106,ns
b4483,-0.8444664280000005,-0.8192142745000002,0.02525215350000032,0.8314042474055754,0.08018776113832947,ns
b2057,0.01350203550000005,-0.040761289000000006,-0.05426332450000006,0.8321063335076079,0.07982117238135186,ns
b4080,-0.323650518,-0.258508778,0.06514174,0.8331618892146413,0.07927060392151246,ns
b2985,0.3746618325,0.425466205,0.05080437249999997,0.8333660964774957,0.07916417176000361,ns
b4022,-0.2202102245000006,-0.2366179350000008,-0.0164077105000002,0.8335785005593261,0.07905349511083855,ns
b3126,0.7278902195000001,0.7769182790000002,0.04902805950000011,0.8336929245445632,0.07899388429436843,ns
b3077,0.6948047964999999,0.5738044079999999,-0.12100038850000006,0.8341369113404559,0.07876266044179049,ns
b3014,-0.6323818354999996,-0.9247445655,-0.29236273000000035,0.8347694345017125,0.07843346122405459,ns
b3086,-0.21691605700000008,-0.33198077099999995,-0.11506471399999987,0.8349945979152426,0.07831633422081716,ns
b0853,0.16679732150000026,0.1955950995000006,0.02879777800000033,0.8354042053908034,0.078103342844631,ns
b2200,-0.12913313050000005,-0.11053138000000025,0.018601750499999806,0.8354298500526093,0.07809001137694016,ns
b2725,0.005791658499999949,-0.10725569950000002,-0.11304735799999997,0.8355966264566299,0.07800332205964146,ns
b4345,0.6116208714999996,0.5677619814999995,-0.043858890000000095,0.8366628512358754,0.07744951374577609,ns
b1338,0.7364214354999999,0.7052728305,-0.03114860499999994,0.837378597320807,0.0770781434976393,ns
b3921,0.4041855124999998,0.42707835800000016,0.02289284550000037,0.8379657954877526,0.07677370826005417,ns
b0615,-0.009953360500000001,0.058635743500000045,0.06858910400000004,0.8380501914914527,0.07672997034941688,ns
b2140,-0.3822490604999995,-0.44169917400000025,-0.059450113500000734,0.8381490776054018,0.07667872859735725,ns
b3393,0.44622753550000005,0.4892253335000001,0.04299779800000003,0.8381776554558535,0.07666392097959125,ns
b1171,-0.48873154250000006,-0.5215673155,-0.03283577299999996,0.839179176826472,0.07614530115095963,ns
b0859,0.3103547624999998,0.28153525799999946,-0.02881950450000037,0.8392423812598147,0.07611259263799607,ns
b3946,-0.5432830250000001,-0.6697790725000001,-0.1264960475,0.8401311440969103,0.07565291547138782,ns
b1175,0.3067170674999993,0.29646872949999903,-0.010248338000000246,0.8401327467722416,0.07565208699074683,ns
b0449,-0.7919442835000006,-0.7328160255000002,0.05912825800000032,0.8402385003996421,0.07559742262183522,ns
b0475,-0.33290668650000077,-0.3414547570000006,-0.008548070499999838,0.8408589914208009,0.0752768274866831,ns
b3920,0.2166197765000008,0.23046721650000096,0.013847440000000155,0.8417774985455673,0.07480268750710348,ns
b2733,-0.3774231479999992,-0.39798485499999936,-0.02056170700000015,0.8434735579970392,0.07392852753362786,ns
b0168,-0.1754808074999996,-0.1924078484999993,-0.0169270409999997,0.8439817670284576,0.07366693555972696,ns
b4028,-0.23840259249999973,-0.19566803899999985,0.04273455349999988,0.8448940804574159,0.0731977326552132,ns
b2492,-0.19542282350000004,-0.13550666899999994,0.059916154500000096,0.8450790111518736,0.07310268453775282,ns
b0766,-0.4577288725000006,-0.48816441700000013,-0.030435544499999523,0.8451766657856412,0.07305250175274172,ns
b0518,0.1621197625,0.11477213800000008,-0.04734762449999991,0.8451978684626379,0.07304160688248056,ns
b2478,0.1595243055000006,0.1513889840000004,-0.008135321500000209,0.8454889632266569,0.07289205718634044,ns
b0907,-0.2844940899999999,-0.27054839999999913,0.013945690000000788,0.845838978640983,0.072712305215797,ns
b2604,-0.3430139099999996,-0.38244816999999953,-0.03943425999999994,0.8461271549585234,0.07256436681059152,ns
b2339,0.30288309337749264,0.15403458714832685,-0.1488485062291658,0.8473295355856674,0.07194765501373189,ns
b0988,-0.380180873,-0.4592785345,-0.07909766150000003,0.8474517469388817,0.07188502071753546,ns
b3411,-0.20316358450000016,-0.2414905450000002,-0.038326960500000035,0.8476050871599686,0.07180644540287476,ns
b3495,-0.17281890999999924,-0.18658730499999976,-0.013768395000000516,0.8477084903058427,0.07175346710279251,ns
b2270,0.5536696039999999,0.5907927180000001,0.037123114000000235,0.8481141267721526,0.07154570282301134,ns
b3370,-0.07042867549999995,-0.1363252485,-0.06589657300000004,0.8489456896341914,0.07112009237869878,ns
b3478,0.160436611,0.11337596550000004,-0.04706064549999997,0.8501265092953897,0.07051644110847226,ns
b0134,-0.03710415900000004,-0.0600362319999998,-0.02293207299999976,0.8501550803009224,0.07050184560838291,ns
b0317,1.0266609645000002,0.9500504620000001,-0.07661050250000012,0.851490016702938,0.06982043955838785,ns
b3066,-0.4387694890000011,-0.45458432300000107,-0.015814833999999944,0.8519226337607284,0.0695998433276812,ns
b2540,0.03977986150000021,0.12855386750000042,0.08877400600000021,0.8519927044070432,0.0695641240705404,ns
b1893,-0.23289985050000017,-0.3365987220000002,-0.10369887150000001,0.8525755629117323,0.06926711954800448,ns
b4044,-0.17709218749999994,-0.19924530800000004,-0.022153120500000095,0.8526188554179746,0.06924506728654889,ns
b2977,0.5022239945000004,0.5408130305000007,0.0385890360000003,0.852823873808366,0.06914065058050682,ns
b4267,0.1049014240000001,0.04289493800000015,-0.06200648599999995,0.8540021640755264,0.06854102879007135,ns
b1393,0.08275462400000001,0.14460700750000008,0.061852383500000066,0.8540696277518297,0.06850672214967972,ns
b2767,-0.8027090905,-0.8849434405000001,-0.08223435000000001,0.8550937555106068,0.067986265074614,ns
b1888,-0.33259988699999954,-0.3029688409999997,0.029631045999999828,0.8551137754457079,0.06797609724739367,ns
b2480,-0.567553117500001,-0.5443455605000009,0.0232075570000001,0.8570689991181965,0.06698421339764304,ns
b0431,0.25892251500000096,0.27047105000000027,0.011548534999999305,0.8579924599903499,0.0665165287002141,ns
b3861,0.3545096225000003,0.44190935750000027,0.08739973499999998,0.8580122034354202,0.06650653517347037,ns
b0391,-0.8510510705000018,-0.8823958170000008,-0.031344746499998966,0.8581155130030567,0.06645424678633371,ns
b0412,0.05185622200000009,0.0832063035000003,0.03135008150000021,0.8583040580541887,0.06635883412965357,ns
b0885,-0.2010371619999995,-0.1806149169999993,0.0204222450000002,0.8584807390937232,0.0662694442411537,ns
b2595,-0.27229631649999847,-0.261562335999999,0.010733980499999463,0.8596015289254916,0.06570282072443594,ns
b0076,0.33495823199999974,0.3738814289999999,0.03892319700000013,0.8598537346086823,0.06557541812243425,ns
b3649,0.245327005,0.26287109949999987,0.017544094499999885,0.8603168532410259,0.06534156937188168,ns
b0438,-0.29273448400000035,-0.3109572705000003,-0.018222786499999977,0.8603842087886097,0.0653075691108234,ns
b4710,-0.41833057549999997,-0.34445387800000005,0.07387669749999992,0.8605023807845138,0.06524792375577411,ns
b4543,-0.49841410500000016,-0.5507132024999999,-0.052299097499999725,0.8608529943418187,0.065071005569647,ns
b2722,-0.13403330200000005,-0.10616840350000001,0.02786489850000004,0.8618058564615567,0.06459055895930628,ns
b4161,0.21637015549999944,0.2313517364999997,0.014981581000000271,0.8628081751637121,0.06408574858146694,ns
b2122,-0.2452085600000001,-0.20407173600000011,0.04113682399999999,0.8634951780076507,0.06374008330846943,ns
b3559,-0.21155980199999908,-0.22597752799999954,-0.014417726000000464,0.8652803487339266,0.0628431593767616,ns
b3832,-0.36189784000000014,-0.40624555750000013,-0.044347717499999995,0.8654633695576042,0.06275130876565979,ns
b4423,1.120374228,0.9197243975,-0.20064983049999996,0.8658650868178359,0.06254977151038929,ns
b2804,-0.3863132809999996,-0.40512969050000036,-0.01881640950000074,0.8658934785102564,0.06253553123972096,ns
b4688,-1.6715764634999999,-1.5656797945000003,0.10589666899999961,0.8659108692559071,0.06252680888620307,ns
b2003,0.446616888,0.589075946,0.14245905800000003,0.866118921109928,0.06242247376092035,ns
b2456,0.8051657078214314,0.8492685243635161,0.0441028165420847,0.8673977147697396,0.06178172637010141,ns
b0188,0.17218465800000074,0.1909198895000008,0.01873523150000006,0.8677418046955777,0.0616094792898494,ns
b0164,-0.5199541765,-0.5893530475,-0.06939887099999997,0.8686670437419882,0.06114665482234152,ns
b3078,0.03504213950000007,-0.041886930999999954,-0.07692907050000003,0.869345369381085,0.06080765483048093,ns
b4327,-1.3663891475,-1.3333301555000001,0.033058991999999954,0.8694755236392127,0.06074263919093631,ns
b4000,-0.7911886400000006,-0.8021351950000009,-0.010946555000000302,0.8717904750776254,0.05958788026422323,ns
b0868,-1.0160100604999993,-1.026688748499999,-0.010678687999999603,0.8720892860960608,0.05943904892780001,ns
b3955,0.040109830000000395,0.0520790145000012,0.011969184500000805,0.8726045229798662,0.05918254026037578,ns
b0578,-0.2521227539999988,-0.27082429099999894,-0.018701537000000157,0.8727786537605936,0.05909588417424169,ns
b4384,-0.2488377865000011,-0.234148201,0.014689585500001101,0.8735329824874364,0.05872069246483069,ns
b1398,-0.1149292975,-0.15041157800000016,-0.03548228050000016,0.8762706591966525,0.05736172985913295,ns
b4176,0.17396545299999988,0.2622073859999996,0.08824193299999972,0.8764812484539792,0.05725737081956097,ns
b0028,-0.5184020200000004,-0.4959088820000006,0.022493137999999746,0.8766329040659032,0.057182232306215594,ns
b4241,-0.27590341449999967,-0.2455609734999999,0.030342440999999776,0.8770510279607207,0.05697513808542042,ns
b3715,0.05170541400000015,0.05983004499999996,0.008124630999999806,0.8772590240774771,0.05687215564388112,ns
b3912,0.004026816499999704,0.018980947500000202,0.014954131000000499,0.8774078913147043,0.05679846391441164,ns
b3477,-0.278692817,-0.257233026,0.021459791000000006,0.8775405990682215,0.056732781935158155,ns
b1555,-0.6291694605,-0.7741754135,-0.14500595299999997,0.8776252320049314,0.05669089914918073,ns
b1879,-0.2369966974999997,-0.21312297599999994,0.02387372149999975,0.8779476044232897,0.05653140184883598,ns
b2963,-0.4784932820000001,-0.46189787199999977,0.01659541000000031,0.8781365503539773,0.05643794599118914,ns
b2563,-0.2029855760000005,-0.21411376499999996,-0.011128188999999455,0.8786489238425583,0.05618461854928803,ns
b3223,0.27090893000000044,0.30757213300000025,0.03666320299999981,0.8791275302587476,0.05594811961313941,ns
b2783,0.6078941824999995,0.627228566499999,0.019334383999999538,0.8792482792531995,0.05588847295309713,ns
b3931,-0.055387423,-0.07273454200000004,-0.017347119000000043,0.8793999622859092,0.05581355734153642,ns
b3580,-0.0020378235000000494,-0.052638065499999956,-0.050600241999999906,0.8795979083692131,0.05571581203610961,ns
b3030,-0.15766279450000015,-0.1531446105,0.004518184000000147,0.8798982975152847,0.05556752260031125,ns
b4121,-0.5280644469999998,-0.5688999944999997,-0.04083554749999996,0.8801033880954421,0.055466307120367056,ns
b4137,-1.1597111280000005,-1.2092618540000006,-0.0495507260000001,0.8807827740081583,0.05513118770837362,ns
b1381,0.01272266000000055,0.02198013950000055,0.0092574795,0.881035429855969,0.05500662656916377,ns
b4553,-0.030530897500000202,0.027353044499999646,0.05788394199999985,0.8810665590255552,0.054991282137724265,ns
b0715,-0.8827639179999998,-0.9328204644999996,-0.0500565464999998,0.8813111552455464,0.05487073273624418,ns
b3242,-0.763529081,-0.7885659525000001,-0.025036871500000002,0.8813509622283064,0.05485111700525924,ns
b2513,-0.294096577499999,-0.30762523049999885,-0.013528652999999835,0.881451696270291,0.054801482137271734,ns
b0035,-0.6041452370000002,-0.6824076340000002,-0.07826239699999993,0.8818829218687774,0.054589067658834124,ns
b3074,0.19744870149999988,0.12491308600000003,-0.07253561549999984,0.8822806086381748,0.05439326588715691,ns
b1744,-0.2955270739999998,-0.2775296144999994,0.017997459500000368,0.883212549022937,0.05393476894832629,ns
b2748,0.2547016494999994,0.2728269224999988,0.018125272999999387,0.8841229771685634,0.0534873225535352,ns
b1649,-0.6579489714999995,-0.6122235239999996,0.04572544749999996,0.884266757648835,0.053416701164940204,ns
b2188,-0.5103751695000001,-0.5319396379999999,-0.021564468499999823,0.8843116162889899,0.05339467006903151,ns
b3076,-0.2888970510000002,-0.2703596845000001,0.018537366500000096,0.8844288836118922,0.053337082705230535,ns
b4517,0.5474782560000002,0.6074704290000006,0.05999217300000037,0.8851203628857216,0.0529976678527145,ns
b1446,-0.41503874400000074,-0.43622263299999986,-0.021183888999999123,0.8859114854142288,0.05260966786070673,ns
b1090,-0.0274487285000013,-0.02352759150000055,0.003921137000000751,0.886111059491102,0.05251184300973896,ns
b0493,-0.005019108999999602,0.004669022499999901,0.009688131499999503,0.8869412989722367,0.052105122418610435,ns
b2425,0.1822224374999992,0.19168960199999852,0.00946716449999932,0.8870788632495679,0.052037768723377516,ns
b0589,-0.8409977330000007,-0.8519238650000005,-0.01092613199999981,0.8876388106798242,0.05176371714801083,ns
b0043,0.03540977899999995,-0.046940389500000096,-0.08235016850000004,0.8898479241035067,0.05068420837306021,ns
b0138,0.9509326770000002,0.9804223815000002,0.02948970449999999,0.8901964251360945,0.05051415409616653,ns
b4465,0.6249481214999999,0.5929042619999998,-0.032043859500000105,0.8903461542721859,0.05044111283504769,ns
b0326,0.5943371814999999,0.6235410535,0.029203872000000075,0.8917162055889153,0.04977334064322236,ns
b3675,-0.7066542854999999,-0.755136639,-0.048482353500000186,0.8917947626413703,0.04973508251638651,ns
b1611,0.1340998364999999,0.1187885505000001,-0.015311285999999799,0.893036950941449,0.04913057105773632,ns
b2875,0.1135587925000003,0.09534781850000024,-0.01821097400000006,0.8939544926261973,0.04868458870336623,ns
b4342,0.7363119785000003,0.7450787380000006,0.008766759500000276,0.8941554038030538,0.04858699446041405,ns
b3348,-0.30467503850000005,-0.3241871205,-0.01951208199999993,0.894648134856689,0.04834773913869369,ns
b0345,-0.22246619449999944,-0.196175068,0.02629112649999943,0.8948966449787542,0.048227120111307635,ns
b4570,-0.41050352149999997,-0.33874830050000004,0.07175522099999992,0.8952839749468865,0.04803918905162775,ns
b1419,-0.7634388934999996,-0.7333173255000003,0.03012156799999932,0.8955920060436151,0.04788979154079724,ns
b3252,-0.1629215249999998,-0.15990346050000026,0.0030180644999995287,0.8959934375735694,0.04769517118165129,ns
b1438,-0.14074022349999946,-0.11966356199999945,0.02107666150000001,0.8965133133144383,0.047443256736415994,ns
b1821,0.2871768849999998,0.2551145015,-0.03206238349999985,0.896758841004277,0.047324332989944005,ns
b2757,0.28601738000000004,0.32725969950000006,0.04124231950000001,0.8968979714533266,0.04725695824357283,ns
b3833,-0.3849627614999997,-0.37438489149999965,0.010577870000000045,0.8969392270664256,0.04723698197690341,ns
b2460,0.15433007250000016,0.12418604750000009,-0.030144025000000074,0.8980038150979393,0.0467218182631373,ns
b1691,0.11615449600000005,0.1509151135,0.03476061749999995,0.899144567971305,0.046170475091562364,ns
b3090,0.4751506200000002,0.42210700700000015,-0.053043613000000045,0.899680873435429,0.045911512209202185,ns
b1315,-0.1841305165000001,-0.2050118454999999,-0.02088132899999981,0.899755969186718,0.04587526345665294,ns
b1921,0.14859386899999988,0.13123939700000006,-0.017354471999999815,0.9001363676682343,0.04569169140567645,ns
b3876,0.2237703889999999,0.2420090339999999,0.018238644999999998,0.9006545886607796,0.04544173399347314,ns
b3702,-0.2546674764999999,-0.2513364884999993,0.00333098800000059,0.9011997747806348,0.045178925482982336,ns
b1873,0.26910726800000007,0.3012550155,0.032147747499999935,0.9013948350882928,0.04508493472641283,ns
b4497,0.2659506989999999,0.2858664799999999,0.01991578100000002,0.9017793877101966,0.04489969573828331,ns
b1808,-0.3877074855000004,-0.40204392200000116,-0.014336436500000771,0.9020047232109152,0.044791188334924396,ns
b3472,-1.272575721499999,-1.2506547694999988,0.021920952000000327,0.9025509903049231,0.04452825293199642,ns
b3579,0.02602400099999995,-0.024638790999999993,-0.05066279199999994,0.9027799272942804,0.04441810573322516,ns
b0956,0.5685339845000006,0.5573567144999996,-0.011177270000001016,0.9028728452977687,0.04437340857236169,ns
b3901,0.04729817200000005,-0.0026319959999999976,-0.049930168000000046,0.9036125417409554,0.044017749895221996,ns
b2551,-0.27118508000000036,-0.28216449499999996,-0.010979414999999604,0.9036695530896274,0.043990349951169946,ns
b0955,-0.6840694759999995,-0.6753558609999999,0.008713614999999564,0.904629300718063,0.04352934967202999,ns
b4573,-0.5260191915000001,-0.4405506990000001,0.08546849249999999,0.9056861878770675,0.043022255393502254,ns
b3999,-0.0466062730000001,-0.0572179840000002,-0.0106117110000001,0.9059054706503712,0.04291711768386544,ns
b2271,-0.32036779800000004,-0.28818453400000005,0.03218326399999999,0.9063382474125445,0.04270969242267414,ns
b2007,-0.1176107800000005,-0.12529026500000023,-0.007679484999999736,0.9076928983333371,0.04206106240268314,ns
b2941,0.7225843034999999,0.611038977,-0.11154532649999993,0.9081476788972682,0.04184352271775881,ns
b0505,-0.0882747090000002,-0.008708717500000018,0.07956599150000018,0.9094410190208349,0.04122546146514117,ns
b4181,0.7518869035,0.793290148,0.04140324449999999,0.9095962627589638,0.041151332694215545,ns
b3445,0.2715506005,0.226239937,-0.045310663500000015,0.9100585062310104,0.04093068667174479,ns
b3009,-0.5984142530000001,-0.6069895960000005,-0.008575343000000402,0.910476871366227,0.04073108201140198,ns
b2357,-0.10586341005863024,-0.0851473395224869,0.02071607053614334,0.910515450256044,0.040712680397327033,ns
b3624,1.097092603,1.0795983110000011,-0.017494291999998968,0.9109158068048764,0.04052176169855337,ns
b2839,-0.5203693340000002,-0.514015361,0.006353973000000179,0.9113686613700714,0.04030590929323215,ns
b1561,-1.2645333335,-1.21675588,0.047777453499999956,0.9122519340353965,0.0398852072288552,ns
b1635,-0.1995813500000007,-0.17996000300000053,0.019621347000000178,0.9130316768277231,0.039514154740797586,ns
b2321,-0.4128436729999998,-0.39183959449999994,0.021004078499999856,0.9132584462257729,0.03940630254634008,ns
b1429,-0.10462376749999966,-0.09043595100000035,0.014187816499999312,0.9134319984385982,0.03932377869146463,ns
b1079,-0.5805430100000002,-0.6225467100000003,-0.04200370000000009,0.9145523805686546,0.03879141545770579,ns
b0147,-0.47039124500000007,-0.492313153,-0.021921907999999934,0.914552744009157,0.03879124287035414,ns
b3215,0.4656724555,0.5007658779999999,0.035093422499999916,0.9150180350423066,0.03857034588747029,ns
b2089,-0.360007452,-0.39369842350000006,-0.033690971500000055,0.9160094759827359,0.03810003359664057,ns
b3070,-0.21458119600000009,-0.23513635299999963,-0.020555156999999546,0.9161413168441128,0.03803753027114095,ns
b4277,-0.8561924434999999,-0.8282935714999999,0.027898871999999963,0.9162589291144925,0.03798178004930727,ns
b0648,0.09558766999999992,0.0604171084999999,-0.03517056150000002,0.9164558456492451,0.03788845427276499,ns
b1544,0.2047227915,0.24238783,0.0376650385,0.9166184694823282,0.03781139614922224,ns
b1642,0.7431022329999992,0.7467055869999983,0.003603353999999115,0.9167338006907537,0.0377567555781859,ns
b0421,-0.2351484790000002,-0.24071598500000085,-0.005567506000000666,0.9168451940233775,0.03770398718382896,ns
b2477,-0.31674921499999975,-0.32418817799999994,-0.007438963000000187,0.9170012702002279,0.03763006275902161,ns
b0686,-0.2232244169999999,-0.206682003,0.016542413999999894,0.9186753385786973,0.03683794190595351,ns
b0420,-0.4366281210000009,-0.42482904050000103,0.011799080499999892,0.9192455896183408,0.036568445124057915,ns
b3680,0.16740179400000005,0.17461842250000026,0.007216628500000211,0.9194645736314706,0.03646499918583689,ns
b1547,0.1266559149999999,0.08083682449999993,-0.045819090499999965,0.9194659506045106,0.03646434879498728,ns
b1925,-0.8060373670000003,-0.8565019974999999,-0.05046463049999961,0.9197522303682117,0.036329150346052545,ns
b2519,-0.2244557855000004,-0.21164058000000024,0.012815205500000149,0.9200030678976672,0.036210724427481265,ns
b4140,0.7107484415000003,0.6913485755000002,-0.0193998660000001,0.9203730766781754,0.036036094068063476,ns
b2436,-0.5550432965000001,-0.5754075835000001,-0.020364287000000036,0.9205853007881546,0.035935963873456975,ns
b4158,0.18937916950000042,0.12404478100000041,-0.0653343885,0.9206158543139475,0.03592155020918241,ns
b4171,0.2993691959999998,0.30656257950000043,0.00719338350000065,0.920767845326222,0.03584985536568781,ns
b2448,0.6149468844999999,0.5694733779999999,-0.04547350650000004,0.9208846569741163,0.035794762828841524,ns
b3836,0.24473488199999943,0.22837434149999947,-0.016360540499999965,0.9211020859223136,0.035692234194245366,ns
b0706,0.9558984694999999,0.9903466384999999,0.03444816900000003,0.9220073212190856,0.03526563040794774,ns
b4455,0.3437584819999999,0.384387902,0.04062942000000008,0.9229257821426651,0.03483322172800191,ns
b1916,-0.40467860149999924,-0.42227052099999973,-0.017591919500000497,0.9232910104513433,0.0346613928920827,ns
b2336,0.0179939434102216,0.04460732526030366,0.026613381850082055,0.9241678971724847,0.0342491216461319,ns
b2485,-0.5777957420000001,-0.565617718,0.01217802400000001,0.924442048999788,0.03412030850529502,ns
b0605,-0.20160898000000044,-0.1894379650000006,0.01217101499999984,0.9247267754438566,0.033986567201793036,ns
b3529,0.061168996000000156,0.08107480700000065,0.019905811000000495,0.9247536287492263,0.03397395583016965,ns
b3627,0.7092946885000004,0.7295725385000007,0.020277850000000264,0.9249251840759665,0.03389339532264649,ns
b0915,-0.34222115750000043,-0.3203504604999998,0.021870697000000605,0.926611042977323,0.033102528355249496,ns
b1881,0.3518666975,0.3314789864999998,-0.020387711000000197,0.9267420077833879,0.033041150634832074,ns
b4745,-0.16080129550000002,-0.24034727250000001,-0.07954597699999999,0.9271248758786093,0.032861766122512584,ns
b0549,0.20449345090087348,0.23013868299172885,0.02564523209085537,0.9280836703451363,0.032412868682909546,ns
b2351,0.9490496994999997,0.937932569,-0.011117130499999739,0.9282426615346666,0.03233847551693729,ns
b2964,-0.41160266450000055,-0.4043888285000008,0.0072138359999997514,0.9284512041390292,0.032240916189175545,ns
b1773,1.1322626654999999,1.148001021,0.015738355500000134,0.9285184446733311,0.032209464740263594,ns
b0591,-0.4554218954999998,-0.4330649565,0.022356938999999798,0.9300871345432322,0.03147636297439725,ns
b2895,-0.1822624134999997,-0.19214737749999905,-0.009884963999999358,0.930477728597312,0.03129401744245297,ns
b1439,-0.19940673799999997,-0.20304780799999994,-0.0036410699999999685,0.9306286611865027,0.03122357634233276,ns
b3630,0.3756985939999997,0.3831680820000001,0.007469488000000357,0.9311354063557218,0.03098715902179836,ns
b3101,-0.8694075480000001,-0.845072114,0.024335434000000045,0.9311515741582248,0.030979618199696062,ns
b2061,0.14189351349999998,0.1598727774999999,0.01797926399999991,0.9313234972790871,0.030899439663017392,ns
b1112,-0.0488063814999999,-0.06055953199999965,-0.011753150499999754,0.931460506453559,0.03083555428668677,ns
b1312,-0.0360505304999999,0.026872704500000066,0.06292323499999997,0.9318451585040022,0.03065624686710992,ns
b3800,-0.09485342150000009,-0.117620744,-0.02276732249999991,0.9321212667320806,0.030527583304165738,ns
b1504,0.021136258999999998,0.05043689,0.029300631,0.9329729472995827,0.030130948974664257,ns
b4604,0.6041313565,0.5463586395000001,-0.05777271699999997,0.9330011746999208,0.030117809452457886,ns
b3106,0.2700277094999998,0.2868970314999997,0.016869321999999853,0.9335133123840491,0.02987948440616186,ns
b1349,0.16969364599999986,0.19260777649999955,0.022914130499999685,0.9336103716516333,0.02983433227753989,ns
b3793,-0.22165097100000095,-0.2321236440000009,-0.01047267299999996,0.9340089103983623,0.02964898060247441,ns
b1976,-0.08977382399999939,-0.08244866649999945,0.007325157499999943,0.9341041555478289,0.029604695870858046,ns
b1350,0.6180233660000001,0.6068619405000002,-0.011161425499999877,0.9342051057250206,0.029557763485676476,ns
b0398,-0.5855562670000003,-0.5799028225000002,0.005653444500000049,0.9344584154113194,0.029440020512260755,ns
b1549,1.718912299,1.68791266,-0.030999639000000023,0.9353207351080909,0.029039437681511227,ns
b0334,0.037233480499999944,0.021956669499999998,-0.015276810999999946,0.9353736175040428,0.029014883662063007,ns
b0131,-1.0202093750000012,-1.0112121115,0.008997263500001296,0.9356378347207503,0.028892224786975684,ns
b2474,-0.2951834560000001,-0.28411004599999984,0.011073410000000283,0.9358997940322217,0.028770648300935227,ns
b2769,0.0947617174999999,0.10934687299999979,0.014585155499999891,0.9360303952646034,0.028710048397189367,ns
b0987,-0.8098375019999997,-0.7772548559999997,0.03258264600000005,0.9362631207997747,0.028602083043064917,ns
b1516,0.06923749200000004,0.09632176850000015,0.027084276500000115,0.9363659743122077,0.028554376091319337,ns
b1776,0.7825195915,0.7641343094999999,-0.018385282000000003,0.9365595825366785,0.028464588236665134,ns
b2226,-0.14338240200000002,-0.1163607555,0.027021646500000024,0.9365855804645525,0.02845253283717943,ns
b4307,0.16424396999999996,0.1436675940000003,-0.020576375999999674,0.9368208068830309,0.028343472105060837,ns
b2236,-0.2425864549999996,-0.23519026499999995,0.007396189999999636,0.93971575774421,0.027003490560869925,ns
b1451,-0.03090448400000015,-0.02558428900000065,0.0053201949999995,0.940592145713737,0.026598652091560773,ns
b3654,-0.4881530614999998,-0.47887580149999964,0.009277260000000176,0.9408150202212986,0.02649575765063778,ns
b2865,0.4743114770000001,0.4691979955000001,-0.005113481500000017,0.9410171092174022,0.026402480322840493,ns
b1812,0.2625425585000003,0.26913507700000044,0.006592518500000144,0.9412513458889809,0.026294389796034785,ns
b2101,-0.36782061599999993,-0.38223273250000034,-0.014412116500000405,0.9414952608440463,0.02618186172746471,ns
b2666,-0.11165880149999989,-0.14713125799999993,-0.03547245650000004,0.9423035120176555,0.02580919023910141,ns
b0052,-0.5203842865000015,-0.5174829465000013,0.0029013400000001965,0.9428082873632773,0.025576608646311262,ns
b1061,-1.2112656839999993,-1.2188019564999992,-0.007536272499999885,0.9431749373962335,0.025407748090164068,ns
b0061,-0.5999784705,-0.6453613035,-0.04538283300000001,0.9432835219735399,0.025357752096282684,ns
b4085,0.36067656449999985,0.3438902174999998,-0.016786347000000035,0.9441526362109631,0.02495778991213415,ns
b3483,2.8077270245000006,2.7940630705,-0.013663954000000533,0.9444404242946705,0.02482543235952773,ns
b2700,0.32563095949999926,0.3145501974999996,-0.011080761999999689,0.9451013150243086,0.02452163255161193,ns
b2365,-0.18891537300000005,-0.208964967,-0.02004959399999995,0.9453164474677962,0.024422785793670777,ns
b2125,0.17187313199999948,0.17638935699999964,0.004516225000000151,0.9459116415980592,0.024149429516378947,ns
b2827,-0.4469726134999985,-0.4429251104999996,0.004047502999998898,0.9462200154839935,0.024007869516884398,ns
b0580,-0.09711415800000005,-0.09022939299999995,0.006884765000000098,0.9466281497929707,0.02382058510151222,ns
b4012,0.0474405745000004,0.05441237650000055,0.006971802000000152,0.9478302620534353,0.023269429385289815,ns
b3666,0.499049447,0.49028302049999994,-0.008766426500000035,0.9481315420213082,0.023131405266475506,ns
b3610,-0.40903346249999917,-0.42558140799999933,-0.01654794550000016,0.9482348565278047,0.02308408432665006,ns
b3042,-0.519592843999999,-0.5029288439999986,0.016664000000000456,0.9486817530589315,0.022879452557325056,ns
b4027,-0.5888088149999999,-0.5609037845,0.027905030499999928,0.9488412629118504,0.0228064371066433,ns
b2289,-0.15466302049999964,-0.1601595904999997,-0.005496570000000062,0.9494851440030462,0.022511826006452004,ns
b2743,0.49783072100000014,0.49408050300000017,-0.003750217999999972,0.9496336239302687,0.022443916601009483,ns
b0197,-0.032133080000000355,-0.03692638999999965,-0.004793309999999294,0.9502207223405337,0.022175502752833212,ns
b3587,0.3492604119947912,0.37885483599458863,0.029594423999797448,0.951497193478894,0.02159248836322161,ns
b1548,-0.3694450840000003,-0.4037593170000004,-0.03431423300000008,0.9530058809820344,0.02090441933002079,ns
b4074,0.32996163249999994,0.345223178,0.015261545500000084,0.9540398749102977,0.020433473208268844,ns
b0644,-0.0545651315,-0.048399467,0.006165664500000001,0.9557556131917945,0.019653142672194958,ns
b3991,-0.42029521300000017,-0.4173853120000004,0.0029099009999997705,0.9564626983095097,0.019331962630137402,ns
b3167,0.2679475624999994,0.2619005790000002,-0.0060469834999992145,0.9571933829133004,0.01900031232998877,ns
b3677,-0.42954567849999936,-0.3982097879999995,0.03133589049999985,0.9579109808975748,0.018674848229681847,ns
b3690,-0.5614545120000003,-0.5465979415000005,0.014856570499999777,0.9587842007893044,0.01827913104906016,ns
b3288,-0.33901130450000044,-0.33541997999999973,0.0035913245000007143,0.958882875172746,0.018234437430643412,ns
b0890,-0.4266863629999995,-0.42405690849999894,0.002629454500000572,0.9591983792472387,0.01809156373382766,ns
b4190,-0.03805438599999975,-0.04236112450000015,-0.0043067385000004,0.9594648736358087,0.0179709203192165,ns
b1476,0.671630908,0.6808295535,0.009198645499999936,0.959752024177031,0.01784096325537337,ns
b0529,-0.47683463900000067,-0.4734336069999996,0.0034010320000010807,0.9607650234557208,0.017382815759886493,ns
b1034,-0.24233020899999946,-0.24489092999999862,-0.0025607209999991554,0.9610356817630386,0.017260487352151667,ns
b0555,0.5150418510000001,0.5215197969999998,0.006477945999999735,0.9611217693133194,0.017221585910387263,ns
b2683,-0.6031615644999997,-0.5972164374999993,0.005945127000000383,0.9614750312989182,0.01706198954292276,ns
b1383,0.9213738655000001,0.9328215594999998,0.011447693999999675,0.9615083213888675,0.017046952800822728,ns
b1728,-0.1961796910000002,-0.18874212849999988,0.007437562500000328,0.9623532889874467,0.016665465081470588,ns
b2841,0.1804884055000002,0.17525862650000001,-0.005229779000000184,0.962895838347029,0.01642069031864245,ns
b1148,0.6870879085000001,0.7073159690000002,0.020228060500000034,0.9631353082454778,0.01631269574524404,ns
b0176,0.26942168099999986,0.26634421899999955,-0.0030774620000003083,0.9634291936498285,0.01618019791266605,ns
b1908,0.21099360750000026,0.20569187000000028,-0.005301737499999987,0.9647222924938597,0.015597685821943971,ns
b4182,-0.2620799629999998,-0.27309558549999974,-0.011015622499999933,0.9657585564198776,0.015131435407344872,ns
b4262,-0.04418740750000085,-0.038923607500000595,0.005263800000000256,0.9660177823629708,0.015014879059627935,ns
b0533,-0.571032644,-0.588004307,-0.01697166299999997,0.9667226416513224,0.01469810965881526,ns
b1591,-0.0105186920000002,-0.0131734020000005,-0.0026547100000002995,0.966914667342216,0.014611851809088198,ns
b2667,-1.205109539,-1.1741951130000001,0.03091442599999983,0.967111951492977,0.014523249700404434,ns
b0148,-0.1715819839999999,-0.16716401449999996,0.004417969499999952,0.9671328485555759,0.014513865697950545,ns
b3233,0.14123493049999958,0.13228242649999974,-0.008952503999999833,0.9673578627515838,0.014412834017058382,ns
b1677,0.27832404499999974,0.26687347000000106,-0.011450574999998686,0.9688168308049704,0.013758325003080385,ns
b3883,0.2437475934999997,0.2536097174999998,0.009862124000000083,0.968817681728862,0.013757943556994202,ns
b4207,0.024957809999998304,0.019648762499998352,-0.005309047499999952,0.9689664138759639,0.013691276118613049,ns
b0842,-0.1109233115000001,-0.1073644734999996,0.0035588380000004943,0.9691793223445202,0.013595860204640856,ns
b3893,0.7090719044999996,0.6888142115000004,-0.020257692999999133,0.9694802597228771,0.013461029474091231,ns
b1515,0.5163568230000002,0.5005254520000001,-0.015831371000000094,0.9697701981657485,0.013331166241359549,ns
b0462,0.209952852499998,0.21180765949999847,0.001854807000000458,0.9699397578947804,0.013255238544407702,ns
b2429,-0.051249975999999954,-0.06285796750000004,-0.011607991500000088,0.9709697835916333,0.012794285049363186,ns
b3775,-1.380442747,-1.3760293475000012,0.00441339949999886,0.9720523035341853,0.012310366220691087,ns
b2987,-0.4817082745,-0.48941088149999995,-0.0077026069999999724,0.9722848433299887,0.012206484287678883,ns
b3586,0.3339187294999999,0.32522334499999983,-0.00869538450000007,0.9724331045712657,0.012140264876107138,ns
b2737,-0.3919736925000002,-0.3798058670000003,0.012167825499999896,0.9730500175290115,0.011864835190493165,ns
b1736,-0.5943696135000001,-0.6075143700000003,-0.013144756500000243,0.9733182625958077,0.011745127780303111,ns
b3092,-0.6098684440000002,-0.6169021270000001,-0.007033682999999957,0.9738884445466649,0.011490787158829997,ns
b0600,-0.17088829899999955,-0.17356671499999976,-0.002678416000000211,0.9740768195009406,0.011406791612363482,ns
b0403,-0.0093248769999996,-0.006596201999999902,0.002728674999999698,0.9741477540960887,0.011375166404797622,ns
b0540,0.04364441,0.029832688999999996,-0.013811721000000006,0.9748714550558597,0.011052645881299962,ns
b0055,-0.04269235449999975,-0.048457968999999795,-0.005765614500000044,0.9749101736416315,0.011035397520865655,ns
b3091,-0.1220902850000003,-0.12906780450000016,-0.006977519499999862,0.9751581711535504,0.010924935801080048,ns
b1178,0.24525632999999963,0.23984606149999974,-0.0054102684999998985,0.9751924915904439,0.010909651189296545,ns
b3903,-0.18307105499999993,-0.1901854764999999,-0.007114421499999968,0.9770304217811028,0.010091913450142622,ns
b3434,0.029738375500000053,0.023582824000000405,-0.006155551499999648,0.9776777149375534,0.009804283955984344,ns
b1370,-1.1725697325,-1.1672110289999997,0.005358703500000228,0.9782653317293785,0.00954333695318083,ns
b3932,0.37862250899999994,0.37736360699999993,-0.0012589020000000062,0.9792228867564703,0.009118444589969387,ns
b0218,0.727345096,0.7380395774999999,0.010694481499999964,0.9793357827044535,0.009068377070362062,ns
b2894,0.17859696749999981,0.1800132175000004,0.0014162500000005906,0.9799640483088515,0.008789856866162118,ns
b2455,-0.0119565395000001,-0.020749036500000095,-0.008792496999999995,0.980722121318012,0.00845402857679752,ns
b2209,-0.03781996049999895,-0.0405678024999995,-0.0027478420000005485,0.9828401996339717,0.007517088534890527,ns
b4471,0.505099097,0.5078238240000001,0.002724727000000149,0.982926165365245,0.007479103916358731,ns
b1643,-0.029927320000000302,-0.0358928575000006,-0.0059655375000002946,0.9836178940797786,0.007173579130740127,ns
b3375,-0.7191096679999998,-0.7216286044999998,-0.002518936500000013,0.9845950170786475,0.0067423664717774345,ns
b2726,0.44213421099999994,0.4336912660000001,-0.008442944999999868,0.9853937672452158,0.006390189026372975,ns
b1889,0.004592265500000109,0.011370053000000102,0.006777787499999993,0.9861856857453797,0.006041305441983287,ns
b1376,0.08577809300000006,0.0837040454999997,-0.002074047500000356,0.9864310888848571,0.0059332487416274195,ns
b1049,-0.0072710039999997,-0.008155648000000699,-0.0008846440000009987,0.9870051158168673,0.005680596301712818,ns
b2311,-0.6167528044999999,-0.6147222874999998,0.0020305170000001205,0.9874975786997121,0.0054639605710143065,ns
b3343,0.44746324949999927,0.4496105250000002,0.0021472755000009336,0.987753235264325,0.005351539165986859,ns
b1347,1.0379144535,1.0512723345000001,0.013357881000000127,0.9878626278726537,0.00530344418244967,ns
b3327,-0.577307614,-0.571072626,0.006234987999999997,0.9882555584046306,0.005130734305841167,ns
b0246,-0.11589984500000003,-0.11997892250000003,-0.0040790775,0.989083860794747,0.004766884604648743,ns
b0579,0.33523697700000005,0.33668741199999985,0.0014504349999998056,0.9893262229949127,0.00466047939822277,ns
b1486,-0.6261647925,-0.6281797195,-0.002014926999999944,0.9899722322472488,0.004376986767015775,ns
b0765,0.9559260830000005,0.9525115099999999,-0.003414573000000587,0.9904907938723596,0.00414955666154153,ns
b2634,-0.0599371575,-0.057422761499999954,0.0025143960000000437,0.9904985953141037,0.00414613602423893,ns
b0634,-0.6735885539999997,-0.6745521024999999,-0.0009635485000001331,0.9907076515319813,0.004054482808110316,ns
b1253,0.16616372799999896,0.16427420399999978,-0.0018895239999991709,0.9912616233504878,0.003811707187699403,ns
b0569,-0.1836673454999999,-0.18213204999999985,0.0015352955000000612,0.9917654098085904,0.0035910428398513656,ns
b3118,0.3139834775,0.3182167055000003,0.004233228000000311,0.992057921143674,0.003462970891447979,ns
b1711,-0.3013735195000002,-0.30002981450000016,0.0013437050000000283,0.9922032210790146,0.0033993674081066326,ns
b3783,-0.42172227199999845,-0.42098117699999804,0.0007410950000004135,0.9924701194098134,0.003282559799893051,ns
b0880,-0.7981645105000004,-0.7966303190000001,0.001534191500000226,0.9927015504057386,0.0031812998368830592,ns
b3332,-0.48987924250000014,-0.4923396280000001,-0.0024603854999999397,0.9934088231019507,0.0028719870753697056,ns
b0328,-0.5486461064999999,-0.5463141045,0.002332001999999944,0.9936789668864855,0.002753902754930686,ns
b3025,0.17639089700000093,0.17787558500000109,0.0014846880000001506,0.9937337142809114,0.002729975674733333,ns
b2329,-0.044946817500000444,-0.0444546170000009,0.0004922004999995469,0.9947565697053884,0.0022831839459609396,ns
b3628,1.1360497095,1.1364377344999999,0.00038802499999990303,0.9952086085558931,0.00208587598911682,ns
b4546,-1.1200165630000003,-1.1189838280000004,0.0010327349999998958,0.995762905501415,0.001844056245041238,ns
b4593,1.2327048409999999,1.2341647679999999,0.001459926999999972,0.996140460743705,0.0016794195833612553,ns
b3685,-0.23879735149999964,-0.23836039049999952,0.0004369610000001245,0.9963768872039269,0.0015763552786635282,ns
b2037,1.2397827575000009,1.2405945140000014,0.0008117565000005378,0.9967697770180142,0.001405138695832963,ns
b0084,-0.4379919139999995,-0.4377002999999995,0.0002916139999999956,0.9978320661288864,0.0009425437732000036,ns
b2272,0.9106556925,0.9110665484999998,0.00041085599999979294,0.9979363290513465,0.0008971669528814859,ns
b4521,1.3331217025,1.3342558190000005,0.0011341165000005038,0.9983153330547034,0.0007322585373952336,ns
b3079,-0.2052327364999999,-0.2048851819999999,0.00034755450000001353,0.9986343622623987,0.0005934942751089518,ns
b0587,0.056345472499999896,0.056437553499999904,9.208100000000774e-05,0.9998321056286907,7.292172074676896e-05,ns
b1373,-0.260136065,-0.260136065,0.0,1.0,-0.0,ns
b4590,0.0,0.0,0.0,1.0,-0.0,ns
b1545,0.0,0.0,0.0,1.0,-0.0,ns
b2856,0.0,0.0,0.0,1.0,-0.0,ns
b4644,-0.5782800324808587,-0.5782800324808587,0.0,1.0,-0.0,ns
b4711,0.0,0.0,0.0,1.0,-0.0,ns
b4671,0.0,0.0,0.0,1.0,-0.0,ns
b2643,0.0,0.0,0.0,1.0,-0.0,ns
